************************************
* STARTING TRIAL 1
************************************
*****************************************
====================== 1 =======================
Incremental class: Old valid output dimension: 0
Incremental class: New Valid output dimension: 200
Optimizer is reset!
*****************************************
LR: 0.001
Epoch:1/50
 * Loss 6.606 | Train Acc 41.385
LR: 0.001
Epoch:2/50
 * Loss 2.333 | Train Acc 79.157
LR: 0.000999496439640115
Epoch:3/50
 * Loss 1.362 | Train Acc 90.453
LR: 0.0009979862657065323
Epoch:4/50
 * Loss 0.903 | Train Acc 96.072
LR: 0.0009954709991267107
Epoch:5/50
 * Loss 0.672 | Train Acc 98.524
LR: 0.0009919531730777384
Epoch:6/50
 * Loss 0.539 | Train Acc 99.498
LR: 0.000987436330435118
Epoch:7/50
 * Loss 0.464 | Train Acc 99.756
LR: 0.0009819250202046628
Epoch:8/50
 * Loss 0.412 | Train Acc 99.842
LR: 0.0009754247929410992
Epoch:9/50
 * Loss 0.375 | Train Acc 99.914
LR: 0.0009679421951579872
Epoch:10/50
 * Loss 0.344 | Train Acc 99.971
LR: 0.000959484762734592
Epoch:11/50
 * Loss 0.318 | Train Acc 99.943
LR: 0.0009500610133263432
Epoch:12/50
 * Loss 0.297 | Train Acc 100.000
LR: 0.0009396804377865279
Epoch:13/50
 * Loss 0.280 | Train Acc 99.986
LR: 0.0009283534906078554
Epoch:14/50
 * Loss 0.264 | Train Acc 99.986
LR: 0.0009160915793935209
Epoch:15/50
 * Loss 0.251 | Train Acc 100.000
LR: 0.0009029070533683724
Epoch:16/50
 * Loss 0.238 | Train Acc 100.000
LR: 0.0008888131909417503
Epoch:17/50
 * Loss 0.227 | Train Acc 100.000
LR: 0.0008738241863345259
Epoch:18/50
 * Loss 0.217 | Train Acc 100.000
LR: 0.0008579551352838078
Epoch:19/50
 * Loss 0.208 | Train Acc 100.000
LR: 0.0008412220198397124
Epoch:20/50
 * Loss 0.200 | Train Acc 100.000
LR: 0.0008236416922695099
Epoch:21/50
 * Loss 0.192 | Train Acc 100.000
LR: 0.0008052318580853562
Epoch:22/50
 * Loss 0.186 | Train Acc 100.000
LR: 0.000786011058212706
Epoch:23/50
 * Loss 0.179 | Train Acc 100.000
LR: 0.0007659986503173616
Epoch:24/50
 * Loss 0.173 | Train Acc 100.000
LR: 0.0007452147893099667
Epoch:25/50
 * Loss 0.168 | Train Acc 100.000
LR: 0.0007236804070475787
Epoch:26/50
 * Loss 0.163 | Train Acc 100.000
LR: 0.0007014171912527616
Epoch:27/50
 * Loss 0.158 | Train Acc 100.000
LR: 0.0006784475636714309
Epoch:28/50
 * Loss 0.153 | Train Acc 100.000
LR: 0.0006547946574914495
Epoch:29/50
 * Loss 0.149 | Train Acc 100.000
LR: 0.0006304822940447137
Epoch:30/50
 * Loss 0.145 | Train Acc 100.000
LR: 0.0006055349588161974
Epoch:31/50
 * Loss 0.142 | Train Acc 100.000
LR: 0.0005799777767841123
Epoch:32/50
 * Loss 0.138 | Train Acc 100.000
LR: 0.0005538364871160218
Epoch:33/50
 * Loss 0.135 | Train Acc 100.000
LR: 0.0005271374172463922
Epoch:34/50
 * Loss 0.132 | Train Acc 100.000
LR: 0.0004999074563616878
Epoch:35/50
 * Loss 0.129 | Train Acc 100.000
LR: 0.0004721740283197138
Epoch:36/50
 * Loss 0.126 | Train Acc 100.000
LR: 0.00044396506403048214
Epoch:37/50
 * Loss 0.124 | Train Acc 100.000
LR: 0.0004153089733264112
Epoch:38/50
 * Loss 0.122 | Train Acc 100.000
LR: 0.00038623461635019685
Epoch:39/50
 * Loss 0.120 | Train Acc 100.000
LR: 0.000356771274489164
Epoch:40/50
 * Loss 0.117 | Train Acc 100.000
LR: 0.0003269486208853742
Epoch:41/50
 * Loss 0.116 | Train Acc 100.000
LR: 0.00029679669055119055
Epoch:42/50
 * Loss 0.114 | Train Acc 100.000
LR: 0.00026634585012039387
Epoch:43/50
 * Loss 0.112 | Train Acc 100.000
LR: 0.000235626767265316
Epoch:44/50
 * Loss 0.111 | Train Acc 100.000
LR: 0.0002046703798107928
Epoch:45/50
 * Loss 0.109 | Train Acc 100.000
LR: 0.00017350786457603917
Epoch:46/50
 * Loss 0.108 | Train Acc 100.000
LR: 0.0001421706059758278
Epoch:47/50
 * Loss 0.107 | Train Acc 100.000
LR: 0.00011069016441259591
Epoch:48/50
 * Loss 0.107 | Train Acc 100.000
LR: 7.909824449130957e-05
Epoch:49/50
 * Loss 0.106 | Train Acc 100.000
LR: 4.742666308909818e-05
Epoch:50/50
 * Loss 0.105 | Train Acc 100.000
=> Saving class model to: /shared/results/common/helm/IntervalActivationPromptCL/ImageNet_CR/30-task_dil_h100/coda-p/var0.1_out0.0001_drift0.1/models/repeat-1/task-1/
=> Save Done
validation split name: 1
 * Val Acc 78.133, Total time 12.30
Volume of the cumulative hypercube for 1-th layer in classification head: 2.985253095626831
====================== 2 =======================
Optimizer is reset!
*****************************************
LR: 0.001
Epoch:1/50
 * Loss 7.733 | Train Acc 59.467
LR: 0.001
Epoch:2/50
 * Loss 3.877 | Train Acc 72.426
LR: 0.000999496439640115
Epoch:3/50
 * Loss 2.349 | Train Acc 84.007
LR: 0.0009979862657065323
Epoch:4/50
 * Loss 1.371 | Train Acc 92.004
LR: 0.0009954709991267107
Epoch:5/50
 * Loss 0.979 | Train Acc 95.772
LR: 0.0009919531730777384
Epoch:6/50
 * Loss 0.796 | Train Acc 97.426
LR: 0.000987436330435118
Epoch:7/50
 * Loss 0.687 | Train Acc 99.173
LR: 0.0009819250202046628
Epoch:8/50
 * Loss 0.647 | Train Acc 99.357
LR: 0.0009754247929410992
Epoch:9/50
 * Loss 0.599 | Train Acc 99.724
LR: 0.0009679421951579872
Epoch:10/50
 * Loss 0.577 | Train Acc 99.908
LR: 0.000959484762734592
Epoch:11/50
 * Loss 0.559 | Train Acc 99.816
LR: 0.0009500610133263432
Epoch:12/50
 * Loss 0.544 | Train Acc 99.908
LR: 0.0009396804377865279
Epoch:13/50
 * Loss 0.530 | Train Acc 99.908
LR: 0.0009283534906078554
Epoch:14/50
 * Loss 0.515 | Train Acc 99.908
LR: 0.0009160915793935209
Epoch:15/50
 * Loss 0.498 | Train Acc 99.908
LR: 0.0009029070533683724
Epoch:16/50
 * Loss 0.491 | Train Acc 99.908
LR: 0.0008888131909417503
Epoch:17/50
 * Loss 0.480 | Train Acc 99.908
LR: 0.0008738241863345259
Epoch:18/50
 * Loss 0.469 | Train Acc 100.000
LR: 0.0008579551352838078
Epoch:19/50
 * Loss 0.460 | Train Acc 99.816
LR: 0.0008412220198397124
Epoch:20/50
 * Loss 0.454 | Train Acc 99.816
LR: 0.0008236416922695099
Epoch:21/50
 * Loss 0.445 | Train Acc 99.908
LR: 0.0008052318580853562
Epoch:22/50
 * Loss 0.436 | Train Acc 99.816
LR: 0.000786011058212706
Epoch:23/50
 * Loss 0.431 | Train Acc 99.908
LR: 0.0007659986503173616
Epoch:24/50
 * Loss 0.432 | Train Acc 99.816
LR: 0.0007452147893099667
Epoch:25/50
 * Loss 0.420 | Train Acc 99.816
LR: 0.0007236804070475787
Epoch:26/50
 * Loss 0.417 | Train Acc 99.908
LR: 0.0007014171912527616
Epoch:27/50
 * Loss 0.417 | Train Acc 99.908
LR: 0.0006784475636714309
Epoch:28/50
 * Loss 0.413 | Train Acc 99.816
LR: 0.0006547946574914495
Epoch:29/50
 * Loss 0.411 | Train Acc 100.000
LR: 0.0006304822940447137
Epoch:30/50
 * Loss 0.404 | Train Acc 99.816
LR: 0.0006055349588161974
Epoch:31/50
 * Loss 0.402 | Train Acc 99.908
LR: 0.0005799777767841123
Epoch:32/50
 * Loss 0.399 | Train Acc 100.000
LR: 0.0005538364871160218
Epoch:33/50
 * Loss 0.398 | Train Acc 100.000
LR: 0.0005271374172463922
Epoch:34/50
 * Loss 0.394 | Train Acc 99.816
LR: 0.0004999074563616878
Epoch:35/50
 * Loss 0.397 | Train Acc 99.816
LR: 0.0004721740283197138
Epoch:36/50
 * Loss 0.393 | Train Acc 99.908
LR: 0.00044396506403048214
Epoch:37/50
 * Loss 0.390 | Train Acc 99.816
LR: 0.0004153089733264112
Epoch:38/50
 * Loss 0.389 | Train Acc 99.908
LR: 0.00038623461635019685
Epoch:39/50
 * Loss 0.389 | Train Acc 100.000
LR: 0.000356771274489164
Epoch:40/50
 * Loss 0.389 | Train Acc 99.908
LR: 0.0003269486208853742
Epoch:41/50
 * Loss 0.385 | Train Acc 100.000
LR: 0.00029679669055119055
Epoch:42/50
 * Loss 0.386 | Train Acc 99.908
LR: 0.00026634585012039387
Epoch:43/50
 * Loss 0.385 | Train Acc 99.816
LR: 0.000235626767265316
Epoch:44/50
 * Loss 0.385 | Train Acc 99.816
LR: 0.0002046703798107928
Epoch:45/50
 * Loss 0.385 | Train Acc 100.000
LR: 0.00017350786457603917
Epoch:46/50
 * Loss 0.383 | Train Acc 99.816
LR: 0.0001421706059758278
Epoch:47/50
 * Loss 0.384 | Train Acc 99.816
LR: 0.00011069016441259591
Epoch:48/50
 * Loss 0.384 | Train Acc 99.908
LR: 7.909824449130957e-05
Epoch:49/50
 * Loss 0.383 | Train Acc 99.816
LR: 4.742666308909818e-05
Epoch:50/50
 * Loss 0.382 | Train Acc 99.908
=> Saving class model to: /shared/results/common/helm/IntervalActivationPromptCL/ImageNet_CR/30-task_dil_h100/coda-p/var0.1_out0.0001_drift0.1/models/repeat-1/task-2/
=> Save Done
validation split name: 1
 * Val Acc 75.167, Total time 6.24
validation split name: 2
 * Val Acc 69.565, Total time 4.58
Volume of the cumulative hypercube for 1-th layer in classification head: 3.4618117809295654
====================== 3 =======================
Optimizer is reset!
*****************************************
LR: 0.001
Epoch:1/50
 * Loss 2.021 | Train Acc 78.727
LR: 0.001
Epoch:2/50
 * Loss 0.859 | Train Acc 91.585
LR: 0.000999496439640115
Epoch:3/50
 * Loss 0.530 | Train Acc 96.101
LR: 0.0009979862657065323
Epoch:4/50
 * Loss 0.392 | Train Acc 98.610
LR: 0.0009954709991267107
Epoch:5/50
 * Loss 0.338 | Train Acc 99.326
LR: 0.0009919531730777384
Epoch:6/50
 * Loss 0.306 | Train Acc 99.728
LR: 0.000987436330435118
Epoch:7/50
 * Loss 0.292 | Train Acc 99.842
LR: 0.0009819250202046628
Epoch:8/50
 * Loss 0.281 | Train Acc 99.928
LR: 0.0009754247929410992
Epoch:9/50
 * Loss 0.273 | Train Acc 100.000
LR: 0.0009679421951579872
Epoch:10/50
 * Loss 0.268 | Train Acc 99.943
LR: 0.000959484762734592
Epoch:11/50
 * Loss 0.263 | Train Acc 99.943
LR: 0.0009500610133263432
Epoch:12/50
 * Loss 0.259 | Train Acc 99.986
LR: 0.0009396804377865279
Epoch:13/50
 * Loss 0.255 | Train Acc 99.957
LR: 0.0009283534906078554
Epoch:14/50
 * Loss 0.252 | Train Acc 100.000
LR: 0.0009160915793935209
Epoch:15/50
 * Loss 0.250 | Train Acc 99.986
LR: 0.0009029070533683724
Epoch:16/50
 * Loss 0.245 | Train Acc 99.986
LR: 0.0008888131909417503
Epoch:17/50
 * Loss 0.244 | Train Acc 99.986
LR: 0.0008738241863345259
Epoch:18/50
 * Loss 0.242 | Train Acc 99.986
LR: 0.0008579551352838078
Epoch:19/50
 * Loss 0.239 | Train Acc 99.986
LR: 0.0008412220198397124
Epoch:20/50
 * Loss 0.235 | Train Acc 100.000
LR: 0.0008236416922695099
Epoch:21/50
 * Loss 0.235 | Train Acc 99.986
LR: 0.0008052318580853562
Epoch:22/50
 * Loss 0.232 | Train Acc 99.986
LR: 0.000786011058212706
Epoch:23/50
 * Loss 0.229 | Train Acc 99.986
LR: 0.0007659986503173616
Epoch:24/50
 * Loss 0.228 | Train Acc 99.986
LR: 0.0007452147893099667
Epoch:25/50
 * Loss 0.226 | Train Acc 100.000
LR: 0.0007236804070475787
Epoch:26/50
 * Loss 0.225 | Train Acc 100.000
LR: 0.0007014171912527616
Epoch:27/50
 * Loss 0.223 | Train Acc 100.000
LR: 0.0006784475636714309
Epoch:28/50
 * Loss 0.223 | Train Acc 99.971
LR: 0.0006547946574914495
Epoch:29/50
 * Loss 0.221 | Train Acc 100.000
LR: 0.0006304822940447137
Epoch:30/50
 * Loss 0.219 | Train Acc 100.000
LR: 0.0006055349588161974
Epoch:31/50
 * Loss 0.218 | Train Acc 100.000
LR: 0.0005799777767841123
Epoch:32/50
 * Loss 0.216 | Train Acc 100.000
LR: 0.0005538364871160218
Epoch:33/50
 * Loss 0.214 | Train Acc 100.000
LR: 0.0005271374172463922
Epoch:34/50
 * Loss 0.214 | Train Acc 99.986
LR: 0.0004999074563616878
Epoch:35/50
 * Loss 0.212 | Train Acc 100.000
LR: 0.0004721740283197138
Epoch:36/50
 * Loss 0.210 | Train Acc 100.000
LR: 0.00044396506403048214
Epoch:37/50
 * Loss 0.209 | Train Acc 100.000
LR: 0.0004153089733264112
Epoch:38/50
 * Loss 0.207 | Train Acc 100.000
LR: 0.00038623461635019685
Epoch:39/50
 * Loss 0.206 | Train Acc 100.000
LR: 0.000356771274489164
Epoch:40/50
 * Loss 0.206 | Train Acc 100.000
LR: 0.0003269486208853742
Epoch:41/50
 * Loss 0.204 | Train Acc 100.000
LR: 0.00029679669055119055
Epoch:42/50
 * Loss 0.202 | Train Acc 100.000
LR: 0.00026634585012039387
Epoch:43/50
 * Loss 0.201 | Train Acc 100.000
LR: 0.000235626767265316
Epoch:44/50
 * Loss 0.201 | Train Acc 100.000
LR: 0.0002046703798107928
Epoch:45/50
 * Loss 0.199 | Train Acc 100.000
LR: 0.00017350786457603917
Epoch:46/50
 * Loss 0.199 | Train Acc 100.000
LR: 0.0001421706059758278
Epoch:47/50
 * Loss 0.198 | Train Acc 100.000
LR: 0.00011069016441259591
Epoch:48/50
 * Loss 0.197 | Train Acc 100.000
LR: 7.909824449130957e-05
Epoch:49/50
 * Loss 0.196 | Train Acc 100.000
LR: 4.742666308909818e-05
Epoch:50/50
 * Loss 0.195 | Train Acc 100.000
=> Saving class model to: /shared/results/common/helm/IntervalActivationPromptCL/ImageNet_CR/30-task_dil_h100/coda-p/var0.1_out0.0001_drift0.1/models/repeat-1/task-3/
=> Save Done
validation split name: 1
 * Val Acc 82.833, Total time 25.03
validation split name: 2
 * Val Acc 61.381, Total time 6.84
validation split name: 3
 * Val Acc 86.733, Total time 62.09
Volume of the cumulative hypercube for 1-th layer in classification head: 3.487107992172241
====================== 4 =======================
Optimizer is reset!
*****************************************
LR: 0.001
Epoch:1/50
 * Loss 5.941 | Train Acc 48.209
LR: 0.001
Epoch:2/50
 * Loss 3.724 | Train Acc 60.061
LR: 0.000999496439640115
Epoch:3/50
 * Loss 2.735 | Train Acc 69.703
LR: 0.0009979862657065323
Epoch:4/50
 * Loss 2.000 | Train Acc 78.659
LR: 0.0009954709991267107
Epoch:5/50
 * Loss 1.446 | Train Acc 85.671
LR: 0.0009919531730777384
Epoch:6/50
 * Loss 1.049 | Train Acc 91.044
LR: 0.000987436330435118
Epoch:7/50
 * Loss 0.795 | Train Acc 95.274
LR: 0.0009819250202046628
Epoch:8/50
 * Loss 0.629 | Train Acc 97.713
LR: 0.0009754247929410992
Epoch:9/50
 * Loss 0.543 | Train Acc 98.819
LR: 0.0009679421951579872
Epoch:10/50
 * Loss 0.495 | Train Acc 99.238
LR: 0.000959484762734592
Epoch:11/50
 * Loss 0.459 | Train Acc 99.505
LR: 0.0009500610133263432
Epoch:12/50
 * Loss 0.444 | Train Acc 99.619
LR: 0.0009396804377865279
Epoch:13/50
 * Loss 0.421 | Train Acc 99.771
LR: 0.0009283534906078554
Epoch:14/50
 * Loss 0.406 | Train Acc 99.848
LR: 0.0009160915793935209
Epoch:15/50
 * Loss 0.396 | Train Acc 99.924
LR: 0.0009029070533683724
Epoch:16/50
 * Loss 0.391 | Train Acc 99.848
LR: 0.0008888131909417503
Epoch:17/50
 * Loss 0.384 | Train Acc 99.886
LR: 0.0008738241863345259
Epoch:18/50
 * Loss 0.371 | Train Acc 99.962
LR: 0.0008579551352838078
Epoch:19/50
 * Loss 0.369 | Train Acc 99.924
LR: 0.0008412220198397124
Epoch:20/50
 * Loss 0.365 | Train Acc 99.886
LR: 0.0008236416922695099
Epoch:21/50
 * Loss 0.362 | Train Acc 99.924
LR: 0.0008052318580853562
Epoch:22/50
 * Loss 0.356 | Train Acc 99.924
LR: 0.000786011058212706
Epoch:23/50
 * Loss 0.357 | Train Acc 99.886
LR: 0.0007659986503173616
Epoch:24/50
 * Loss 0.351 | Train Acc 99.924
LR: 0.0007452147893099667
Epoch:25/50
 * Loss 0.348 | Train Acc 99.886
LR: 0.0007236804070475787
Epoch:26/50
 * Loss 0.342 | Train Acc 99.924
LR: 0.0007014171912527616
Epoch:27/50
 * Loss 0.342 | Train Acc 99.924
LR: 0.0006784475636714309
Epoch:28/50
 * Loss 0.339 | Train Acc 99.848
LR: 0.0006547946574914495
Epoch:29/50
 * Loss 0.337 | Train Acc 99.886
LR: 0.0006304822940447137
Epoch:30/50
 * Loss 0.333 | Train Acc 99.962
LR: 0.0006055349588161974
Epoch:31/50
 * Loss 0.332 | Train Acc 99.924
LR: 0.0005799777767841123
Epoch:32/50
 * Loss 0.330 | Train Acc 99.924
LR: 0.0005538364871160218
Epoch:33/50
 * Loss 0.329 | Train Acc 99.848
LR: 0.0005271374172463922
Epoch:34/50
 * Loss 0.327 | Train Acc 99.924
LR: 0.0004999074563616878
Epoch:35/50
 * Loss 0.327 | Train Acc 99.886
LR: 0.0004721740283197138
Epoch:36/50
 * Loss 0.324 | Train Acc 99.886
LR: 0.00044396506403048214
Epoch:37/50
 * Loss 0.323 | Train Acc 99.848
LR: 0.0004153089733264112
Epoch:38/50
 * Loss 0.320 | Train Acc 99.924
LR: 0.00038623461635019685
Epoch:39/50
 * Loss 0.320 | Train Acc 99.924
LR: 0.000356771274489164
Epoch:40/50
 * Loss 0.318 | Train Acc 99.848
LR: 0.0003269486208853742
Epoch:41/50
 * Loss 0.317 | Train Acc 99.886
LR: 0.00029679669055119055
Epoch:42/50
 * Loss 0.317 | Train Acc 99.886
LR: 0.00026634585012039387
Epoch:43/50
 * Loss 0.313 | Train Acc 99.886
LR: 0.000235626767265316
Epoch:44/50
 * Loss 0.313 | Train Acc 99.924
LR: 0.0002046703798107928
Epoch:45/50
 * Loss 0.312 | Train Acc 99.962
LR: 0.00017350786457603917
Epoch:46/50
 * Loss 0.312 | Train Acc 99.924
LR: 0.0001421706059758278
Epoch:47/50
 * Loss 0.312 | Train Acc 99.886
LR: 0.00011069016441259591
Epoch:48/50
 * Loss 0.311 | Train Acc 99.848
LR: 7.909824449130957e-05
Epoch:49/50
 * Loss 0.310 | Train Acc 99.962
LR: 4.742666308909818e-05
Epoch:50/50
 * Loss 0.308 | Train Acc 100.000
=> Saving class model to: /shared/results/common/helm/IntervalActivationPromptCL/ImageNet_CR/30-task_dil_h100/coda-p/var0.1_out0.0001_drift0.1/models/repeat-1/task-4/
=> Save Done
validation split name: 1
 * Val Acc 78.433, Total time 12.06
validation split name: 2
 * Val Acc 70.844, Total time 5.42
validation split name: 3
 * Val Acc 83.500, Total time 21.04
validation split name: 4
 * Val Acc 64.667, Total time 37.46
Volume of the cumulative hypercube for 1-th layer in classification head: 3.5664052963256836
====================== 5 =======================
Optimizer is reset!
*****************************************
LR: 0.001
Epoch:1/50
 * Loss 1.230 | Train Acc 85.636
LR: 0.001
Epoch:2/50
 * Loss 0.577 | Train Acc 94.424
LR: 0.000999496439640115
Epoch:3/50
 * Loss 0.357 | Train Acc 97.807
LR: 0.0009979862657065323
Epoch:4/50
 * Loss 0.272 | Train Acc 99.083
LR: 0.0009954709991267107
Epoch:5/50
 * Loss 0.241 | Train Acc 99.541
LR: 0.0009919531730777384
Epoch:6/50
 * Loss 0.223 | Train Acc 99.828
LR: 0.000987436330435118
Epoch:7/50
 * Loss 0.211 | Train Acc 99.943
LR: 0.0009819250202046628
Epoch:8/50
 * Loss 0.204 | Train Acc 99.900
LR: 0.0009754247929410992
Epoch:9/50
 * Loss 0.198 | Train Acc 99.943
LR: 0.0009679421951579872
Epoch:10/50
 * Loss 0.195 | Train Acc 99.900
LR: 0.000959484762734592
Epoch:11/50
 * Loss 0.193 | Train Acc 99.900
LR: 0.0009500610133263432
Epoch:12/50
 * Loss 0.188 | Train Acc 99.957
LR: 0.0009396804377865279
Epoch:13/50
 * Loss 0.186 | Train Acc 99.986
LR: 0.0009283534906078554
Epoch:14/50
 * Loss 0.184 | Train Acc 99.943
LR: 0.0009160915793935209
Epoch:15/50
 * Loss 0.182 | Train Acc 99.928
LR: 0.0009029070533683724
Epoch:16/50
 * Loss 0.180 | Train Acc 99.971
LR: 0.0008888131909417503
Epoch:17/50
 * Loss 0.176 | Train Acc 99.971
LR: 0.0008738241863345259
Epoch:18/50
 * Loss 0.173 | Train Acc 100.000
LR: 0.0008579551352838078
Epoch:19/50
 * Loss 0.173 | Train Acc 99.957
LR: 0.0008412220198397124
Epoch:20/50
 * Loss 0.170 | Train Acc 99.986
LR: 0.0008236416922695099
Epoch:21/50
 * Loss 0.170 | Train Acc 99.971
LR: 0.0008052318580853562
Epoch:22/50
 * Loss 0.170 | Train Acc 99.900
LR: 0.000786011058212706
Epoch:23/50
 * Loss 0.166 | Train Acc 99.986
LR: 0.0007659986503173616
Epoch:24/50
 * Loss 0.164 | Train Acc 99.986
LR: 0.0007452147893099667
Epoch:25/50
 * Loss 0.161 | Train Acc 100.000
LR: 0.0007236804070475787
Epoch:26/50
 * Loss 0.161 | Train Acc 99.971
LR: 0.0007014171912527616
Epoch:27/50
 * Loss 0.158 | Train Acc 100.000
LR: 0.0006784475636714309
Epoch:28/50
 * Loss 0.156 | Train Acc 100.000
LR: 0.0006547946574914495
Epoch:29/50
 * Loss 0.156 | Train Acc 99.986
LR: 0.0006304822940447137
Epoch:30/50
 * Loss 0.156 | Train Acc 99.971
LR: 0.0006055349588161974
Epoch:31/50
 * Loss 0.153 | Train Acc 99.986
LR: 0.0005799777767841123
Epoch:32/50
 * Loss 0.153 | Train Acc 100.000
LR: 0.0005538364871160218
Epoch:33/50
 * Loss 0.151 | Train Acc 100.000
LR: 0.0005271374172463922
Epoch:34/50
 * Loss 0.150 | Train Acc 100.000
LR: 0.0004999074563616878
Epoch:35/50
 * Loss 0.149 | Train Acc 100.000
LR: 0.0004721740283197138
Epoch:36/50
 * Loss 0.147 | Train Acc 100.000
LR: 0.00044396506403048214
Epoch:37/50
 * Loss 0.146 | Train Acc 100.000
LR: 0.0004153089733264112
Epoch:38/50
 * Loss 0.145 | Train Acc 100.000
LR: 0.00038623461635019685
Epoch:39/50
 * Loss 0.144 | Train Acc 100.000
LR: 0.000356771274489164
Epoch:40/50
 * Loss 0.143 | Train Acc 100.000
LR: 0.0003269486208853742
Epoch:41/50
 * Loss 0.142 | Train Acc 100.000
LR: 0.00029679669055119055
Epoch:42/50
 * Loss 0.142 | Train Acc 100.000
LR: 0.00026634585012039387
Epoch:43/50
 * Loss 0.140 | Train Acc 100.000
LR: 0.000235626767265316
Epoch:44/50
 * Loss 0.139 | Train Acc 100.000
LR: 0.0002046703798107928
Epoch:45/50
 * Loss 0.139 | Train Acc 100.000
LR: 0.00017350786457603917
Epoch:46/50
 * Loss 0.138 | Train Acc 100.000
LR: 0.0001421706059758278
Epoch:47/50
 * Loss 0.137 | Train Acc 100.000
LR: 0.00011069016441259591
Epoch:48/50
 * Loss 0.136 | Train Acc 100.000
LR: 7.909824449130957e-05
Epoch:49/50
 * Loss 0.135 | Train Acc 100.000
LR: 4.742666308909818e-05
Epoch:50/50
 * Loss 0.135 | Train Acc 100.000
=> Saving class model to: /shared/results/common/helm/IntervalActivationPromptCL/ImageNet_CR/30-task_dil_h100/coda-p/var0.1_out0.0001_drift0.1/models/repeat-1/task-5/
=> Save Done
validation split name: 1
 * Val Acc 85.200, Total time 6.35
validation split name: 2
 * Val Acc 65.985, Total time 1.69
validation split name: 3
 * Val Acc 87.467, Total time 6.32
validation split name: 4
 * Val Acc 59.810, Total time 3.95
validation split name: 5
 * Val Acc 89.500, Total time 16.08
Volume of the cumulative hypercube for 1-th layer in classification head: 3.568206548690796
====================== 6 =======================
Optimizer is reset!
*****************************************
LR: 0.001
Epoch:1/50
 * Loss 2.567 | Train Acc 76.172
LR: 0.001
Epoch:2/50
 * Loss 1.504 | Train Acc 83.724
LR: 0.000999496439640115
Epoch:3/50
 * Loss 1.008 | Train Acc 88.997
LR: 0.0009979862657065323
Epoch:4/50
 * Loss 0.664 | Train Acc 93.229
LR: 0.0009954709991267107
Epoch:5/50
 * Loss 0.428 | Train Acc 96.224
LR: 0.0009919531730777384
Epoch:6/50
 * Loss 0.303 | Train Acc 98.893
LR: 0.000987436330435118
Epoch:7/50
 * Loss 0.247 | Train Acc 99.544
LR: 0.0009819250202046628
Epoch:8/50
 * Loss 0.214 | Train Acc 100.000
LR: 0.0009754247929410992
Epoch:9/50
 * Loss 0.202 | Train Acc 100.000
LR: 0.0009679421951579872
Epoch:10/50
 * Loss 0.192 | Train Acc 100.000
LR: 0.000959484762734592
Epoch:11/50
 * Loss 0.187 | Train Acc 100.000
LR: 0.0009500610133263432
Epoch:12/50
 * Loss 0.181 | Train Acc 100.000
LR: 0.0009396804377865279
Epoch:13/50
 * Loss 0.176 | Train Acc 100.000
LR: 0.0009283534906078554
Epoch:14/50
 * Loss 0.175 | Train Acc 99.935
LR: 0.0009160915793935209
Epoch:15/50
 * Loss 0.171 | Train Acc 100.000
LR: 0.0009029070533683724
Epoch:16/50
 * Loss 0.167 | Train Acc 100.000
LR: 0.0008888131909417503
Epoch:17/50
 * Loss 0.165 | Train Acc 100.000
LR: 0.0008738241863345259
Epoch:18/50
 * Loss 0.163 | Train Acc 100.000
LR: 0.0008579551352838078
Epoch:19/50
 * Loss 0.162 | Train Acc 100.000
LR: 0.0008412220198397124
Epoch:20/50
 * Loss 0.160 | Train Acc 100.000
LR: 0.0008236416922695099
Epoch:21/50
 * Loss 0.157 | Train Acc 100.000
LR: 0.0008052318580853562
Epoch:22/50
 * Loss 0.156 | Train Acc 100.000
LR: 0.000786011058212706
Epoch:23/50
 * Loss 0.155 | Train Acc 100.000
LR: 0.0007659986503173616
Epoch:24/50
 * Loss 0.153 | Train Acc 100.000
LR: 0.0007452147893099667
Epoch:25/50
 * Loss 0.152 | Train Acc 100.000
LR: 0.0007236804070475787
Epoch:26/50
 * Loss 0.152 | Train Acc 100.000
LR: 0.0007014171912527616
Epoch:27/50
 * Loss 0.149 | Train Acc 100.000
LR: 0.0006784475636714309
Epoch:28/50
 * Loss 0.149 | Train Acc 100.000
LR: 0.0006547946574914495
Epoch:29/50
 * Loss 0.147 | Train Acc 100.000
LR: 0.0006304822940447137
Epoch:30/50
 * Loss 0.146 | Train Acc 100.000
LR: 0.0006055349588161974
Epoch:31/50
 * Loss 0.146 | Train Acc 100.000
LR: 0.0005799777767841123
Epoch:32/50
 * Loss 0.145 | Train Acc 100.000
LR: 0.0005538364871160218
Epoch:33/50
 * Loss 0.145 | Train Acc 100.000
LR: 0.0005271374172463922
Epoch:34/50
 * Loss 0.144 | Train Acc 100.000
LR: 0.0004999074563616878
Epoch:35/50
 * Loss 0.143 | Train Acc 100.000
LR: 0.0004721740283197138
Epoch:36/50
 * Loss 0.142 | Train Acc 100.000
LR: 0.00044396506403048214
Epoch:37/50
 * Loss 0.141 | Train Acc 100.000
LR: 0.0004153089733264112
Epoch:38/50
 * Loss 0.141 | Train Acc 100.000
LR: 0.00038623461635019685
Epoch:39/50
 * Loss 0.141 | Train Acc 100.000
LR: 0.000356771274489164
Epoch:40/50
 * Loss 0.140 | Train Acc 100.000
LR: 0.0003269486208853742
Epoch:41/50
 * Loss 0.140 | Train Acc 100.000
LR: 0.00029679669055119055
Epoch:42/50
 * Loss 0.139 | Train Acc 100.000
LR: 0.00026634585012039387
Epoch:43/50
 * Loss 0.138 | Train Acc 100.000
LR: 0.000235626767265316
Epoch:44/50
 * Loss 0.138 | Train Acc 100.000
LR: 0.0002046703798107928
Epoch:45/50
 * Loss 0.139 | Train Acc 100.000
LR: 0.00017350786457603917
Epoch:46/50
 * Loss 0.138 | Train Acc 100.000
LR: 0.0001421706059758278
Epoch:47/50
 * Loss 0.138 | Train Acc 100.000
LR: 0.00011069016441259591
Epoch:48/50
 * Loss 0.138 | Train Acc 100.000
LR: 7.909824449130957e-05
Epoch:49/50
 * Loss 0.137 | Train Acc 100.000
LR: 4.742666308909818e-05
Epoch:50/50
 * Loss 0.137 | Train Acc 100.000
=> Saving class model to: /shared/results/common/helm/IntervalActivationPromptCL/ImageNet_CR/30-task_dil_h100/coda-p/var0.1_out0.0001_drift0.1/models/repeat-1/task-6/
=> Save Done
validation split name: 1
 * Val Acc 79.733, Total time 6.37
validation split name: 2
 * Val Acc 62.404, Total time 1.78
validation split name: 3
 * Val Acc 84.000, Total time 6.37
validation split name: 4
 * Val Acc 55.238, Total time 3.82
validation split name: 5
 * Val Acc 85.267, Total time 6.38
validation split name: 6
 * Val Acc 83.108, Total time 2.48
Volume of the cumulative hypercube for 1-th layer in classification head: 3.569756507873535
====================== 7 =======================
Optimizer is reset!
*****************************************
LR: 0.001
Epoch:1/50
 * Loss 1.595 | Train Acc 82.411
LR: 0.001
Epoch:2/50
 * Loss 0.698 | Train Acc 92.618
LR: 0.000999496439640115
Epoch:3/50
 * Loss 0.410 | Train Acc 96.660
LR: 0.0009979862657065323
Epoch:4/50
 * Loss 0.286 | Train Acc 99.011
LR: 0.0009954709991267107
Epoch:5/50
 * Loss 0.248 | Train Acc 99.541
LR: 0.0009919531730777384
Epoch:6/50
 * Loss 0.226 | Train Acc 99.871
LR: 0.000987436330435118
Epoch:7/50
 * Loss 0.215 | Train Acc 99.957
LR: 0.0009819250202046628
Epoch:8/50
 * Loss 0.207 | Train Acc 99.914
LR: 0.0009754247929410992
Epoch:9/50
 * Loss 0.200 | Train Acc 99.986
LR: 0.0009679421951579872
Epoch:10/50
 * Loss 0.197 | Train Acc 99.957
LR: 0.000959484762734592
Epoch:11/50
 * Loss 0.193 | Train Acc 99.957
LR: 0.0009500610133263432
Epoch:12/50
 * Loss 0.188 | Train Acc 99.971
LR: 0.0009396804377865279
Epoch:13/50
 * Loss 0.185 | Train Acc 99.986
LR: 0.0009283534906078554
Epoch:14/50
 * Loss 0.181 | Train Acc 99.986
LR: 0.0009160915793935209
Epoch:15/50
 * Loss 0.179 | Train Acc 99.971
LR: 0.0009029070533683724
Epoch:16/50
 * Loss 0.177 | Train Acc 99.943
LR: 0.0008888131909417503
Epoch:17/50
 * Loss 0.175 | Train Acc 99.971
LR: 0.0008738241863345259
Epoch:18/50
 * Loss 0.172 | Train Acc 99.986
LR: 0.0008579551352838078
Epoch:19/50
 * Loss 0.170 | Train Acc 99.957
LR: 0.0008412220198397124
Epoch:20/50
 * Loss 0.167 | Train Acc 99.986
LR: 0.0008236416922695099
Epoch:21/50
 * Loss 0.166 | Train Acc 99.957
LR: 0.0008052318580853562
Epoch:22/50
 * Loss 0.164 | Train Acc 99.986
LR: 0.000786011058212706
Epoch:23/50
 * Loss 0.162 | Train Acc 99.971
LR: 0.0007659986503173616
Epoch:24/50
 * Loss 0.160 | Train Acc 99.971
LR: 0.0007452147893099667
Epoch:25/50
 * Loss 0.159 | Train Acc 100.000
LR: 0.0007236804070475787
Epoch:26/50
 * Loss 0.157 | Train Acc 100.000
LR: 0.0007014171912527616
Epoch:27/50
 * Loss 0.156 | Train Acc 100.000
LR: 0.0006784475636714309
Epoch:28/50
 * Loss 0.154 | Train Acc 99.986
LR: 0.0006547946574914495
Epoch:29/50
 * Loss 0.154 | Train Acc 99.957
LR: 0.0006304822940447137
Epoch:30/50
 * Loss 0.152 | Train Acc 99.986
LR: 0.0006055349588161974
Epoch:31/50
 * Loss 0.150 | Train Acc 99.986
LR: 0.0005799777767841123
Epoch:32/50
 * Loss 0.148 | Train Acc 99.986
LR: 0.0005538364871160218
Epoch:33/50
 * Loss 0.147 | Train Acc 99.986
LR: 0.0005271374172463922
Epoch:34/50
 * Loss 0.146 | Train Acc 100.000
LR: 0.0004999074563616878
Epoch:35/50
 * Loss 0.144 | Train Acc 100.000
LR: 0.0004721740283197138
Epoch:36/50
 * Loss 0.143 | Train Acc 100.000
LR: 0.00044396506403048214
Epoch:37/50
 * Loss 0.141 | Train Acc 100.000
LR: 0.0004153089733264112
Epoch:38/50
 * Loss 0.141 | Train Acc 100.000
LR: 0.00038623461635019685
Epoch:39/50
 * Loss 0.140 | Train Acc 100.000
LR: 0.000356771274489164
Epoch:40/50
 * Loss 0.139 | Train Acc 100.000
LR: 0.0003269486208853742
Epoch:41/50
 * Loss 0.138 | Train Acc 100.000
LR: 0.00029679669055119055
Epoch:42/50
 * Loss 0.136 | Train Acc 100.000
LR: 0.00026634585012039387
Epoch:43/50
 * Loss 0.136 | Train Acc 100.000
LR: 0.000235626767265316
Epoch:44/50
 * Loss 0.135 | Train Acc 100.000
LR: 0.0002046703798107928
Epoch:45/50
 * Loss 0.134 | Train Acc 100.000
LR: 0.00017350786457603917
Epoch:46/50
 * Loss 0.133 | Train Acc 100.000
LR: 0.0001421706059758278
Epoch:47/50
 * Loss 0.133 | Train Acc 100.000
LR: 0.00011069016441259591
Epoch:48/50
 * Loss 0.131 | Train Acc 100.000
LR: 7.909824449130957e-05
Epoch:49/50
 * Loss 0.131 | Train Acc 100.000
LR: 4.742666308909818e-05
Epoch:50/50
 * Loss 0.130 | Train Acc 100.000
=> Saving class model to: /shared/results/common/helm/IntervalActivationPromptCL/ImageNet_CR/30-task_dil_h100/coda-p/var0.1_out0.0001_drift0.1/models/repeat-1/task-7/
=> Save Done
validation split name: 1
 * Val Acc 83.433, Total time 6.38
validation split name: 2
 * Val Acc 63.171, Total time 1.77
validation split name: 3
 * Val Acc 85.467, Total time 6.37
validation split name: 4
 * Val Acc 56.762, Total time 4.34
validation split name: 5
 * Val Acc 89.400, Total time 6.40
validation split name: 6
 * Val Acc 77.534, Total time 2.20
validation split name: 7
 * Val Acc 91.233, Total time 13.19
Volume of the cumulative hypercube for 1-th layer in classification head: 3.5705931186676025
====================== 8 =======================
Optimizer is reset!
*****************************************
LR: 0.001
Epoch:1/50
 * Loss 5.701 | Train Acc 47.443
LR: 0.001
Epoch:2/50
 * Loss 3.722 | Train Acc 58.381
LR: 0.000999496439640115
Epoch:3/50
 * Loss 2.949 | Train Acc 65.625
LR: 0.0009979862657065323
Epoch:4/50
 * Loss 2.235 | Train Acc 73.580
LR: 0.0009954709991267107
Epoch:5/50
 * Loss 1.688 | Train Acc 80.256
LR: 0.0009919531730777384
Epoch:6/50
 * Loss 1.203 | Train Acc 85.511
LR: 0.000987436330435118
Epoch:7/50
 * Loss 0.863 | Train Acc 91.477
LR: 0.0009819250202046628
Epoch:8/50
 * Loss 0.627 | Train Acc 94.602
LR: 0.0009754247929410992
Epoch:9/50
 * Loss 0.494 | Train Acc 96.875
LR: 0.0009679421951579872
Epoch:10/50
 * Loss 0.400 | Train Acc 98.438
LR: 0.000959484762734592
Epoch:11/50
 * Loss 0.345 | Train Acc 98.864
LR: 0.0009500610133263432
Epoch:12/50
 * Loss 0.292 | Train Acc 99.574
LR: 0.0009396804377865279
Epoch:13/50
 * Loss 0.269 | Train Acc 100.000
LR: 0.0009283534906078554
Epoch:14/50
 * Loss 0.261 | Train Acc 100.000
LR: 0.0009160915793935209
Epoch:15/50
 * Loss 0.246 | Train Acc 100.000
LR: 0.0009029070533683724
Epoch:16/50
 * Loss 0.233 | Train Acc 100.000
LR: 0.0008888131909417503
Epoch:17/50
 * Loss 0.233 | Train Acc 100.000
LR: 0.0008738241863345259
Epoch:18/50
 * Loss 0.227 | Train Acc 100.000
LR: 0.0008579551352838078
Epoch:19/50
 * Loss 0.223 | Train Acc 100.000
LR: 0.0008412220198397124
Epoch:20/50
 * Loss 0.220 | Train Acc 100.000
LR: 0.0008236416922695099
Epoch:21/50
 * Loss 0.220 | Train Acc 100.000
LR: 0.0008052318580853562
Epoch:22/50
 * Loss 0.213 | Train Acc 100.000
LR: 0.000786011058212706
Epoch:23/50
 * Loss 0.212 | Train Acc 100.000
LR: 0.0007659986503173616
Epoch:24/50
 * Loss 0.211 | Train Acc 100.000
LR: 0.0007452147893099667
Epoch:25/50
 * Loss 0.207 | Train Acc 100.000
LR: 0.0007236804070475787
Epoch:26/50
 * Loss 0.206 | Train Acc 100.000
LR: 0.0007014171912527616
Epoch:27/50
 * Loss 0.204 | Train Acc 100.000
LR: 0.0006784475636714309
Epoch:28/50
 * Loss 0.202 | Train Acc 100.000
LR: 0.0006547946574914495
Epoch:29/50
 * Loss 0.200 | Train Acc 100.000
LR: 0.0006304822940447137
Epoch:30/50
 * Loss 0.198 | Train Acc 100.000
LR: 0.0006055349588161974
Epoch:31/50
 * Loss 0.199 | Train Acc 100.000
LR: 0.0005799777767841123
Epoch:32/50
 * Loss 0.196 | Train Acc 100.000
LR: 0.0005538364871160218
Epoch:33/50
 * Loss 0.195 | Train Acc 100.000
LR: 0.0005271374172463922
Epoch:34/50
 * Loss 0.195 | Train Acc 100.000
LR: 0.0004999074563616878
Epoch:35/50
 * Loss 0.194 | Train Acc 100.000
LR: 0.0004721740283197138
Epoch:36/50
 * Loss 0.193 | Train Acc 100.000
LR: 0.00044396506403048214
Epoch:37/50
 * Loss 0.192 | Train Acc 100.000
LR: 0.0004153089733264112
Epoch:38/50
 * Loss 0.191 | Train Acc 100.000
LR: 0.00038623461635019685
Epoch:39/50
 * Loss 0.190 | Train Acc 100.000
LR: 0.000356771274489164
Epoch:40/50
 * Loss 0.190 | Train Acc 100.000
LR: 0.0003269486208853742
Epoch:41/50
 * Loss 0.188 | Train Acc 100.000
LR: 0.00029679669055119055
Epoch:42/50
 * Loss 0.188 | Train Acc 100.000
LR: 0.00026634585012039387
Epoch:43/50
 * Loss 0.187 | Train Acc 100.000
LR: 0.000235626767265316
Epoch:44/50
 * Loss 0.188 | Train Acc 100.000
LR: 0.0002046703798107928
Epoch:45/50
 * Loss 0.186 | Train Acc 100.000
LR: 0.00017350786457603917
Epoch:46/50
 * Loss 0.185 | Train Acc 100.000
LR: 0.0001421706059758278
Epoch:47/50
 * Loss 0.186 | Train Acc 100.000
LR: 0.00011069016441259591
Epoch:48/50
 * Loss 0.187 | Train Acc 100.000
LR: 7.909824449130957e-05
Epoch:49/50
 * Loss 0.185 | Train Acc 100.000
LR: 4.742666308909818e-05
Epoch:50/50
 * Loss 0.184 | Train Acc 100.000
=> Saving class model to: /shared/results/common/helm/IntervalActivationPromptCL/ImageNet_CR/30-task_dil_h100/coda-p/var0.1_out0.0001_drift0.1/models/repeat-1/task-8/
=> Save Done
validation split name: 1
 * Val Acc 78.200, Total time 6.36
validation split name: 2
 * Val Acc 68.798, Total time 2.02
validation split name: 3
 * Val Acc 82.733, Total time 6.37
validation split name: 4
 * Val Acc 61.714, Total time 4.85
validation split name: 5
 * Val Acc 86.700, Total time 6.41
validation split name: 6
 * Val Acc 75.507, Total time 2.12
validation split name: 7
 * Val Acc 87.267, Total time 6.45
validation split name: 8
 * Val Acc 66.818, Total time 1.06
Volume of the cumulative hypercube for 1-th layer in classification head: 3.5728139877319336
====================== 9 =======================
Optimizer is reset!
*****************************************
LR: 0.001
Epoch:1/50
 * Loss 4.079 | Train Acc 64.937
LR: 0.001
Epoch:2/50
 * Loss 1.862 | Train Acc 81.264
LR: 0.000999496439640115
Epoch:3/50
 * Loss 1.380 | Train Acc 86.439
LR: 0.0009979862657065323
Epoch:4/50
 * Loss 1.074 | Train Acc 89.880
LR: 0.0009954709991267107
Epoch:5/50
 * Loss 0.842 | Train Acc 93.535
LR: 0.0009919531730777384
Epoch:6/50
 * Loss 0.697 | Train Acc 96.015
LR: 0.000987436330435118
Epoch:7/50
 * Loss 0.608 | Train Acc 97.319
LR: 0.0009819250202046628
Epoch:8/50
 * Loss 0.553 | Train Acc 98.294
LR: 0.0009754247929410992
Epoch:9/50
 * Loss 0.518 | Train Acc 98.925
LR: 0.0009679421951579872
Epoch:10/50
 * Loss 0.482 | Train Acc 99.498
LR: 0.000959484762734592
Epoch:11/50
 * Loss 0.464 | Train Acc 99.627
LR: 0.0009500610133263432
Epoch:12/50
 * Loss 0.459 | Train Acc 99.541
LR: 0.0009396804377865279
Epoch:13/50
 * Loss 0.447 | Train Acc 99.656
LR: 0.0009283534906078554
Epoch:14/50
 * Loss 0.436 | Train Acc 99.670
LR: 0.0009160915793935209
Epoch:15/50
 * Loss 0.425 | Train Acc 99.785
LR: 0.0009029070533683724
Epoch:16/50
 * Loss 0.418 | Train Acc 99.828
LR: 0.0008888131909417503
Epoch:17/50
 * Loss 0.410 | Train Acc 99.857
LR: 0.0008738241863345259
Epoch:18/50
 * Loss 0.403 | Train Acc 99.871
LR: 0.0008579551352838078
Epoch:19/50
 * Loss 0.398 | Train Acc 99.828
LR: 0.0008412220198397124
Epoch:20/50
 * Loss 0.394 | Train Acc 99.799
LR: 0.0008236416922695099
Epoch:21/50
 * Loss 0.390 | Train Acc 99.828
LR: 0.0008052318580853562
Epoch:22/50
 * Loss 0.383 | Train Acc 99.900
LR: 0.000786011058212706
Epoch:23/50
 * Loss 0.378 | Train Acc 99.914
LR: 0.0007659986503173616
Epoch:24/50
 * Loss 0.373 | Train Acc 99.900
LR: 0.0007452147893099667
Epoch:25/50
 * Loss 0.365 | Train Acc 99.914
LR: 0.0007236804070475787
Epoch:26/50
 * Loss 0.364 | Train Acc 99.928
LR: 0.0007014171912527616
Epoch:27/50
 * Loss 0.363 | Train Acc 99.900
LR: 0.0006784475636714309
Epoch:28/50
 * Loss 0.355 | Train Acc 99.928
LR: 0.0006547946574914495
Epoch:29/50
 * Loss 0.350 | Train Acc 99.885
LR: 0.0006304822940447137
Epoch:30/50
 * Loss 0.349 | Train Acc 99.914
LR: 0.0006055349588161974
Epoch:31/50
 * Loss 0.341 | Train Acc 99.986
LR: 0.0005799777767841123
Epoch:32/50
 * Loss 0.338 | Train Acc 99.986
LR: 0.0005538364871160218
Epoch:33/50
 * Loss 0.335 | Train Acc 99.957
LR: 0.0005271374172463922
Epoch:34/50
 * Loss 0.333 | Train Acc 99.986
LR: 0.0004999074563616878
Epoch:35/50
 * Loss 0.331 | Train Acc 99.971
LR: 0.0004721740283197138
Epoch:36/50
 * Loss 0.326 | Train Acc 99.986
LR: 0.00044396506403048214
Epoch:37/50
 * Loss 0.323 | Train Acc 99.957
LR: 0.0004153089733264112
Epoch:38/50
 * Loss 0.321 | Train Acc 99.971
LR: 0.00038623461635019685
Epoch:39/50
 * Loss 0.316 | Train Acc 100.000
LR: 0.000356771274489164
Epoch:40/50
 * Loss 0.315 | Train Acc 99.971
LR: 0.0003269486208853742
Epoch:41/50
 * Loss 0.312 | Train Acc 99.986
LR: 0.00029679669055119055
Epoch:42/50
 * Loss 0.310 | Train Acc 99.986
LR: 0.00026634585012039387
Epoch:43/50
 * Loss 0.307 | Train Acc 100.000
LR: 0.000235626767265316
Epoch:44/50
 * Loss 0.305 | Train Acc 100.000
LR: 0.0002046703798107928
Epoch:45/50
 * Loss 0.303 | Train Acc 100.000
LR: 0.00017350786457603917
Epoch:46/50
 * Loss 0.302 | Train Acc 100.000
LR: 0.0001421706059758278
Epoch:47/50
 * Loss 0.299 | Train Acc 100.000
LR: 0.00011069016441259591
Epoch:48/50
 * Loss 0.297 | Train Acc 100.000
LR: 7.909824449130957e-05
Epoch:49/50
 * Loss 0.296 | Train Acc 100.000
LR: 4.742666308909818e-05
Epoch:50/50
 * Loss 0.296 | Train Acc 100.000
=> Saving class model to: /shared/results/common/helm/IntervalActivationPromptCL/ImageNet_CR/30-task_dil_h100/coda-p/var0.1_out0.0001_drift0.1/models/repeat-1/task-9/
=> Save Done
validation split name: 1
 * Val Acc 80.167, Total time 6.39
validation split name: 2
 * Val Acc 64.962, Total time 2.75
validation split name: 3
 * Val Acc 82.833, Total time 6.48
validation split name: 4
 * Val Acc 58.190, Total time 4.55
validation split name: 5
 * Val Acc 87.467, Total time 6.55
validation split name: 6
 * Val Acc 75.845, Total time 2.17
validation split name: 7
 * Val Acc 89.633, Total time 6.53
validation split name: 8
 * Val Acc 61.364, Total time 1.16
validation split name: 9
 * Val Acc 83.167, Total time 14.64
Volume of the cumulative hypercube for 1-th layer in classification head: 3.675328016281128
====================== 10 =======================
Optimizer is reset!
*****************************************
LR: 0.001
Epoch:1/50
 * Loss 6.417 | Train Acc 48.047
LR: 0.001
Epoch:2/50
 * Loss 4.053 | Train Acc 59.961
LR: 0.000999496439640115
Epoch:3/50
 * Loss 3.213 | Train Acc 65.625
LR: 0.0009979862657065323
Epoch:4/50
 * Loss 2.486 | Train Acc 72.461
LR: 0.0009954709991267107
Epoch:5/50
 * Loss 1.964 | Train Acc 79.297
LR: 0.0009919531730777384
Epoch:6/50
 * Loss 1.604 | Train Acc 83.203
LR: 0.000987436330435118
Epoch:7/50
 * Loss 1.220 | Train Acc 88.281
LR: 0.0009819250202046628
Epoch:8/50
 * Loss 1.027 | Train Acc 89.648
LR: 0.0009754247929410992
Epoch:9/50
 * Loss 0.755 | Train Acc 93.164
LR: 0.0009679421951579872
Epoch:10/50
 * Loss 0.646 | Train Acc 94.336
LR: 0.000959484762734592
Epoch:11/50
 * Loss 0.493 | Train Acc 97.461
LR: 0.0009500610133263432
Epoch:12/50
 * Loss 0.440 | Train Acc 97.266
LR: 0.0009396804377865279
Epoch:13/50
 * Loss 0.329 | Train Acc 99.609
LR: 0.0009283534906078554
Epoch:14/50
 * Loss 0.320 | Train Acc 99.414
LR: 0.0009160915793935209
Epoch:15/50
 * Loss 0.309 | Train Acc 99.414
LR: 0.0009029070533683724
Epoch:16/50
 * Loss 0.276 | Train Acc 99.805
LR: 0.0008888131909417503
Epoch:17/50
 * Loss 0.264 | Train Acc 99.805
LR: 0.0008738241863345259
Epoch:18/50
 * Loss 0.254 | Train Acc 99.805
LR: 0.0008579551352838078
Epoch:19/50
 * Loss 0.250 | Train Acc 99.609
LR: 0.0008412220198397124
Epoch:20/50
 * Loss 0.242 | Train Acc 99.805
LR: 0.0008236416922695099
Epoch:21/50
 * Loss 0.241 | Train Acc 99.805
LR: 0.0008052318580853562
Epoch:22/50
 * Loss 0.231 | Train Acc 100.000
LR: 0.000786011058212706
Epoch:23/50
 * Loss 0.233 | Train Acc 99.805
LR: 0.0007659986503173616
Epoch:24/50
 * Loss 0.229 | Train Acc 99.805
LR: 0.0007452147893099667
Epoch:25/50
 * Loss 0.232 | Train Acc 99.805
LR: 0.0007236804070475787
Epoch:26/50
 * Loss 0.224 | Train Acc 99.805
LR: 0.0007014171912527616
Epoch:27/50
 * Loss 0.221 | Train Acc 99.805
LR: 0.0006784475636714309
Epoch:28/50
 * Loss 0.218 | Train Acc 100.000
LR: 0.0006547946574914495
Epoch:29/50
 * Loss 0.220 | Train Acc 99.805
LR: 0.0006304822940447137
Epoch:30/50
 * Loss 0.215 | Train Acc 99.609
LR: 0.0006055349588161974
Epoch:31/50
 * Loss 0.212 | Train Acc 99.805
LR: 0.0005799777767841123
Epoch:32/50
 * Loss 0.209 | Train Acc 100.000
LR: 0.0005538364871160218
Epoch:33/50
 * Loss 0.211 | Train Acc 99.805
LR: 0.0005271374172463922
Epoch:34/50
 * Loss 0.206 | Train Acc 100.000
LR: 0.0004999074563616878
Epoch:35/50
 * Loss 0.208 | Train Acc 99.805
LR: 0.0004721740283197138
Epoch:36/50
 * Loss 0.205 | Train Acc 99.805
LR: 0.00044396506403048214
Epoch:37/50
 * Loss 0.212 | Train Acc 99.609
LR: 0.0004153089733264112
Epoch:38/50
 * Loss 0.208 | Train Acc 99.805
LR: 0.00038623461635019685
Epoch:39/50
 * Loss 0.204 | Train Acc 99.805
LR: 0.000356771274489164
Epoch:40/50
 * Loss 0.204 | Train Acc 99.805
LR: 0.0003269486208853742
Epoch:41/50
 * Loss 0.203 | Train Acc 99.805
LR: 0.00029679669055119055
Epoch:42/50
 * Loss 0.201 | Train Acc 99.805
LR: 0.00026634585012039387
Epoch:43/50
 * Loss 0.201 | Train Acc 99.609
LR: 0.000235626767265316
Epoch:44/50
 * Loss 0.201 | Train Acc 99.609
LR: 0.0002046703798107928
Epoch:45/50
 * Loss 0.202 | Train Acc 99.609
LR: 0.00017350786457603917
Epoch:46/50
 * Loss 0.202 | Train Acc 99.805
LR: 0.0001421706059758278
Epoch:47/50
 * Loss 0.199 | Train Acc 99.805
LR: 0.00011069016441259591
Epoch:48/50
 * Loss 0.199 | Train Acc 99.805
LR: 7.909824449130957e-05
Epoch:49/50
 * Loss 0.199 | Train Acc 99.805
LR: 4.742666308909818e-05
Epoch:50/50
 * Loss 0.200 | Train Acc 99.805
=> Saving class model to: /shared/results/common/helm/IntervalActivationPromptCL/ImageNet_CR/30-task_dil_h100/coda-p/var0.1_out0.0001_drift0.1/models/repeat-1/task-10/
=> Save Done
validation split name: 1
 * Val Acc 79.267, Total time 6.40
validation split name: 2
 * Val Acc 63.683, Total time 1.93
validation split name: 3
 * Val Acc 81.800, Total time 6.61
validation split name: 4
 * Val Acc 57.238, Total time 4.22
validation split name: 5
 * Val Acc 86.733, Total time 6.42
validation split name: 6
 * Val Acc 73.480, Total time 2.23
validation split name: 7
 * Val Acc 86.867, Total time 6.66
validation split name: 8
 * Val Acc 60.455, Total time 1.18
validation split name: 9
 * Val Acc 80.900, Total time 6.39
validation split name: 10
 * Val Acc 59.877, Total time 0.90
Volume of the cumulative hypercube for 1-th layer in classification head: 3.6809427738189697
====================== 11 =======================
Optimizer is reset!
*****************************************
LR: 0.001
Epoch:1/50
 * Loss 1.161 | Train Acc 87.041
LR: 0.001
Epoch:2/50
 * Loss 0.466 | Train Acc 95.026
LR: 0.000999496439640115
Epoch:3/50
 * Loss 0.288 | Train Acc 98.194
LR: 0.0009979862657065323
Epoch:4/50
 * Loss 0.223 | Train Acc 99.298
LR: 0.0009954709991267107
Epoch:5/50
 * Loss 0.195 | Train Acc 99.728
LR: 0.0009919531730777384
Epoch:6/50
 * Loss 0.185 | Train Acc 99.756
LR: 0.000987436330435118
Epoch:7/50
 * Loss 0.173 | Train Acc 99.943
LR: 0.0009819250202046628
Epoch:8/50
 * Loss 0.168 | Train Acc 99.971
LR: 0.0009754247929410992
Epoch:9/50
 * Loss 0.163 | Train Acc 99.943
LR: 0.0009679421951579872
Epoch:10/50
 * Loss 0.160 | Train Acc 99.971
LR: 0.000959484762734592
Epoch:11/50
 * Loss 0.155 | Train Acc 99.986
LR: 0.0009500610133263432
Epoch:12/50
 * Loss 0.154 | Train Acc 99.971
LR: 0.0009396804377865279
Epoch:13/50
 * Loss 0.151 | Train Acc 99.971
LR: 0.0009283534906078554
Epoch:14/50
 * Loss 0.150 | Train Acc 99.986
LR: 0.0009160915793935209
Epoch:15/50
 * Loss 0.149 | Train Acc 99.943
LR: 0.0009029070533683724
Epoch:16/50
 * Loss 0.145 | Train Acc 100.000
LR: 0.0008888131909417503
Epoch:17/50
 * Loss 0.143 | Train Acc 99.986
LR: 0.0008738241863345259
Epoch:18/50
 * Loss 0.144 | Train Acc 99.943
LR: 0.0008579551352838078
Epoch:19/50
 * Loss 0.140 | Train Acc 100.000
LR: 0.0008412220198397124
Epoch:20/50
 * Loss 0.139 | Train Acc 100.000
LR: 0.0008236416922695099
Epoch:21/50
 * Loss 0.137 | Train Acc 99.986
LR: 0.0008052318580853562
Epoch:22/50
 * Loss 0.135 | Train Acc 100.000
LR: 0.000786011058212706
Epoch:23/50
 * Loss 0.134 | Train Acc 99.986
LR: 0.0007659986503173616
Epoch:24/50
 * Loss 0.134 | Train Acc 99.971
LR: 0.0007452147893099667
Epoch:25/50
 * Loss 0.133 | Train Acc 99.986
LR: 0.0007236804070475787
Epoch:26/50
 * Loss 0.130 | Train Acc 99.986
LR: 0.0007014171912527616
Epoch:27/50
 * Loss 0.128 | Train Acc 100.000
LR: 0.0006784475636714309
Epoch:28/50
 * Loss 0.128 | Train Acc 99.971
LR: 0.0006547946574914495
Epoch:29/50
 * Loss 0.127 | Train Acc 100.000
LR: 0.0006304822940447137
Epoch:30/50
 * Loss 0.126 | Train Acc 99.971
LR: 0.0006055349588161974
Epoch:31/50
 * Loss 0.126 | Train Acc 99.986
LR: 0.0005799777767841123
Epoch:32/50
 * Loss 0.125 | Train Acc 99.986
LR: 0.0005538364871160218
Epoch:33/50
 * Loss 0.122 | Train Acc 100.000
LR: 0.0005271374172463922
Epoch:34/50
 * Loss 0.122 | Train Acc 100.000
LR: 0.0004999074563616878
Epoch:35/50
 * Loss 0.121 | Train Acc 99.986
LR: 0.0004721740283197138
Epoch:36/50
 * Loss 0.121 | Train Acc 100.000
LR: 0.00044396506403048214
Epoch:37/50
 * Loss 0.119 | Train Acc 100.000
LR: 0.0004153089733264112
Epoch:38/50
 * Loss 0.118 | Train Acc 100.000
LR: 0.00038623461635019685
Epoch:39/50
 * Loss 0.118 | Train Acc 100.000
LR: 0.000356771274489164
Epoch:40/50
 * Loss 0.117 | Train Acc 100.000
LR: 0.0003269486208853742
Epoch:41/50
 * Loss 0.116 | Train Acc 100.000
LR: 0.00029679669055119055
Epoch:42/50
 * Loss 0.115 | Train Acc 100.000
LR: 0.00026634585012039387
Epoch:43/50
 * Loss 0.114 | Train Acc 100.000
LR: 0.000235626767265316
Epoch:44/50
 * Loss 0.114 | Train Acc 100.000
LR: 0.0002046703798107928
Epoch:45/50
 * Loss 0.113 | Train Acc 100.000
LR: 0.00017350786457603917
Epoch:46/50
 * Loss 0.112 | Train Acc 100.000
LR: 0.0001421706059758278
Epoch:47/50
 * Loss 0.112 | Train Acc 100.000
LR: 0.00011069016441259591
Epoch:48/50
 * Loss 0.111 | Train Acc 100.000
LR: 7.909824449130957e-05
Epoch:49/50
 * Loss 0.111 | Train Acc 100.000
LR: 4.742666308909818e-05
Epoch:50/50
 * Loss 0.110 | Train Acc 100.000
=> Saving class model to: /shared/results/common/helm/IntervalActivationPromptCL/ImageNet_CR/30-task_dil_h100/coda-p/var0.1_out0.0001_drift0.1/models/repeat-1/task-11/
=> Save Done
validation split name: 1
 * Val Acc 75.367, Total time 6.45
validation split name: 2
 * Val Acc 62.148, Total time 1.82
validation split name: 3
 * Val Acc 87.600, Total time 6.38
validation split name: 4
 * Val Acc 56.571, Total time 5.07
validation split name: 5
 * Val Acc 83.967, Total time 6.44
validation split name: 6
 * Val Acc 72.973, Total time 2.28
validation split name: 7
 * Val Acc 81.067, Total time 7.14
validation split name: 8
 * Val Acc 53.636, Total time 1.11
validation split name: 9
 * Val Acc 80.367, Total time 7.79
validation split name: 10
 * Val Acc 48.765, Total time 0.95
validation split name: 11
 * Val Acc 93.833, Total time 13.26
Volume of the cumulative hypercube for 1-th layer in classification head: 3.6810693740844727
====================== 12 =======================
Optimizer is reset!
*****************************************
LR: 0.001
Epoch:1/50
 * Loss 4.321 | Train Acc 61.328
LR: 0.001
Epoch:2/50
 * Loss 2.659 | Train Acc 73.828
LR: 0.000999496439640115
Epoch:3/50
 * Loss 2.011 | Train Acc 78.320
LR: 0.0009979862657065323
Epoch:4/50
 * Loss 1.484 | Train Acc 83.984
LR: 0.0009954709991267107
Epoch:5/50
 * Loss 1.122 | Train Acc 89.453
LR: 0.0009919531730777384
Epoch:6/50
 * Loss 0.775 | Train Acc 92.773
LR: 0.000987436330435118
Epoch:7/50
 * Loss 0.586 | Train Acc 95.508
LR: 0.0009819250202046628
Epoch:8/50
 * Loss 0.462 | Train Acc 97.461
LR: 0.0009754247929410992
Epoch:9/50
 * Loss 0.344 | Train Acc 98.438
LR: 0.0009679421951579872
Epoch:10/50
 * Loss 0.268 | Train Acc 99.023
LR: 0.000959484762734592
Epoch:11/50
 * Loss 0.241 | Train Acc 98.633
LR: 0.0009500610133263432
Epoch:12/50
 * Loss 0.209 | Train Acc 99.219
LR: 0.0009396804377865279
Epoch:13/50
 * Loss 0.187 | Train Acc 99.414
LR: 0.0009283534906078554
Epoch:14/50
 * Loss 0.183 | Train Acc 99.414
LR: 0.0009160915793935209
Epoch:15/50
 * Loss 0.187 | Train Acc 99.414
LR: 0.0009029070533683724
Epoch:16/50
 * Loss 0.172 | Train Acc 99.609
LR: 0.0008888131909417503
Epoch:17/50
 * Loss 0.175 | Train Acc 99.609
LR: 0.0008738241863345259
Epoch:18/50
 * Loss 0.168 | Train Acc 99.414
LR: 0.0008579551352838078
Epoch:19/50
 * Loss 0.166 | Train Acc 99.414
LR: 0.0008412220198397124
Epoch:20/50
 * Loss 0.166 | Train Acc 99.414
LR: 0.0008236416922695099
Epoch:21/50
 * Loss 0.162 | Train Acc 99.609
LR: 0.0008052318580853562
Epoch:22/50
 * Loss 0.160 | Train Acc 99.414
LR: 0.000786011058212706
Epoch:23/50
 * Loss 0.160 | Train Acc 99.609
LR: 0.0007659986503173616
Epoch:24/50
 * Loss 0.155 | Train Acc 99.609
LR: 0.0007452147893099667
Epoch:25/50
 * Loss 0.155 | Train Acc 99.609
LR: 0.0007236804070475787
Epoch:26/50
 * Loss 0.156 | Train Acc 99.609
LR: 0.0007014171912527616
Epoch:27/50
 * Loss 0.152 | Train Acc 99.609
LR: 0.0006784475636714309
Epoch:28/50
 * Loss 0.155 | Train Acc 99.609
LR: 0.0006547946574914495
Epoch:29/50
 * Loss 0.153 | Train Acc 99.414
LR: 0.0006304822940447137
Epoch:30/50
 * Loss 0.150 | Train Acc 99.609
LR: 0.0006055349588161974
Epoch:31/50
 * Loss 0.152 | Train Acc 99.609
LR: 0.0005799777767841123
Epoch:32/50
 * Loss 0.152 | Train Acc 99.414
LR: 0.0005538364871160218
Epoch:33/50
 * Loss 0.149 | Train Acc 99.609
LR: 0.0005271374172463922
Epoch:34/50
 * Loss 0.149 | Train Acc 99.609
LR: 0.0004999074563616878
Epoch:35/50
 * Loss 0.147 | Train Acc 99.609
LR: 0.0004721740283197138
Epoch:36/50
 * Loss 0.146 | Train Acc 99.414
LR: 0.00044396506403048214
Epoch:37/50
 * Loss 0.145 | Train Acc 99.609
LR: 0.0004153089733264112
Epoch:38/50
 * Loss 0.146 | Train Acc 99.414
LR: 0.00038623461635019685
Epoch:39/50
 * Loss 0.146 | Train Acc 99.609
LR: 0.000356771274489164
Epoch:40/50
 * Loss 0.147 | Train Acc 99.414
LR: 0.0003269486208853742
Epoch:41/50
 * Loss 0.148 | Train Acc 99.414
LR: 0.00029679669055119055
Epoch:42/50
 * Loss 0.144 | Train Acc 99.609
LR: 0.00026634585012039387
Epoch:43/50
 * Loss 0.143 | Train Acc 99.219
LR: 0.000235626767265316
Epoch:44/50
 * Loss 0.144 | Train Acc 99.609
LR: 0.0002046703798107928
Epoch:45/50
 * Loss 0.142 | Train Acc 99.609
LR: 0.00017350786457603917
Epoch:46/50
 * Loss 0.143 | Train Acc 99.609
LR: 0.0001421706059758278
Epoch:47/50
 * Loss 0.140 | Train Acc 99.805
LR: 0.00011069016441259591
Epoch:48/50
 * Loss 0.143 | Train Acc 99.219
LR: 7.909824449130957e-05
Epoch:49/50
 * Loss 0.143 | Train Acc 99.414
LR: 4.742666308909818e-05
Epoch:50/50
 * Loss 0.141 | Train Acc 99.805
=> Saving class model to: /shared/results/common/helm/IntervalActivationPromptCL/ImageNet_CR/30-task_dil_h100/coda-p/var0.1_out0.0001_drift0.1/models/repeat-1/task-12/
=> Save Done
validation split name: 1
 * Val Acc 73.100, Total time 6.40
validation split name: 2
 * Val Acc 67.008, Total time 1.74
validation split name: 3
 * Val Acc 85.333, Total time 6.39
validation split name: 4
 * Val Acc 60.952, Total time 4.07
validation split name: 5
 * Val Acc 81.600, Total time 6.39
validation split name: 6
 * Val Acc 72.128, Total time 2.16
validation split name: 7
 * Val Acc 79.567, Total time 6.36
validation split name: 8
 * Val Acc 58.182, Total time 1.22
validation split name: 9
 * Val Acc 78.000, Total time 6.37
validation split name: 10
 * Val Acc 54.938, Total time 0.88
validation split name: 11
 * Val Acc 90.000, Total time 6.45
validation split name: 12
 * Val Acc 70.992, Total time 1.01
Volume of the cumulative hypercube for 1-th layer in classification head: 3.681368112564087
====================== 13 =======================
Optimizer is reset!
*****************************************
LR: 0.001
Epoch:1/50
 * Loss 0.602 | Train Acc 93.664
LR: 0.001
Epoch:2/50
 * Loss 0.257 | Train Acc 97.964
LR: 0.000999496439640115
Epoch:3/50
 * Loss 0.194 | Train Acc 98.911
LR: 0.0009979862657065323
Epoch:4/50
 * Loss 0.162 | Train Acc 99.484
LR: 0.0009954709991267107
Epoch:5/50
 * Loss 0.148 | Train Acc 99.756
LR: 0.0009919531730777384
Epoch:6/50
 * Loss 0.140 | Train Acc 99.771
LR: 0.000987436330435118
Epoch:7/50
 * Loss 0.133 | Train Acc 99.814
LR: 0.0009819250202046628
Epoch:8/50
 * Loss 0.133 | Train Acc 99.771
LR: 0.0009754247929410992
Epoch:9/50
 * Loss 0.126 | Train Acc 99.914
LR: 0.0009679421951579872
Epoch:10/50
 * Loss 0.122 | Train Acc 99.885
LR: 0.000959484762734592
Epoch:11/50
 * Loss 0.121 | Train Acc 99.914
LR: 0.0009500610133263432
Epoch:12/50
 * Loss 0.118 | Train Acc 99.928
LR: 0.0009396804377865279
Epoch:13/50
 * Loss 0.116 | Train Acc 99.914
LR: 0.0009283534906078554
Epoch:14/50
 * Loss 0.115 | Train Acc 99.957
LR: 0.0009160915793935209
Epoch:15/50
 * Loss 0.113 | Train Acc 99.971
LR: 0.0009029070533683724
Epoch:16/50
 * Loss 0.114 | Train Acc 99.871
LR: 0.0008888131909417503
Epoch:17/50
 * Loss 0.111 | Train Acc 99.914
LR: 0.0008738241863345259
Epoch:18/50
 * Loss 0.108 | Train Acc 99.957
LR: 0.0008579551352838078
Epoch:19/50
 * Loss 0.106 | Train Acc 99.943
LR: 0.0008412220198397124
Epoch:20/50
 * Loss 0.108 | Train Acc 99.900
LR: 0.0008236416922695099
Epoch:21/50
 * Loss 0.104 | Train Acc 99.986
LR: 0.0008052318580853562
Epoch:22/50
 * Loss 0.104 | Train Acc 99.928
LR: 0.000786011058212706
Epoch:23/50
 * Loss 0.104 | Train Acc 99.928
LR: 0.0007659986503173616
Epoch:24/50
 * Loss 0.105 | Train Acc 99.900
LR: 0.0007452147893099667
Epoch:25/50
 * Loss 0.100 | Train Acc 99.943
LR: 0.0007236804070475787
Epoch:26/50
 * Loss 0.099 | Train Acc 99.986
LR: 0.0007014171912527616
Epoch:27/50
 * Loss 0.099 | Train Acc 99.957
LR: 0.0006784475636714309
Epoch:28/50
 * Loss 0.097 | Train Acc 99.957
LR: 0.0006547946574914495
Epoch:29/50
 * Loss 0.097 | Train Acc 99.957
LR: 0.0006304822940447137
Epoch:30/50
 * Loss 0.097 | Train Acc 99.971
LR: 0.0006055349588161974
Epoch:31/50
 * Loss 0.096 | Train Acc 99.971
LR: 0.0005799777767841123
Epoch:32/50
 * Loss 0.096 | Train Acc 99.957
LR: 0.0005538364871160218
Epoch:33/50
 * Loss 0.093 | Train Acc 99.986
LR: 0.0005271374172463922
Epoch:34/50
 * Loss 0.092 | Train Acc 99.971
LR: 0.0004999074563616878
Epoch:35/50
 * Loss 0.092 | Train Acc 99.971
LR: 0.0004721740283197138
Epoch:36/50
 * Loss 0.092 | Train Acc 99.971
LR: 0.00044396506403048214
Epoch:37/50
 * Loss 0.090 | Train Acc 99.986
LR: 0.0004153089733264112
Epoch:38/50
 * Loss 0.089 | Train Acc 99.986
LR: 0.00038623461635019685
Epoch:39/50
 * Loss 0.089 | Train Acc 99.986
LR: 0.000356771274489164
Epoch:40/50
 * Loss 0.089 | Train Acc 99.971
LR: 0.0003269486208853742
Epoch:41/50
 * Loss 0.088 | Train Acc 99.971
LR: 0.00029679669055119055
Epoch:42/50
 * Loss 0.087 | Train Acc 99.986
LR: 0.00026634585012039387
Epoch:43/50
 * Loss 0.087 | Train Acc 99.971
LR: 0.000235626767265316
Epoch:44/50
 * Loss 0.086 | Train Acc 99.986
LR: 0.0002046703798107928
Epoch:45/50
 * Loss 0.085 | Train Acc 99.986
LR: 0.00017350786457603917
Epoch:46/50
 * Loss 0.085 | Train Acc 99.986
LR: 0.0001421706059758278
Epoch:47/50
 * Loss 0.085 | Train Acc 99.971
LR: 0.00011069016441259591
Epoch:48/50
 * Loss 0.084 | Train Acc 99.971
LR: 7.909824449130957e-05
Epoch:49/50
 * Loss 0.084 | Train Acc 99.986
LR: 4.742666308909818e-05
Epoch:50/50
 * Loss 0.083 | Train Acc 99.971
=> Saving class model to: /shared/results/common/helm/IntervalActivationPromptCL/ImageNet_CR/30-task_dil_h100/coda-p/var0.1_out0.0001_drift0.1/models/repeat-1/task-13/
=> Save Done
validation split name: 1
 * Val Acc 70.833, Total time 6.37
validation split name: 2
 * Val Acc 67.263, Total time 1.85
validation split name: 3
 * Val Acc 82.467, Total time 6.34
validation split name: 4
 * Val Acc 59.143, Total time 4.21
validation split name: 5
 * Val Acc 81.533, Total time 6.41
validation split name: 6
 * Val Acc 73.986, Total time 2.02
validation split name: 7
 * Val Acc 78.367, Total time 6.42
validation split name: 8
 * Val Acc 60.000, Total time 1.27
validation split name: 9
 * Val Acc 78.133, Total time 6.64
validation split name: 10
 * Val Acc 50.617, Total time 1.18
validation split name: 11
 * Val Acc 90.567, Total time 6.57
validation split name: 12
 * Val Acc 67.939, Total time 0.82
validation split name: 13
 * Val Acc 95.433, Total time 10.30
Volume of the cumulative hypercube for 1-th layer in classification head: 3.6833999156951904
====================== 14 =======================
Optimizer is reset!
*****************************************
LR: 0.001
Epoch:1/50
 * Loss 3.891 | Train Acc 56.510
LR: 0.001
Epoch:2/50
 * Loss 2.558 | Train Acc 71.875
LR: 0.000999496439640115
Epoch:3/50
 * Loss 2.137 | Train Acc 76.823
LR: 0.0009979862657065323
Epoch:4/50
 * Loss 1.543 | Train Acc 83.073
LR: 0.0009954709991267107
Epoch:5/50
 * Loss 1.148 | Train Acc 88.542
LR: 0.0009919531730777384
Epoch:6/50
 * Loss 0.904 | Train Acc 91.406
LR: 0.000987436330435118
Epoch:7/50
 * Loss 0.650 | Train Acc 93.750
LR: 0.0009819250202046628
Epoch:8/50
 * Loss 0.490 | Train Acc 95.573
LR: 0.0009754247929410992
Epoch:9/50
 * Loss 0.357 | Train Acc 98.177
LR: 0.0009679421951579872
Epoch:10/50
 * Loss 0.264 | Train Acc 99.219
LR: 0.000959484762734592
Epoch:11/50
 * Loss 0.242 | Train Acc 99.219
LR: 0.0009500610133263432
Epoch:12/50
 * Loss 0.207 | Train Acc 99.740
LR: 0.0009396804377865279
Epoch:13/50
 * Loss 0.196 | Train Acc 99.219
LR: 0.0009283534906078554
Epoch:14/50
 * Loss 0.191 | Train Acc 99.479
LR: 0.0009160915793935209
Epoch:15/50
 * Loss 0.178 | Train Acc 99.740
LR: 0.0009029070533683724
Epoch:16/50
 * Loss 0.165 | Train Acc 100.000
LR: 0.0008888131909417503
Epoch:17/50
 * Loss 0.169 | Train Acc 99.740
LR: 0.0008738241863345259
Epoch:18/50
 * Loss 0.158 | Train Acc 99.740
LR: 0.0008579551352838078
Epoch:19/50
 * Loss 0.161 | Train Acc 99.740
LR: 0.0008412220198397124
Epoch:20/50
 * Loss 0.159 | Train Acc 99.740
LR: 0.0008236416922695099
Epoch:21/50
 * Loss 0.149 | Train Acc 100.000
LR: 0.0008052318580853562
Epoch:22/50
 * Loss 0.149 | Train Acc 100.000
LR: 0.000786011058212706
Epoch:23/50
 * Loss 0.152 | Train Acc 99.740
LR: 0.0007659986503173616
Epoch:24/50
 * Loss 0.146 | Train Acc 99.740
LR: 0.0007452147893099667
Epoch:25/50
 * Loss 0.151 | Train Acc 99.479
LR: 0.0007236804070475787
Epoch:26/50
 * Loss 0.145 | Train Acc 99.740
LR: 0.0007014171912527616
Epoch:27/50
 * Loss 0.145 | Train Acc 99.479
LR: 0.0006784475636714309
Epoch:28/50
 * Loss 0.138 | Train Acc 100.000
LR: 0.0006547946574914495
Epoch:29/50
 * Loss 0.137 | Train Acc 100.000
LR: 0.0006304822940447137
Epoch:30/50
 * Loss 0.142 | Train Acc 99.740
LR: 0.0006055349588161974
Epoch:31/50
 * Loss 0.143 | Train Acc 99.740
LR: 0.0005799777767841123
Epoch:32/50
 * Loss 0.140 | Train Acc 99.740
LR: 0.0005538364871160218
Epoch:33/50
 * Loss 0.136 | Train Acc 99.740
LR: 0.0005271374172463922
Epoch:34/50
 * Loss 0.138 | Train Acc 99.740
LR: 0.0004999074563616878
Epoch:35/50
 * Loss 0.139 | Train Acc 99.479
LR: 0.0004721740283197138
Epoch:36/50
 * Loss 0.136 | Train Acc 100.000
LR: 0.00044396506403048214
Epoch:37/50
 * Loss 0.139 | Train Acc 99.479
LR: 0.0004153089733264112
Epoch:38/50
 * Loss 0.132 | Train Acc 100.000
LR: 0.00038623461635019685
Epoch:39/50
 * Loss 0.137 | Train Acc 99.740
LR: 0.000356771274489164
Epoch:40/50
 * Loss 0.132 | Train Acc 99.740
LR: 0.0003269486208853742
Epoch:41/50
 * Loss 0.132 | Train Acc 100.000
LR: 0.00029679669055119055
Epoch:42/50
 * Loss 0.134 | Train Acc 99.740
LR: 0.00026634585012039387
Epoch:43/50
 * Loss 0.130 | Train Acc 100.000
LR: 0.000235626767265316
Epoch:44/50
 * Loss 0.137 | Train Acc 99.479
LR: 0.0002046703798107928
Epoch:45/50
 * Loss 0.128 | Train Acc 99.740
LR: 0.00017350786457603917
Epoch:46/50
 * Loss 0.133 | Train Acc 99.740
LR: 0.0001421706059758278
Epoch:47/50
 * Loss 0.130 | Train Acc 100.000
LR: 0.00011069016441259591
Epoch:48/50
 * Loss 0.134 | Train Acc 99.479
LR: 7.909824449130957e-05
Epoch:49/50
 * Loss 0.136 | Train Acc 99.479
LR: 4.742666308909818e-05
Epoch:50/50
 * Loss 0.129 | Train Acc 99.740
=> Saving class model to: /shared/results/common/helm/IntervalActivationPromptCL/ImageNet_CR/30-task_dil_h100/coda-p/var0.1_out0.0001_drift0.1/models/repeat-1/task-14/
=> Save Done
validation split name: 1
 * Val Acc 67.600, Total time 6.39
validation split name: 2
 * Val Acc 66.752, Total time 2.00
validation split name: 3
 * Val Acc 78.933, Total time 6.39
validation split name: 4
 * Val Acc 58.381, Total time 4.48
validation split name: 5
 * Val Acc 78.033, Total time 6.39
validation split name: 6
 * Val Acc 72.297, Total time 2.65
validation split name: 7
 * Val Acc 73.533, Total time 6.39
validation split name: 8
 * Val Acc 61.818, Total time 1.05
validation split name: 9
 * Val Acc 75.733, Total time 6.40
validation split name: 10
 * Val Acc 55.556, Total time 0.85
validation split name: 11
 * Val Acc 87.167, Total time 6.39
validation split name: 12
 * Val Acc 71.756, Total time 0.79
validation split name: 13
 * Val Acc 93.533, Total time 6.40
validation split name: 14
 * Val Acc 73.504, Total time 0.72
Volume of the cumulative hypercube for 1-th layer in classification head: 3.686354875564575
====================== 15 =======================
Optimizer is reset!
*****************************************
LR: 0.001
Epoch:1/50
 * Loss 0.304 | Train Acc 96.574
LR: 0.001
Epoch:2/50
 * Loss 0.138 | Train Acc 99.498
LR: 0.000999496439640115
Epoch:3/50
 * Loss 0.107 | Train Acc 99.814
LR: 0.0009979862657065323
Epoch:4/50
 * Loss 0.099 | Train Acc 99.842
LR: 0.0009954709991267107
Epoch:5/50
 * Loss 0.093 | Train Acc 99.957
LR: 0.0009919531730777384
Epoch:6/50
 * Loss 0.091 | Train Acc 99.928
LR: 0.000987436330435118
Epoch:7/50
 * Loss 0.086 | Train Acc 99.943
LR: 0.0009819250202046628
Epoch:8/50
 * Loss 0.084 | Train Acc 99.986
LR: 0.0009754247929410992
Epoch:9/50
 * Loss 0.088 | Train Acc 99.885
LR: 0.0009679421951579872
Epoch:10/50
 * Loss 0.085 | Train Acc 99.971
LR: 0.000959484762734592
Epoch:11/50
 * Loss 0.081 | Train Acc 99.986
LR: 0.0009500610133263432
Epoch:12/50
 * Loss 0.081 | Train Acc 99.971
LR: 0.0009396804377865279
Epoch:13/50
 * Loss 0.079 | Train Acc 99.986
LR: 0.0009283534906078554
Epoch:14/50
 * Loss 0.078 | Train Acc 100.000
LR: 0.0009160915793935209
Epoch:15/50
 * Loss 0.076 | Train Acc 100.000
LR: 0.0009029070533683724
Epoch:16/50
 * Loss 0.078 | Train Acc 99.957
LR: 0.0008888131909417503
Epoch:17/50
 * Loss 0.077 | Train Acc 99.943
LR: 0.0008738241863345259
Epoch:18/50
 * Loss 0.079 | Train Acc 99.943
LR: 0.0008579551352838078
Epoch:19/50
 * Loss 0.077 | Train Acc 99.971
LR: 0.0008412220198397124
Epoch:20/50
 * Loss 0.075 | Train Acc 99.986
LR: 0.0008236416922695099
Epoch:21/50
 * Loss 0.072 | Train Acc 100.000
LR: 0.0008052318580853562
Epoch:22/50
 * Loss 0.072 | Train Acc 100.000
LR: 0.000786011058212706
Epoch:23/50
 * Loss 0.073 | Train Acc 99.986
LR: 0.0007659986503173616
Epoch:24/50
 * Loss 0.072 | Train Acc 100.000
LR: 0.0007452147893099667
Epoch:25/50
 * Loss 0.072 | Train Acc 99.971
LR: 0.0007236804070475787
Epoch:26/50
 * Loss 0.070 | Train Acc 100.000
LR: 0.0007014171912527616
Epoch:27/50
 * Loss 0.070 | Train Acc 99.986
LR: 0.0006784475636714309
Epoch:28/50
 * Loss 0.069 | Train Acc 100.000
LR: 0.0006547946574914495
Epoch:29/50
 * Loss 0.068 | Train Acc 100.000
LR: 0.0006304822940447137
Epoch:30/50
 * Loss 0.068 | Train Acc 100.000
LR: 0.0006055349588161974
Epoch:31/50
 * Loss 0.067 | Train Acc 100.000
LR: 0.0005799777767841123
Epoch:32/50
 * Loss 0.066 | Train Acc 100.000
LR: 0.0005538364871160218
Epoch:33/50
 * Loss 0.066 | Train Acc 100.000
LR: 0.0005271374172463922
Epoch:34/50
 * Loss 0.066 | Train Acc 100.000
LR: 0.0004999074563616878
Epoch:35/50
 * Loss 0.065 | Train Acc 100.000
LR: 0.0004721740283197138
Epoch:36/50
 * Loss 0.065 | Train Acc 100.000
LR: 0.00044396506403048214
Epoch:37/50
 * Loss 0.064 | Train Acc 100.000
LR: 0.0004153089733264112
Epoch:38/50
 * Loss 0.064 | Train Acc 100.000
LR: 0.00038623461635019685
Epoch:39/50
 * Loss 0.064 | Train Acc 100.000
LR: 0.000356771274489164
Epoch:40/50
 * Loss 0.063 | Train Acc 100.000
LR: 0.0003269486208853742
Epoch:41/50
 * Loss 0.063 | Train Acc 100.000
LR: 0.00029679669055119055
Epoch:42/50
 * Loss 0.062 | Train Acc 100.000
LR: 0.00026634585012039387
Epoch:43/50
 * Loss 0.062 | Train Acc 100.000
LR: 0.000235626767265316
Epoch:44/50
 * Loss 0.062 | Train Acc 100.000
LR: 0.0002046703798107928
Epoch:45/50
 * Loss 0.061 | Train Acc 100.000
LR: 0.00017350786457603917
Epoch:46/50
 * Loss 0.061 | Train Acc 100.000
LR: 0.0001421706059758278
Epoch:47/50
 * Loss 0.060 | Train Acc 100.000
LR: 0.00011069016441259591
Epoch:48/50
 * Loss 0.060 | Train Acc 100.000
LR: 7.909824449130957e-05
Epoch:49/50
 * Loss 0.060 | Train Acc 100.000
LR: 4.742666308909818e-05
Epoch:50/50
 * Loss 0.060 | Train Acc 100.000
=> Saving class model to: /shared/results/common/helm/IntervalActivationPromptCL/ImageNet_CR/30-task_dil_h100/coda-p/var0.1_out0.0001_drift0.1/models/repeat-1/task-15/
=> Save Done
validation split name: 1
 * Val Acc 77.167, Total time 11.70
validation split name: 2
 * Val Acc 65.985, Total time 1.77
validation split name: 3
 * Val Acc 85.933, Total time 6.58
validation split name: 4
 * Val Acc 58.571, Total time 4.28
validation split name: 5
 * Val Acc 84.900, Total time 6.36
validation split name: 6
 * Val Acc 74.493, Total time 2.15
validation split name: 7
 * Val Acc 76.500, Total time 6.76
validation split name: 8
 * Val Acc 60.909, Total time 1.13
validation split name: 9
 * Val Acc 75.700, Total time 6.40
validation split name: 10
 * Val Acc 50.617, Total time 0.90
validation split name: 11
 * Val Acc 90.700, Total time 6.41
validation split name: 12
 * Val Acc 66.412, Total time 0.81
validation split name: 13
 * Val Acc 95.433, Total time 6.87
validation split name: 14
 * Val Acc 68.376, Total time 0.69
validation split name: 15
 * Val Acc 97.767, Total time 13.95
Volume of the cumulative hypercube for 1-th layer in classification head: 3.6864206790924072
====================== 16 =======================
Optimizer is reset!
*****************************************
LR: 0.001
Epoch:1/50
 * Loss 2.115 | Train Acc 79.834
LR: 0.001
Epoch:2/50
 * Loss 1.372 | Train Acc 85.400
LR: 0.000999496439640115
Epoch:3/50
 * Loss 0.939 | Train Acc 89.404
LR: 0.0009979862657065323
Epoch:4/50
 * Loss 0.615 | Train Acc 93.848
LR: 0.0009954709991267107
Epoch:5/50
 * Loss 0.407 | Train Acc 96.436
LR: 0.0009919531730777384
Epoch:6/50
 * Loss 0.282 | Train Acc 98.682
LR: 0.000987436330435118
Epoch:7/50
 * Loss 0.225 | Train Acc 99.365
LR: 0.0009819250202046628
Epoch:8/50
 * Loss 0.194 | Train Acc 99.756
LR: 0.0009754247929410992
Epoch:9/50
 * Loss 0.180 | Train Acc 99.756
LR: 0.0009679421951579872
Epoch:10/50
 * Loss 0.170 | Train Acc 99.854
LR: 0.000959484762734592
Epoch:11/50
 * Loss 0.164 | Train Acc 99.951
LR: 0.0009500610133263432
Epoch:12/50
 * Loss 0.158 | Train Acc 99.951
LR: 0.0009396804377865279
Epoch:13/50
 * Loss 0.154 | Train Acc 100.000
LR: 0.0009283534906078554
Epoch:14/50
 * Loss 0.151 | Train Acc 100.000
LR: 0.0009160915793935209
Epoch:15/50
 * Loss 0.149 | Train Acc 100.000
LR: 0.0009029070533683724
Epoch:16/50
 * Loss 0.147 | Train Acc 100.000
LR: 0.0008888131909417503
Epoch:17/50
 * Loss 0.143 | Train Acc 100.000
LR: 0.0008738241863345259
Epoch:18/50
 * Loss 0.142 | Train Acc 100.000
LR: 0.0008579551352838078
Epoch:19/50
 * Loss 0.141 | Train Acc 100.000
LR: 0.0008412220198397124
Epoch:20/50
 * Loss 0.138 | Train Acc 100.000
LR: 0.0008236416922695099
Epoch:21/50
 * Loss 0.137 | Train Acc 100.000
LR: 0.0008052318580853562
Epoch:22/50
 * Loss 0.135 | Train Acc 100.000
LR: 0.000786011058212706
Epoch:23/50
 * Loss 0.133 | Train Acc 100.000
LR: 0.0007659986503173616
Epoch:24/50
 * Loss 0.133 | Train Acc 100.000
LR: 0.0007452147893099667
Epoch:25/50
 * Loss 0.131 | Train Acc 100.000
LR: 0.0007236804070475787
Epoch:26/50
 * Loss 0.129 | Train Acc 100.000
LR: 0.0007014171912527616
Epoch:27/50
 * Loss 0.129 | Train Acc 100.000
LR: 0.0006784475636714309
Epoch:28/50
 * Loss 0.127 | Train Acc 100.000
LR: 0.0006547946574914495
Epoch:29/50
 * Loss 0.127 | Train Acc 100.000
LR: 0.0006304822940447137
Epoch:30/50
 * Loss 0.126 | Train Acc 100.000
LR: 0.0006055349588161974
Epoch:31/50
 * Loss 0.125 | Train Acc 100.000
LR: 0.0005799777767841123
Epoch:32/50
 * Loss 0.124 | Train Acc 100.000
LR: 0.0005538364871160218
Epoch:33/50
 * Loss 0.123 | Train Acc 100.000
LR: 0.0005271374172463922
Epoch:34/50
 * Loss 0.123 | Train Acc 100.000
LR: 0.0004999074563616878
Epoch:35/50
 * Loss 0.122 | Train Acc 100.000
LR: 0.0004721740283197138
Epoch:36/50
 * Loss 0.121 | Train Acc 100.000
LR: 0.00044396506403048214
Epoch:37/50
 * Loss 0.120 | Train Acc 100.000
LR: 0.0004153089733264112
Epoch:38/50
 * Loss 0.119 | Train Acc 100.000
LR: 0.00038623461635019685
Epoch:39/50
 * Loss 0.119 | Train Acc 100.000
LR: 0.000356771274489164
Epoch:40/50
 * Loss 0.118 | Train Acc 100.000
LR: 0.0003269486208853742
Epoch:41/50
 * Loss 0.118 | Train Acc 100.000
LR: 0.00029679669055119055
Epoch:42/50
 * Loss 0.117 | Train Acc 100.000
LR: 0.00026634585012039387
Epoch:43/50
 * Loss 0.116 | Train Acc 100.000
LR: 0.000235626767265316
Epoch:44/50
 * Loss 0.116 | Train Acc 100.000
LR: 0.0002046703798107928
Epoch:45/50
 * Loss 0.116 | Train Acc 100.000
LR: 0.00017350786457603917
Epoch:46/50
 * Loss 0.115 | Train Acc 100.000
LR: 0.0001421706059758278
Epoch:47/50
 * Loss 0.115 | Train Acc 100.000
LR: 0.00011069016441259591
Epoch:48/50
 * Loss 0.116 | Train Acc 100.000
LR: 7.909824449130957e-05
Epoch:49/50
 * Loss 0.115 | Train Acc 100.000
LR: 4.742666308909818e-05
Epoch:50/50
 * Loss 0.115 | Train Acc 100.000
=> Saving class model to: /shared/results/common/helm/IntervalActivationPromptCL/ImageNet_CR/30-task_dil_h100/coda-p/var0.1_out0.0001_drift0.1/models/repeat-1/task-16/
=> Save Done
validation split name: 1
 * Val Acc 73.033, Total time 6.53
validation split name: 2
 * Val Acc 70.588, Total time 2.44
validation split name: 3
 * Val Acc 80.033, Total time 6.47
validation split name: 4
 * Val Acc 65.429, Total time 4.43
validation split name: 5
 * Val Acc 80.267, Total time 6.41
validation split name: 6
 * Val Acc 75.169, Total time 2.13
validation split name: 7
 * Val Acc 72.733, Total time 6.42
validation split name: 8
 * Val Acc 70.000, Total time 1.10
validation split name: 9
 * Val Acc 71.700, Total time 6.41
validation split name: 10
 * Val Acc 56.790, Total time 0.94
validation split name: 11
 * Val Acc 84.867, Total time 6.56
validation split name: 12
 * Val Acc 75.573, Total time 0.80
validation split name: 13
 * Val Acc 93.267, Total time 6.58
validation split name: 14
 * Val Acc 75.214, Total time 0.72
validation split name: 15
 * Val Acc 95.500, Total time 6.38
validation split name: 16
 * Val Acc 84.399, Total time 3.70
Volume of the cumulative hypercube for 1-th layer in classification head: 3.6868479251861572
====================== 17 =======================
Optimizer is reset!
*****************************************
LR: 0.001
Epoch:1/50
 * Loss 0.637 | Train Acc 92.446
LR: 0.001
Epoch:2/50
 * Loss 0.264 | Train Acc 97.506
LR: 0.000999496439640115
Epoch:3/50
 * Loss 0.172 | Train Acc 99.183
LR: 0.0009979862657065323
Epoch:4/50
 * Loss 0.145 | Train Acc 99.613
LR: 0.0009954709991267107
Epoch:5/50
 * Loss 0.130 | Train Acc 99.713
LR: 0.0009919531730777384
Epoch:6/50
 * Loss 0.120 | Train Acc 99.857
LR: 0.000987436330435118
Epoch:7/50
 * Loss 0.114 | Train Acc 99.885
LR: 0.0009819250202046628
Epoch:8/50
 * Loss 0.112 | Train Acc 99.900
LR: 0.0009754247929410992
Epoch:9/50
 * Loss 0.107 | Train Acc 99.914
LR: 0.0009679421951579872
Epoch:10/50
 * Loss 0.104 | Train Acc 99.943
LR: 0.000959484762734592
Epoch:11/50
 * Loss 0.102 | Train Acc 99.928
LR: 0.0009500610133263432
Epoch:12/50
 * Loss 0.101 | Train Acc 99.957
LR: 0.0009396804377865279
Epoch:13/50
 * Loss 0.098 | Train Acc 99.971
LR: 0.0009283534906078554
Epoch:14/50
 * Loss 0.099 | Train Acc 99.900
LR: 0.0009160915793935209
Epoch:15/50
 * Loss 0.097 | Train Acc 99.986
LR: 0.0009029070533683724
Epoch:16/50
 * Loss 0.094 | Train Acc 99.928
LR: 0.0008888131909417503
Epoch:17/50
 * Loss 0.093 | Train Acc 99.943
LR: 0.0008738241863345259
Epoch:18/50
 * Loss 0.092 | Train Acc 99.957
LR: 0.0008579551352838078
Epoch:19/50
 * Loss 0.091 | Train Acc 99.943
LR: 0.0008412220198397124
Epoch:20/50
 * Loss 0.089 | Train Acc 100.000
LR: 0.0008236416922695099
Epoch:21/50
 * Loss 0.086 | Train Acc 100.000
LR: 0.0008052318580853562
Epoch:22/50
 * Loss 0.087 | Train Acc 99.971
LR: 0.000786011058212706
Epoch:23/50
 * Loss 0.086 | Train Acc 100.000
LR: 0.0007659986503173616
Epoch:24/50
 * Loss 0.085 | Train Acc 100.000
LR: 0.0007452147893099667
Epoch:25/50
 * Loss 0.084 | Train Acc 100.000
LR: 0.0007236804070475787
Epoch:26/50
 * Loss 0.083 | Train Acc 99.986
LR: 0.0007014171912527616
Epoch:27/50
 * Loss 0.082 | Train Acc 100.000
LR: 0.0006784475636714309
Epoch:28/50
 * Loss 0.082 | Train Acc 99.986
LR: 0.0006547946574914495
Epoch:29/50
 * Loss 0.080 | Train Acc 100.000
LR: 0.0006304822940447137
Epoch:30/50
 * Loss 0.080 | Train Acc 99.986
LR: 0.0006055349588161974
Epoch:31/50
 * Loss 0.080 | Train Acc 100.000
LR: 0.0005799777767841123
Epoch:32/50
 * Loss 0.079 | Train Acc 100.000
LR: 0.0005538364871160218
Epoch:33/50
 * Loss 0.077 | Train Acc 100.000
LR: 0.0005271374172463922
Epoch:34/50
 * Loss 0.077 | Train Acc 100.000
LR: 0.0004999074563616878
Epoch:35/50
 * Loss 0.077 | Train Acc 100.000
LR: 0.0004721740283197138
Epoch:36/50
 * Loss 0.075 | Train Acc 100.000
LR: 0.00044396506403048214
Epoch:37/50
 * Loss 0.076 | Train Acc 99.971
LR: 0.0004153089733264112
Epoch:38/50
 * Loss 0.075 | Train Acc 100.000
LR: 0.00038623461635019685
Epoch:39/50
 * Loss 0.075 | Train Acc 100.000
LR: 0.000356771274489164
Epoch:40/50
 * Loss 0.073 | Train Acc 100.000
LR: 0.0003269486208853742
Epoch:41/50
 * Loss 0.073 | Train Acc 100.000
LR: 0.00029679669055119055
Epoch:42/50
 * Loss 0.073 | Train Acc 100.000
LR: 0.00026634585012039387
Epoch:43/50
 * Loss 0.072 | Train Acc 100.000
LR: 0.000235626767265316
Epoch:44/50
 * Loss 0.072 | Train Acc 100.000
LR: 0.0002046703798107928
Epoch:45/50
 * Loss 0.071 | Train Acc 100.000
LR: 0.00017350786457603917
Epoch:46/50
 * Loss 0.071 | Train Acc 100.000
LR: 0.0001421706059758278
Epoch:47/50
 * Loss 0.070 | Train Acc 100.000
LR: 0.00011069016441259591
Epoch:48/50
 * Loss 0.070 | Train Acc 100.000
LR: 7.909824449130957e-05
Epoch:49/50
 * Loss 0.069 | Train Acc 100.000
LR: 4.742666308909818e-05
Epoch:50/50
 * Loss 0.069 | Train Acc 100.000
=> Saving class model to: /shared/results/common/helm/IntervalActivationPromptCL/ImageNet_CR/30-task_dil_h100/coda-p/var0.1_out0.0001_drift0.1/models/repeat-1/task-17/
=> Save Done
validation split name: 1
 * Val Acc 74.267, Total time 6.53
validation split name: 2
 * Val Acc 67.519, Total time 2.07
validation split name: 3
 * Val Acc 83.900, Total time 7.04
validation split name: 4
 * Val Acc 61.524, Total time 4.40
validation split name: 5
 * Val Acc 82.900, Total time 6.40
validation split name: 6
 * Val Acc 74.155, Total time 2.15
validation split name: 7
 * Val Acc 74.800, Total time 6.45
validation split name: 8
 * Val Acc 61.818, Total time 1.11
validation split name: 9
 * Val Acc 72.167, Total time 6.39
validation split name: 10
 * Val Acc 53.704, Total time 0.90
validation split name: 11
 * Val Acc 91.367, Total time 6.43
validation split name: 12
 * Val Acc 67.939, Total time 1.11
validation split name: 13
 * Val Acc 95.233, Total time 6.54
validation split name: 14
 * Val Acc 59.829, Total time 0.76
validation split name: 15
 * Val Acc 96.933, Total time 6.41
validation split name: 16
 * Val Acc 80.818, Total time 3.39
validation split name: 17
 * Val Acc 96.267, Total time 13.45
Volume of the cumulative hypercube for 1-th layer in classification head: 3.6870195865631104
====================== 18 =======================
Optimizer is reset!
*****************************************
LR: 0.001
Epoch:1/50
 * Loss 3.035 | Train Acc 69.048
LR: 0.001
Epoch:2/50
 * Loss 1.993 | Train Acc 77.183
LR: 0.000999496439640115
Epoch:3/50
 * Loss 1.479 | Train Acc 82.391
LR: 0.0009979862657065323
Epoch:4/50
 * Loss 1.112 | Train Acc 86.682
LR: 0.0009954709991267107
Epoch:5/50
 * Loss 0.842 | Train Acc 90.427
LR: 0.0009919531730777384
Epoch:6/50
 * Loss 0.633 | Train Acc 93.800
LR: 0.000987436330435118
Epoch:7/50
 * Loss 0.512 | Train Acc 95.933
LR: 0.0009819250202046628
Epoch:8/50
 * Loss 0.438 | Train Acc 97.049
LR: 0.0009754247929410992
Epoch:9/50
 * Loss 0.380 | Train Acc 98.289
LR: 0.0009679421951579872
Epoch:10/50
 * Loss 0.341 | Train Acc 99.082
LR: 0.000959484762734592
Epoch:11/50
 * Loss 0.320 | Train Acc 99.256
LR: 0.0009500610133263432
Epoch:12/50
 * Loss 0.302 | Train Acc 99.306
LR: 0.0009396804377865279
Epoch:13/50
 * Loss 0.288 | Train Acc 99.653
LR: 0.0009283534906078554
Epoch:14/50
 * Loss 0.279 | Train Acc 99.777
LR: 0.0009160915793935209
Epoch:15/50
 * Loss 0.272 | Train Acc 99.950
LR: 0.0009029070533683724
Epoch:16/50
 * Loss 0.265 | Train Acc 99.876
LR: 0.0008888131909417503
Epoch:17/50
 * Loss 0.257 | Train Acc 99.926
LR: 0.0008738241863345259
Epoch:18/50
 * Loss 0.255 | Train Acc 99.826
LR: 0.0008579551352838078
Epoch:19/50
 * Loss 0.251 | Train Acc 99.826
LR: 0.0008412220198397124
Epoch:20/50
 * Loss 0.246 | Train Acc 99.901
LR: 0.0008236416922695099
Epoch:21/50
 * Loss 0.241 | Train Acc 99.926
LR: 0.0008052318580853562
Epoch:22/50
 * Loss 0.238 | Train Acc 99.926
LR: 0.000786011058212706
Epoch:23/50
 * Loss 0.236 | Train Acc 99.950
LR: 0.0007659986503173616
Epoch:24/50
 * Loss 0.231 | Train Acc 99.926
LR: 0.0007452147893099667
Epoch:25/50
 * Loss 0.228 | Train Acc 99.950
LR: 0.0007236804070475787
Epoch:26/50
 * Loss 0.226 | Train Acc 99.926
LR: 0.0007014171912527616
Epoch:27/50
 * Loss 0.224 | Train Acc 99.926
LR: 0.0006784475636714309
Epoch:28/50
 * Loss 0.222 | Train Acc 99.950
LR: 0.0006547946574914495
Epoch:29/50
 * Loss 0.219 | Train Acc 99.926
LR: 0.0006304822940447137
Epoch:30/50
 * Loss 0.217 | Train Acc 99.926
LR: 0.0006055349588161974
Epoch:31/50
 * Loss 0.215 | Train Acc 99.926
LR: 0.0005799777767841123
Epoch:32/50
 * Loss 0.211 | Train Acc 99.950
LR: 0.0005538364871160218
Epoch:33/50
 * Loss 0.211 | Train Acc 99.950
LR: 0.0005271374172463922
Epoch:34/50
 * Loss 0.209 | Train Acc 99.950
LR: 0.0004999074563616878
Epoch:35/50
 * Loss 0.207 | Train Acc 99.926
LR: 0.0004721740283197138
Epoch:36/50
 * Loss 0.205 | Train Acc 99.926
LR: 0.00044396506403048214
Epoch:37/50
 * Loss 0.204 | Train Acc 99.950
LR: 0.0004153089733264112
Epoch:38/50
 * Loss 0.202 | Train Acc 99.926
LR: 0.00038623461635019685
Epoch:39/50
 * Loss 0.200 | Train Acc 99.950
LR: 0.000356771274489164
Epoch:40/50
 * Loss 0.199 | Train Acc 99.926
LR: 0.0003269486208853742
Epoch:41/50
 * Loss 0.197 | Train Acc 99.926
LR: 0.00029679669055119055
Epoch:42/50
 * Loss 0.196 | Train Acc 99.950
LR: 0.00026634585012039387
Epoch:43/50
 * Loss 0.195 | Train Acc 99.950
LR: 0.000235626767265316
Epoch:44/50
 * Loss 0.194 | Train Acc 99.926
LR: 0.0002046703798107928
Epoch:45/50
 * Loss 0.193 | Train Acc 99.926
LR: 0.00017350786457603917
Epoch:46/50
 * Loss 0.192 | Train Acc 99.926
LR: 0.0001421706059758278
Epoch:47/50
 * Loss 0.192 | Train Acc 99.950
LR: 0.00011069016441259591
Epoch:48/50
 * Loss 0.190 | Train Acc 99.950
LR: 7.909824449130957e-05
Epoch:49/50
 * Loss 0.190 | Train Acc 99.975
LR: 4.742666308909818e-05
Epoch:50/50
 * Loss 0.189 | Train Acc 99.950
=> Saving class model to: /shared/results/common/helm/IntervalActivationPromptCL/ImageNet_CR/30-task_dil_h100/coda-p/var0.1_out0.0001_drift0.1/models/repeat-1/task-18/
=> Save Done
validation split name: 1
 * Val Acc 69.733, Total time 6.96
validation split name: 2
 * Val Acc 65.473, Total time 1.94
validation split name: 3
 * Val Acc 76.900, Total time 6.65
validation split name: 4
 * Val Acc 53.905, Total time 4.36
validation split name: 5
 * Val Acc 75.900, Total time 6.79
validation split name: 6
 * Val Acc 73.986, Total time 2.24
validation split name: 7
 * Val Acc 66.467, Total time 6.78
validation split name: 8
 * Val Acc 56.364, Total time 1.15
validation split name: 9
 * Val Acc 68.367, Total time 6.49
validation split name: 10
 * Val Acc 56.790, Total time 0.87
validation split name: 11
 * Val Acc 81.633, Total time 6.45
validation split name: 12
 * Val Acc 67.176, Total time 0.80
validation split name: 13
 * Val Acc 92.467, Total time 6.39
validation split name: 14
 * Val Acc 56.410, Total time 0.69
validation split name: 15
 * Val Acc 93.033, Total time 6.39
validation split name: 16
 * Val Acc 76.215, Total time 3.31
validation split name: 17
 * Val Acc 89.600, Total time 7.03
validation split name: 18
 * Val Acc 81.032, Total time 7.40
Volume of the cumulative hypercube for 1-th layer in classification head: 3.694509506225586
====================== 19 =======================
Optimizer is reset!
*****************************************
LR: 0.001
Epoch:1/50
 * Loss 0.824 | Train Acc 90.912
LR: 0.001
Epoch:2/50
 * Loss 0.338 | Train Acc 96.302
LR: 0.000999496439640115
Epoch:3/50
 * Loss 0.230 | Train Acc 98.380
LR: 0.0009979862657065323
Epoch:4/50
 * Loss 0.185 | Train Acc 98.997
LR: 0.0009954709991267107
Epoch:5/50
 * Loss 0.163 | Train Acc 99.513
LR: 0.0009919531730777384
Epoch:6/50
 * Loss 0.146 | Train Acc 99.756
LR: 0.000987436330435118
Epoch:7/50
 * Loss 0.141 | Train Acc 99.728
LR: 0.0009819250202046628
Epoch:8/50
 * Loss 0.131 | Train Acc 99.871
LR: 0.0009754247929410992
Epoch:9/50
 * Loss 0.127 | Train Acc 99.871
LR: 0.0009679421951579872
Epoch:10/50
 * Loss 0.122 | Train Acc 99.914
LR: 0.000959484762734592
Epoch:11/50
 * Loss 0.122 | Train Acc 99.900
LR: 0.0009500610133263432
Epoch:12/50
 * Loss 0.118 | Train Acc 99.957
LR: 0.0009396804377865279
Epoch:13/50
 * Loss 0.117 | Train Acc 99.900
LR: 0.0009283534906078554
Epoch:14/50
 * Loss 0.118 | Train Acc 99.885
LR: 0.0009160915793935209
Epoch:15/50
 * Loss 0.113 | Train Acc 99.986
LR: 0.0009029070533683724
Epoch:16/50
 * Loss 0.112 | Train Acc 99.914
LR: 0.0008888131909417503
Epoch:17/50
 * Loss 0.111 | Train Acc 99.986
LR: 0.0008738241863345259
Epoch:18/50
 * Loss 0.110 | Train Acc 99.928
LR: 0.0008579551352838078
Epoch:19/50
 * Loss 0.107 | Train Acc 99.971
LR: 0.0008412220198397124
Epoch:20/50
 * Loss 0.107 | Train Acc 99.957
LR: 0.0008236416922695099
Epoch:21/50
 * Loss 0.105 | Train Acc 100.000
LR: 0.0008052318580853562
Epoch:22/50
 * Loss 0.104 | Train Acc 99.971
LR: 0.000786011058212706
Epoch:23/50
 * Loss 0.104 | Train Acc 99.971
LR: 0.0007659986503173616
Epoch:24/50
 * Loss 0.103 | Train Acc 99.986
LR: 0.0007452147893099667
Epoch:25/50
 * Loss 0.101 | Train Acc 99.986
LR: 0.0007236804070475787
Epoch:26/50
 * Loss 0.099 | Train Acc 99.986
LR: 0.0007014171912527616
Epoch:27/50
 * Loss 0.100 | Train Acc 99.957
LR: 0.0006784475636714309
Epoch:28/50
 * Loss 0.103 | Train Acc 99.928
LR: 0.0006547946574914495
Epoch:29/50
 * Loss 0.098 | Train Acc 99.957
LR: 0.0006304822940447137
Epoch:30/50
 * Loss 0.096 | Train Acc 99.971
LR: 0.0006055349588161974
Epoch:31/50
 * Loss 0.095 | Train Acc 99.986
LR: 0.0005799777767841123
Epoch:32/50
 * Loss 0.094 | Train Acc 100.000
LR: 0.0005538364871160218
Epoch:33/50
 * Loss 0.092 | Train Acc 100.000
LR: 0.0005271374172463922
Epoch:34/50
 * Loss 0.092 | Train Acc 100.000
LR: 0.0004999074563616878
Epoch:35/50
 * Loss 0.091 | Train Acc 100.000
LR: 0.0004721740283197138
Epoch:36/50
 * Loss 0.091 | Train Acc 100.000
LR: 0.00044396506403048214
Epoch:37/50
 * Loss 0.089 | Train Acc 100.000
LR: 0.0004153089733264112
Epoch:38/50
 * Loss 0.089 | Train Acc 100.000
LR: 0.00038623461635019685
Epoch:39/50
 * Loss 0.089 | Train Acc 100.000
LR: 0.000356771274489164
Epoch:40/50
 * Loss 0.088 | Train Acc 100.000
LR: 0.0003269486208853742
Epoch:41/50
 * Loss 0.086 | Train Acc 100.000
LR: 0.00029679669055119055
Epoch:42/50
 * Loss 0.087 | Train Acc 100.000
LR: 0.00026634585012039387
Epoch:43/50
 * Loss 0.086 | Train Acc 100.000
LR: 0.000235626767265316
Epoch:44/50
 * Loss 0.085 | Train Acc 100.000
LR: 0.0002046703798107928
Epoch:45/50
 * Loss 0.085 | Train Acc 100.000
LR: 0.00017350786457603917
Epoch:46/50
 * Loss 0.084 | Train Acc 100.000
LR: 0.0001421706059758278
Epoch:47/50
 * Loss 0.084 | Train Acc 100.000
LR: 0.00011069016441259591
Epoch:48/50
 * Loss 0.083 | Train Acc 100.000
LR: 7.909824449130957e-05
Epoch:49/50
 * Loss 0.083 | Train Acc 100.000
LR: 4.742666308909818e-05
Epoch:50/50
 * Loss 0.082 | Train Acc 100.000
=> Saving class model to: /shared/results/common/helm/IntervalActivationPromptCL/ImageNet_CR/30-task_dil_h100/coda-p/var0.1_out0.0001_drift0.1/models/repeat-1/task-19/
=> Save Done
validation split name: 1
 * Val Acc 71.100, Total time 6.62
validation split name: 2
 * Val Acc 66.240, Total time 1.86
validation split name: 3
 * Val Acc 80.267, Total time 6.43
validation split name: 4
 * Val Acc 58.667, Total time 4.33
validation split name: 5
 * Val Acc 78.433, Total time 6.44
validation split name: 6
 * Val Acc 74.831, Total time 2.17
validation split name: 7
 * Val Acc 69.400, Total time 6.97
validation split name: 8
 * Val Acc 59.091, Total time 1.05
validation split name: 9
 * Val Acc 69.467, Total time 6.38
validation split name: 10
 * Val Acc 58.642, Total time 0.91
validation split name: 11
 * Val Acc 86.067, Total time 6.38
validation split name: 12
 * Val Acc 67.176, Total time 0.77
validation split name: 13
 * Val Acc 95.533, Total time 6.39
validation split name: 14
 * Val Acc 63.248, Total time 0.69
validation split name: 15
 * Val Acc 96.233, Total time 6.43
validation split name: 16
 * Val Acc 78.261, Total time 3.44
validation split name: 17
 * Val Acc 93.533, Total time 6.44
validation split name: 18
 * Val Acc 73.197, Total time 7.17
validation split name: 19
 * Val Acc 94.000, Total time 20.41
Volume of the cumulative hypercube for 1-th layer in classification head: 3.6948578357696533
====================== 20 =======================
Optimizer is reset!
*****************************************
LR: 0.001
Epoch:1/50
 * Loss 4.516 | Train Acc 58.854
LR: 0.001
Epoch:2/50
 * Loss 3.104 | Train Acc 68.229
LR: 0.000999496439640115
Epoch:3/50
 * Loss 2.552 | Train Acc 71.094
LR: 0.0009979862657065323
Epoch:4/50
 * Loss 1.888 | Train Acc 78.385
LR: 0.0009954709991267107
Epoch:5/50
 * Loss 1.658 | Train Acc 78.906
LR: 0.0009919531730777384
Epoch:6/50
 * Loss 1.304 | Train Acc 83.854
LR: 0.000987436330435118
Epoch:7/50
 * Loss 1.008 | Train Acc 88.281
LR: 0.0009819250202046628
Epoch:8/50
 * Loss 0.824 | Train Acc 90.885
LR: 0.0009754247929410992
Epoch:9/50
 * Loss 0.629 | Train Acc 94.010
LR: 0.0009679421951579872
Epoch:10/50
 * Loss 0.521 | Train Acc 95.312
LR: 0.000959484762734592
Epoch:11/50
 * Loss 0.401 | Train Acc 97.656
LR: 0.0009500610133263432
Epoch:12/50
 * Loss 0.290 | Train Acc 98.958
LR: 0.0009396804377865279
Epoch:13/50
 * Loss 0.247 | Train Acc 99.479
LR: 0.0009283534906078554
Epoch:14/50
 * Loss 0.214 | Train Acc 99.479
LR: 0.0009160915793935209
Epoch:15/50
 * Loss 0.188 | Train Acc 100.000
LR: 0.0009029070533683724
Epoch:16/50
 * Loss 0.174 | Train Acc 100.000
LR: 0.0008888131909417503
Epoch:17/50
 * Loss 0.171 | Train Acc 100.000
LR: 0.0008738241863345259
Epoch:18/50
 * Loss 0.162 | Train Acc 100.000
LR: 0.0008579551352838078
Epoch:19/50
 * Loss 0.160 | Train Acc 100.000
LR: 0.0008412220198397124
Epoch:20/50
 * Loss 0.153 | Train Acc 100.000
LR: 0.0008236416922695099
Epoch:21/50
 * Loss 0.151 | Train Acc 100.000
LR: 0.0008052318580853562
Epoch:22/50
 * Loss 0.147 | Train Acc 100.000
LR: 0.000786011058212706
Epoch:23/50
 * Loss 0.148 | Train Acc 100.000
LR: 0.0007659986503173616
Epoch:24/50
 * Loss 0.142 | Train Acc 100.000
LR: 0.0007452147893099667
Epoch:25/50
 * Loss 0.143 | Train Acc 100.000
LR: 0.0007236804070475787
Epoch:26/50
 * Loss 0.140 | Train Acc 100.000
LR: 0.0007014171912527616
Epoch:27/50
 * Loss 0.137 | Train Acc 100.000
LR: 0.0006784475636714309
Epoch:28/50
 * Loss 0.138 | Train Acc 100.000
LR: 0.0006547946574914495
Epoch:29/50
 * Loss 0.135 | Train Acc 100.000
LR: 0.0006304822940447137
Epoch:30/50
 * Loss 0.137 | Train Acc 100.000
LR: 0.0006055349588161974
Epoch:31/50
 * Loss 0.134 | Train Acc 100.000
LR: 0.0005799777767841123
Epoch:32/50
 * Loss 0.134 | Train Acc 100.000
LR: 0.0005538364871160218
Epoch:33/50
 * Loss 0.132 | Train Acc 100.000
LR: 0.0005271374172463922
Epoch:34/50
 * Loss 0.133 | Train Acc 100.000
LR: 0.0004999074563616878
Epoch:35/50
 * Loss 0.132 | Train Acc 100.000
LR: 0.0004721740283197138
Epoch:36/50
 * Loss 0.132 | Train Acc 100.000
LR: 0.00044396506403048214
Epoch:37/50
 * Loss 0.129 | Train Acc 100.000
LR: 0.0004153089733264112
Epoch:38/50
 * Loss 0.131 | Train Acc 100.000
LR: 0.00038623461635019685
Epoch:39/50
 * Loss 0.129 | Train Acc 100.000
LR: 0.000356771274489164
Epoch:40/50
 * Loss 0.129 | Train Acc 100.000
LR: 0.0003269486208853742
Epoch:41/50
 * Loss 0.129 | Train Acc 100.000
LR: 0.00029679669055119055
Epoch:42/50
 * Loss 0.129 | Train Acc 100.000
LR: 0.00026634585012039387
Epoch:43/50
 * Loss 0.128 | Train Acc 100.000
LR: 0.000235626767265316
Epoch:44/50
 * Loss 0.128 | Train Acc 100.000
LR: 0.0002046703798107928
Epoch:45/50
 * Loss 0.127 | Train Acc 100.000
LR: 0.00017350786457603917
Epoch:46/50
 * Loss 0.127 | Train Acc 100.000
LR: 0.0001421706059758278
Epoch:47/50
 * Loss 0.125 | Train Acc 100.000
LR: 0.00011069016441259591
Epoch:48/50
 * Loss 0.127 | Train Acc 100.000
LR: 7.909824449130957e-05
Epoch:49/50
 * Loss 0.127 | Train Acc 100.000
LR: 4.742666308909818e-05
Epoch:50/50
 * Loss 0.124 | Train Acc 100.000
=> Saving class model to: /shared/results/common/helm/IntervalActivationPromptCL/ImageNet_CR/30-task_dil_h100/coda-p/var0.1_out0.0001_drift0.1/models/repeat-1/task-20/
=> Save Done
validation split name: 1
 * Val Acc 64.933, Total time 6.38
validation split name: 2
 * Val Acc 68.286, Total time 1.88
validation split name: 3
 * Val Acc 76.200, Total time 6.46
validation split name: 4
 * Val Acc 62.000, Total time 4.34
validation split name: 5
 * Val Acc 75.733, Total time 6.82
validation split name: 6
 * Val Acc 72.635, Total time 2.11
validation split name: 7
 * Val Acc 65.533, Total time 6.46
validation split name: 8
 * Val Acc 69.545, Total time 1.04
validation split name: 9
 * Val Acc 67.333, Total time 6.44
validation split name: 10
 * Val Acc 64.198, Total time 0.81
validation split name: 11
 * Val Acc 82.200, Total time 6.34
validation split name: 12
 * Val Acc 73.282, Total time 0.84
validation split name: 13
 * Val Acc 92.967, Total time 6.44
validation split name: 14
 * Val Acc 65.812, Total time 0.90
validation split name: 15
 * Val Acc 93.567, Total time 6.55
validation split name: 16
 * Val Acc 80.946, Total time 3.46
validation split name: 17
 * Val Acc 92.267, Total time 6.61
validation split name: 18
 * Val Acc 62.749, Total time 6.82
validation split name: 19
 * Val Acc 91.933, Total time 6.75
validation split name: 20
 * Val Acc 69.072, Total time 0.74
Volume of the cumulative hypercube for 1-th layer in classification head: 3.6969306468963623
====================== 21 =======================
Optimizer is reset!
*****************************************
LR: 0.001
Epoch:1/50
 * Loss 1.018 | Train Acc 88.288
LR: 0.001
Epoch:2/50
 * Loss 0.510 | Train Acc 93.965
LR: 0.000999496439640115
Epoch:3/50
 * Loss 0.340 | Train Acc 96.775
LR: 0.0009979862657065323
Epoch:4/50
 * Loss 0.272 | Train Acc 98.050
LR: 0.0009954709991267107
Epoch:5/50
 * Loss 0.225 | Train Acc 98.868
LR: 0.0009919531730777384
Epoch:6/50
 * Loss 0.194 | Train Acc 99.412
LR: 0.000987436330435118
Epoch:7/50
 * Loss 0.181 | Train Acc 99.656
LR: 0.0009819250202046628
Epoch:8/50
 * Loss 0.165 | Train Acc 99.799
LR: 0.0009754247929410992
Epoch:9/50
 * Loss 0.159 | Train Acc 99.828
LR: 0.0009679421951579872
Epoch:10/50
 * Loss 0.156 | Train Acc 99.871
LR: 0.000959484762734592
Epoch:11/50
 * Loss 0.151 | Train Acc 99.857
LR: 0.0009500610133263432
Epoch:12/50
 * Loss 0.146 | Train Acc 99.971
LR: 0.0009396804377865279
Epoch:13/50
 * Loss 0.142 | Train Acc 99.914
LR: 0.0009283534906078554
Epoch:14/50
 * Loss 0.144 | Train Acc 99.914
LR: 0.0009160915793935209
Epoch:15/50
 * Loss 0.143 | Train Acc 99.928
LR: 0.0009029070533683724
Epoch:16/50
 * Loss 0.137 | Train Acc 99.957
LR: 0.0008888131909417503
Epoch:17/50
 * Loss 0.136 | Train Acc 99.971
LR: 0.0008738241863345259
Epoch:18/50
 * Loss 0.137 | Train Acc 99.885
LR: 0.0008579551352838078
Epoch:19/50
 * Loss 0.134 | Train Acc 99.928
LR: 0.0008412220198397124
Epoch:20/50
 * Loss 0.131 | Train Acc 99.957
LR: 0.0008236416922695099
Epoch:21/50
 * Loss 0.126 | Train Acc 99.986
LR: 0.0008052318580853562
Epoch:22/50
 * Loss 0.127 | Train Acc 99.943
LR: 0.000786011058212706
Epoch:23/50
 * Loss 0.124 | Train Acc 99.971
LR: 0.0007659986503173616
Epoch:24/50
 * Loss 0.124 | Train Acc 99.986
LR: 0.0007452147893099667
Epoch:25/50
 * Loss 0.120 | Train Acc 100.000
LR: 0.0007236804070475787
Epoch:26/50
 * Loss 0.119 | Train Acc 99.986
LR: 0.0007014171912527616
Epoch:27/50
 * Loss 0.119 | Train Acc 99.971
LR: 0.0006784475636714309
Epoch:28/50
 * Loss 0.116 | Train Acc 100.000
LR: 0.0006547946574914495
Epoch:29/50
 * Loss 0.117 | Train Acc 99.971
LR: 0.0006304822940447137
Epoch:30/50
 * Loss 0.116 | Train Acc 99.957
LR: 0.0006055349588161974
Epoch:31/50
 * Loss 0.113 | Train Acc 100.000
LR: 0.0005799777767841123
Epoch:32/50
 * Loss 0.111 | Train Acc 99.986
LR: 0.0005538364871160218
Epoch:33/50
 * Loss 0.112 | Train Acc 100.000
LR: 0.0005271374172463922
Epoch:34/50
 * Loss 0.109 | Train Acc 100.000
LR: 0.0004999074563616878
Epoch:35/50
 * Loss 0.109 | Train Acc 100.000
LR: 0.0004721740283197138
Epoch:36/50
 * Loss 0.107 | Train Acc 100.000
LR: 0.00044396506403048214
Epoch:37/50
 * Loss 0.106 | Train Acc 100.000
LR: 0.0004153089733264112
Epoch:38/50
 * Loss 0.105 | Train Acc 100.000
LR: 0.00038623461635019685
Epoch:39/50
 * Loss 0.104 | Train Acc 100.000
LR: 0.000356771274489164
Epoch:40/50
 * Loss 0.103 | Train Acc 100.000
LR: 0.0003269486208853742
Epoch:41/50
 * Loss 0.103 | Train Acc 100.000
LR: 0.00029679669055119055
Epoch:42/50
 * Loss 0.101 | Train Acc 100.000
LR: 0.00026634585012039387
Epoch:43/50
 * Loss 0.101 | Train Acc 100.000
LR: 0.000235626767265316
Epoch:44/50
 * Loss 0.100 | Train Acc 100.000
LR: 0.0002046703798107928
Epoch:45/50
 * Loss 0.100 | Train Acc 100.000
LR: 0.00017350786457603917
Epoch:46/50
 * Loss 0.099 | Train Acc 100.000
LR: 0.0001421706059758278
Epoch:47/50
 * Loss 0.098 | Train Acc 100.000
LR: 0.00011069016441259591
Epoch:48/50
 * Loss 0.098 | Train Acc 100.000
LR: 7.909824449130957e-05
Epoch:49/50
 * Loss 0.097 | Train Acc 100.000
LR: 4.742666308909818e-05
Epoch:50/50
 * Loss 0.096 | Train Acc 100.000
=> Saving class model to: /shared/results/common/helm/IntervalActivationPromptCL/ImageNet_CR/30-task_dil_h100/coda-p/var0.1_out0.0001_drift0.1/models/repeat-1/task-21/
=> Save Done
validation split name: 1
 * Val Acc 67.100, Total time 6.56
validation split name: 2
 * Val Acc 66.240, Total time 1.81
validation split name: 3
 * Val Acc 79.267, Total time 6.36
validation split name: 4
 * Val Acc 59.143, Total time 5.08
validation split name: 5
 * Val Acc 76.433, Total time 6.78
validation split name: 6
 * Val Acc 73.649, Total time 2.35
validation split name: 7
 * Val Acc 66.667, Total time 6.95
validation split name: 8
 * Val Acc 61.364, Total time 1.07
validation split name: 9
 * Val Acc 67.367, Total time 6.41
validation split name: 10
 * Val Acc 59.259, Total time 0.89
validation split name: 11
 * Val Acc 86.900, Total time 6.73
validation split name: 12
 * Val Acc 69.466, Total time 0.85
validation split name: 13
 * Val Acc 95.800, Total time 6.72
validation split name: 14
 * Val Acc 64.103, Total time 0.71
validation split name: 15
 * Val Acc 96.633, Total time 6.69
validation split name: 16
 * Val Acc 78.900, Total time 3.44
validation split name: 17
 * Val Acc 93.967, Total time 6.44
validation split name: 18
 * Val Acc 69.216, Total time 6.92
validation split name: 19
 * Val Acc 95.700, Total time 7.32
validation split name: 20
 * Val Acc 56.701, Total time 0.57
validation split name: 21
 * Val Acc 91.100, Total time 16.32
Volume of the cumulative hypercube for 1-th layer in classification head: 3.698690414428711
====================== 22 =======================
Optimizer is reset!
*****************************************
LR: 0.001
Epoch:1/50
 * Loss 3.778 | Train Acc 63.839
LR: 0.001
Epoch:2/50
 * Loss 2.493 | Train Acc 71.652
LR: 0.000999496439640115
Epoch:3/50
 * Loss 1.835 | Train Acc 78.237
LR: 0.0009979862657065323
Epoch:4/50
 * Loss 1.369 | Train Acc 84.040
LR: 0.0009954709991267107
Epoch:5/50
 * Loss 0.990 | Train Acc 88.170
LR: 0.0009919531730777384
Epoch:6/50
 * Loss 0.705 | Train Acc 92.634
LR: 0.000987436330435118
Epoch:7/50
 * Loss 0.518 | Train Acc 95.871
LR: 0.0009819250202046628
Epoch:8/50
 * Loss 0.362 | Train Acc 98.214
LR: 0.0009754247929410992
Epoch:9/50
 * Loss 0.281 | Train Acc 99.107
LR: 0.0009679421951579872
Epoch:10/50
 * Loss 0.243 | Train Acc 98.996
LR: 0.000959484762734592
Epoch:11/50
 * Loss 0.214 | Train Acc 99.665
LR: 0.0009500610133263432
Epoch:12/50
 * Loss 0.196 | Train Acc 99.888
LR: 0.0009396804377865279
Epoch:13/50
 * Loss 0.187 | Train Acc 99.777
LR: 0.0009283534906078554
Epoch:14/50
 * Loss 0.190 | Train Acc 99.777
LR: 0.0009160915793935209
Epoch:15/50
 * Loss 0.174 | Train Acc 99.888
LR: 0.0009029070533683724
Epoch:16/50
 * Loss 0.176 | Train Acc 99.777
LR: 0.0008888131909417503
Epoch:17/50
 * Loss 0.173 | Train Acc 99.777
LR: 0.0008738241863345259
Epoch:18/50
 * Loss 0.166 | Train Acc 99.777
LR: 0.0008579551352838078
Epoch:19/50
 * Loss 0.166 | Train Acc 99.777
LR: 0.0008412220198397124
Epoch:20/50
 * Loss 0.161 | Train Acc 99.888
LR: 0.0008236416922695099
Epoch:21/50
 * Loss 0.160 | Train Acc 99.777
LR: 0.0008052318580853562
Epoch:22/50
 * Loss 0.155 | Train Acc 99.888
LR: 0.000786011058212706
Epoch:23/50
 * Loss 0.157 | Train Acc 99.777
LR: 0.0007659986503173616
Epoch:24/50
 * Loss 0.153 | Train Acc 99.888
LR: 0.0007452147893099667
Epoch:25/50
 * Loss 0.153 | Train Acc 99.888
LR: 0.0007236804070475787
Epoch:26/50
 * Loss 0.151 | Train Acc 99.777
LR: 0.0007014171912527616
Epoch:27/50
 * Loss 0.152 | Train Acc 99.888
LR: 0.0006784475636714309
Epoch:28/50
 * Loss 0.149 | Train Acc 99.888
LR: 0.0006547946574914495
Epoch:29/50
 * Loss 0.147 | Train Acc 99.888
LR: 0.0006304822940447137
Epoch:30/50
 * Loss 0.146 | Train Acc 99.888
LR: 0.0006055349588161974
Epoch:31/50
 * Loss 0.146 | Train Acc 99.888
LR: 0.0005799777767841123
Epoch:32/50
 * Loss 0.146 | Train Acc 99.777
LR: 0.0005538364871160218
Epoch:33/50
 * Loss 0.145 | Train Acc 99.777
LR: 0.0005271374172463922
Epoch:34/50
 * Loss 0.143 | Train Acc 99.777
LR: 0.0004999074563616878
Epoch:35/50
 * Loss 0.142 | Train Acc 99.888
LR: 0.0004721740283197138
Epoch:36/50
 * Loss 0.140 | Train Acc 99.888
LR: 0.00044396506403048214
Epoch:37/50
 * Loss 0.142 | Train Acc 99.888
LR: 0.0004153089733264112
Epoch:38/50
 * Loss 0.141 | Train Acc 99.777
LR: 0.00038623461635019685
Epoch:39/50
 * Loss 0.141 | Train Acc 99.888
LR: 0.000356771274489164
Epoch:40/50
 * Loss 0.138 | Train Acc 99.777
LR: 0.0003269486208853742
Epoch:41/50
 * Loss 0.138 | Train Acc 99.888
LR: 0.00029679669055119055
Epoch:42/50
 * Loss 0.136 | Train Acc 99.888
LR: 0.00026634585012039387
Epoch:43/50
 * Loss 0.139 | Train Acc 99.888
LR: 0.000235626767265316
Epoch:44/50
 * Loss 0.137 | Train Acc 99.888
LR: 0.0002046703798107928
Epoch:45/50
 * Loss 0.137 | Train Acc 99.888
LR: 0.00017350786457603917
Epoch:46/50
 * Loss 0.137 | Train Acc 99.777
LR: 0.0001421706059758278
Epoch:47/50
 * Loss 0.137 | Train Acc 99.888
LR: 0.00011069016441259591
Epoch:48/50
 * Loss 0.137 | Train Acc 99.777
LR: 7.909824449130957e-05
Epoch:49/50
 * Loss 0.137 | Train Acc 99.777
LR: 4.742666308909818e-05
Epoch:50/50
 * Loss 0.136 | Train Acc 99.888
=> Saving class model to: /shared/results/common/helm/IntervalActivationPromptCL/ImageNet_CR/30-task_dil_h100/coda-p/var0.1_out0.0001_drift0.1/models/repeat-1/task-22/
=> Save Done
validation split name: 1
 * Val Acc 65.667, Total time 6.38
validation split name: 2
 * Val Acc 70.077, Total time 2.25
validation split name: 3
 * Val Acc 76.433, Total time 6.50
validation split name: 4
 * Val Acc 64.286, Total time 4.19
validation split name: 5
 * Val Acc 75.467, Total time 6.39
validation split name: 6
 * Val Acc 73.311, Total time 2.20
validation split name: 7
 * Val Acc 65.000, Total time 6.51
validation split name: 8
 * Val Acc 67.727, Total time 1.13
validation split name: 9
 * Val Acc 65.300, Total time 6.44
validation split name: 10
 * Val Acc 61.111, Total time 0.88
validation split name: 11
 * Val Acc 82.667, Total time 6.43
validation split name: 12
 * Val Acc 69.466, Total time 0.75
validation split name: 13
 * Val Acc 94.133, Total time 6.39
validation split name: 14
 * Val Acc 70.940, Total time 0.69
validation split name: 15
 * Val Acc 94.200, Total time 6.57
validation split name: 16
 * Val Acc 82.481, Total time 3.45
validation split name: 17
 * Val Acc 91.600, Total time 6.40
validation split name: 18
 * Val Acc 62.313, Total time 6.55
validation split name: 19
 * Val Acc 93.833, Total time 7.53
validation split name: 20
 * Val Acc 59.794, Total time 0.92
validation split name: 21
 * Val Acc 87.067, Total time 7.57
validation split name: 22
 * Val Acc 78.157, Total time 1.28
Volume of the cumulative hypercube for 1-th layer in classification head: 3.7046258449554443
====================== 23 =======================
Optimizer is reset!
*****************************************
LR: 0.001
Epoch:1/50
 * Loss 0.534 | Train Acc 93.521
LR: 0.001
Epoch:2/50
 * Loss 0.273 | Train Acc 97.520
LR: 0.000999496439640115
Epoch:3/50
 * Loss 0.189 | Train Acc 98.939
LR: 0.0009979862657065323
Epoch:4/50
 * Loss 0.158 | Train Acc 99.326
LR: 0.0009954709991267107
Epoch:5/50
 * Loss 0.143 | Train Acc 99.685
LR: 0.0009919531730777384
Epoch:6/50
 * Loss 0.136 | Train Acc 99.713
LR: 0.000987436330435118
Epoch:7/50
 * Loss 0.122 | Train Acc 99.900
LR: 0.0009819250202046628
Epoch:8/50
 * Loss 0.118 | Train Acc 99.900
LR: 0.0009754247929410992
Epoch:9/50
 * Loss 0.114 | Train Acc 99.971
LR: 0.0009679421951579872
Epoch:10/50
 * Loss 0.113 | Train Acc 99.885
LR: 0.000959484762734592
Epoch:11/50
 * Loss 0.109 | Train Acc 99.943
LR: 0.0009500610133263432
Epoch:12/50
 * Loss 0.109 | Train Acc 99.914
LR: 0.0009396804377865279
Epoch:13/50
 * Loss 0.106 | Train Acc 99.971
LR: 0.0009283534906078554
Epoch:14/50
 * Loss 0.103 | Train Acc 100.000
LR: 0.0009160915793935209
Epoch:15/50
 * Loss 0.103 | Train Acc 99.928
LR: 0.0009029070533683724
Epoch:16/50
 * Loss 0.099 | Train Acc 99.986
LR: 0.0008888131909417503
Epoch:17/50
 * Loss 0.100 | Train Acc 99.971
LR: 0.0008738241863345259
Epoch:18/50
 * Loss 0.103 | Train Acc 99.885
LR: 0.0008579551352838078
Epoch:19/50
 * Loss 0.102 | Train Acc 99.943
LR: 0.0008412220198397124
Epoch:20/50
 * Loss 0.099 | Train Acc 99.986
LR: 0.0008236416922695099
Epoch:21/50
 * Loss 0.096 | Train Acc 100.000
LR: 0.0008052318580853562
Epoch:22/50
 * Loss 0.095 | Train Acc 100.000
LR: 0.000786011058212706
Epoch:23/50
 * Loss 0.093 | Train Acc 99.986
LR: 0.0007659986503173616
Epoch:24/50
 * Loss 0.094 | Train Acc 99.971
LR: 0.0007452147893099667
Epoch:25/50
 * Loss 0.092 | Train Acc 100.000
LR: 0.0007236804070475787
Epoch:26/50
 * Loss 0.090 | Train Acc 100.000
LR: 0.0007014171912527616
Epoch:27/50
 * Loss 0.089 | Train Acc 100.000
LR: 0.0006784475636714309
Epoch:28/50
 * Loss 0.087 | Train Acc 100.000
LR: 0.0006547946574914495
Epoch:29/50
 * Loss 0.088 | Train Acc 99.986
LR: 0.0006304822940447137
Epoch:30/50
 * Loss 0.088 | Train Acc 99.957
LR: 0.0006055349588161974
Epoch:31/50
 * Loss 0.087 | Train Acc 100.000
LR: 0.0005799777767841123
Epoch:32/50
 * Loss 0.086 | Train Acc 100.000
LR: 0.0005538364871160218
Epoch:33/50
 * Loss 0.084 | Train Acc 100.000
LR: 0.0005271374172463922
Epoch:34/50
 * Loss 0.083 | Train Acc 100.000
LR: 0.0004999074563616878
Epoch:35/50
 * Loss 0.083 | Train Acc 100.000
LR: 0.0004721740283197138
Epoch:36/50
 * Loss 0.082 | Train Acc 100.000
LR: 0.00044396506403048214
Epoch:37/50
 * Loss 0.082 | Train Acc 100.000
LR: 0.0004153089733264112
Epoch:38/50
 * Loss 0.081 | Train Acc 100.000
LR: 0.00038623461635019685
Epoch:39/50
 * Loss 0.080 | Train Acc 100.000
LR: 0.000356771274489164
Epoch:40/50
 * Loss 0.080 | Train Acc 100.000
LR: 0.0003269486208853742
Epoch:41/50
 * Loss 0.079 | Train Acc 100.000
LR: 0.00029679669055119055
Epoch:42/50
 * Loss 0.078 | Train Acc 100.000
LR: 0.00026634585012039387
Epoch:43/50
 * Loss 0.078 | Train Acc 100.000
LR: 0.000235626767265316
Epoch:44/50
 * Loss 0.077 | Train Acc 100.000
LR: 0.0002046703798107928
Epoch:45/50
 * Loss 0.077 | Train Acc 100.000
LR: 0.00017350786457603917
Epoch:46/50
 * Loss 0.076 | Train Acc 100.000
LR: 0.0001421706059758278
Epoch:47/50
 * Loss 0.076 | Train Acc 100.000
LR: 0.00011069016441259591
Epoch:48/50
 * Loss 0.076 | Train Acc 100.000
LR: 7.909824449130957e-05
Epoch:49/50
 * Loss 0.075 | Train Acc 100.000
LR: 4.742666308909818e-05
Epoch:50/50
 * Loss 0.075 | Train Acc 100.000
=> Saving class model to: /shared/results/common/helm/IntervalActivationPromptCL/ImageNet_CR/30-task_dil_h100/coda-p/var0.1_out0.0001_drift0.1/models/repeat-1/task-23/
=> Save Done
validation split name: 1
 * Val Acc 66.800, Total time 6.91
validation split name: 2
 * Val Acc 69.054, Total time 2.36
validation split name: 3
 * Val Acc 78.667, Total time 6.89
validation split name: 4
 * Val Acc 61.238, Total time 5.15
validation split name: 5
 * Val Acc 76.267, Total time 6.50
validation split name: 6
 * Val Acc 75.169, Total time 2.56
validation split name: 7
 * Val Acc 66.000, Total time 6.45
validation split name: 8
 * Val Acc 62.727, Total time 1.09
validation split name: 9
 * Val Acc 67.767, Total time 6.50
validation split name: 10
 * Val Acc 58.025, Total time 0.90
validation split name: 11
 * Val Acc 85.733, Total time 6.40
validation split name: 12
 * Val Acc 68.702, Total time 0.85
validation split name: 13
 * Val Acc 95.967, Total time 6.43
validation split name: 14
 * Val Acc 71.795, Total time 0.72
validation split name: 15
 * Val Acc 96.300, Total time 6.69
validation split name: 16
 * Val Acc 80.179, Total time 3.44
validation split name: 17
 * Val Acc 92.733, Total time 6.45
validation split name: 18
 * Val Acc 68.035, Total time 7.21
validation split name: 19
 * Val Acc 97.233, Total time 6.66
validation split name: 20
 * Val Acc 56.701, Total time 0.60
validation split name: 21
 * Val Acc 93.400, Total time 10.09
validation split name: 22
 * Val Acc 70.648, Total time 1.44
validation split name: 23
 * Val Acc 94.500, Total time 18.60
Volume of the cumulative hypercube for 1-th layer in classification head: 3.70462965965271
====================== 24 =======================
Optimizer is reset!
*****************************************
LR: 0.001
Epoch:1/50
 * Loss 1.582 | Train Acc 82.031
LR: 0.001
Epoch:2/50
 * Loss 0.858 | Train Acc 89.784
LR: 0.000999496439640115
Epoch:3/50
 * Loss 0.556 | Train Acc 93.510
LR: 0.0009979862657065323
Epoch:4/50
 * Loss 0.370 | Train Acc 96.244
LR: 0.0009954709991267107
Epoch:5/50
 * Loss 0.289 | Train Acc 97.686
LR: 0.0009919531730777384
Epoch:6/50
 * Loss 0.238 | Train Acc 98.468
LR: 0.000987436330435118
Epoch:7/50
 * Loss 0.206 | Train Acc 98.888
LR: 0.0009819250202046628
Epoch:8/50
 * Loss 0.194 | Train Acc 99.129
LR: 0.0009754247929410992
Epoch:9/50
 * Loss 0.180 | Train Acc 99.369
LR: 0.0009679421951579872
Epoch:10/50
 * Loss 0.166 | Train Acc 99.820
LR: 0.000959484762734592
Epoch:11/50
 * Loss 0.165 | Train Acc 99.579
LR: 0.0009500610133263432
Epoch:12/50
 * Loss 0.156 | Train Acc 99.880
LR: 0.0009396804377865279
Epoch:13/50
 * Loss 0.151 | Train Acc 99.880
LR: 0.0009283534906078554
Epoch:14/50
 * Loss 0.148 | Train Acc 99.850
LR: 0.0009160915793935209
Epoch:15/50
 * Loss 0.146 | Train Acc 99.880
LR: 0.0009029070533683724
Epoch:16/50
 * Loss 0.142 | Train Acc 99.850
LR: 0.0008888131909417503
Epoch:17/50
 * Loss 0.140 | Train Acc 99.940
LR: 0.0008738241863345259
Epoch:18/50
 * Loss 0.136 | Train Acc 99.910
LR: 0.0008579551352838078
Epoch:19/50
 * Loss 0.135 | Train Acc 99.880
LR: 0.0008412220198397124
Epoch:20/50
 * Loss 0.135 | Train Acc 99.880
LR: 0.0008236416922695099
Epoch:21/50
 * Loss 0.131 | Train Acc 99.910
LR: 0.0008052318580853562
Epoch:22/50
 * Loss 0.129 | Train Acc 99.970
LR: 0.000786011058212706
Epoch:23/50
 * Loss 0.128 | Train Acc 99.970
LR: 0.0007659986503173616
Epoch:24/50
 * Loss 0.126 | Train Acc 99.970
LR: 0.0007452147893099667
Epoch:25/50
 * Loss 0.124 | Train Acc 99.940
LR: 0.0007236804070475787
Epoch:26/50
 * Loss 0.123 | Train Acc 99.940
LR: 0.0007014171912527616
Epoch:27/50
 * Loss 0.121 | Train Acc 99.970
LR: 0.0006784475636714309
Epoch:28/50
 * Loss 0.121 | Train Acc 99.940
LR: 0.0006547946574914495
Epoch:29/50
 * Loss 0.122 | Train Acc 99.940
LR: 0.0006304822940447137
Epoch:30/50
 * Loss 0.120 | Train Acc 99.940
LR: 0.0006055349588161974
Epoch:31/50
 * Loss 0.117 | Train Acc 99.970
LR: 0.0005799777767841123
Epoch:32/50
 * Loss 0.116 | Train Acc 99.970
LR: 0.0005538364871160218
Epoch:33/50
 * Loss 0.115 | Train Acc 99.970
LR: 0.0005271374172463922
Epoch:34/50
 * Loss 0.115 | Train Acc 99.880
LR: 0.0004999074563616878
Epoch:35/50
 * Loss 0.114 | Train Acc 99.910
LR: 0.0004721740283197138
Epoch:36/50
 * Loss 0.112 | Train Acc 99.940
LR: 0.00044396506403048214
Epoch:37/50
 * Loss 0.111 | Train Acc 99.970
LR: 0.0004153089733264112
Epoch:38/50
 * Loss 0.111 | Train Acc 99.970
LR: 0.00038623461635019685
Epoch:39/50
 * Loss 0.110 | Train Acc 99.940
LR: 0.000356771274489164
Epoch:40/50
 * Loss 0.109 | Train Acc 99.940
LR: 0.0003269486208853742
Epoch:41/50
 * Loss 0.108 | Train Acc 99.970
LR: 0.00029679669055119055
Epoch:42/50
 * Loss 0.108 | Train Acc 99.970
LR: 0.00026634585012039387
Epoch:43/50
 * Loss 0.107 | Train Acc 99.970
LR: 0.000235626767265316
Epoch:44/50
 * Loss 0.106 | Train Acc 99.940
LR: 0.0002046703798107928
Epoch:45/50
 * Loss 0.106 | Train Acc 99.940
LR: 0.00017350786457603917
Epoch:46/50
 * Loss 0.105 | Train Acc 99.940
LR: 0.0001421706059758278
Epoch:47/50
 * Loss 0.105 | Train Acc 99.940
LR: 0.00011069016441259591
Epoch:48/50
 * Loss 0.105 | Train Acc 99.970
LR: 7.909824449130957e-05
Epoch:49/50
 * Loss 0.104 | Train Acc 99.970
LR: 4.742666308909818e-05
Epoch:50/50
 * Loss 0.104 | Train Acc 99.970
=> Saving class model to: /shared/results/common/helm/IntervalActivationPromptCL/ImageNet_CR/30-task_dil_h100/coda-p/var0.1_out0.0001_drift0.1/models/repeat-1/task-24/
=> Save Done
validation split name: 1
 * Val Acc 63.867, Total time 6.40
validation split name: 2
 * Val Acc 68.286, Total time 2.53
validation split name: 3
 * Val Acc 73.533, Total time 6.43
validation split name: 4
 * Val Acc 64.286, Total time 4.10
validation split name: 5
 * Val Acc 70.033, Total time 6.62
validation split name: 6
 * Val Acc 75.845, Total time 2.10
validation split name: 7
 * Val Acc 65.033, Total time 6.43
validation split name: 8
 * Val Acc 60.000, Total time 1.11
validation split name: 9
 * Val Acc 64.867, Total time 6.39
validation split name: 10
 * Val Acc 63.580, Total time 0.89
validation split name: 11
 * Val Acc 78.933, Total time 6.89
validation split name: 12
 * Val Acc 67.939, Total time 0.80
validation split name: 13
 * Val Acc 94.200, Total time 6.42
validation split name: 14
 * Val Acc 66.667, Total time 0.70
validation split name: 15
 * Val Acc 93.233, Total time 6.44
validation split name: 16
 * Val Acc 81.458, Total time 3.36
validation split name: 17
 * Val Acc 91.467, Total time 6.46
validation split name: 18
 * Val Acc 69.838, Total time 7.95
validation split name: 19
 * Val Acc 95.033, Total time 7.06
validation split name: 20
 * Val Acc 54.639, Total time 0.73
validation split name: 21
 * Val Acc 90.067, Total time 6.89
validation split name: 22
 * Val Acc 66.553, Total time 2.00
validation split name: 23
 * Val Acc 90.567, Total time 7.37
validation split name: 24
 * Val Acc 89.954, Total time 13.84
Volume of the cumulative hypercube for 1-th layer in classification head: 3.7052736282348633
====================== 25 =======================
Optimizer is reset!
*****************************************
LR: 0.001
Epoch:1/50
 * Loss 2.452 | Train Acc 78.154
LR: 0.001
Epoch:2/50
 * Loss 0.961 | Train Acc 89.880
LR: 0.000999496439640115
Epoch:3/50
 * Loss 0.622 | Train Acc 93.750
LR: 0.0009979862657065323
Epoch:4/50
 * Loss 0.426 | Train Acc 96.431
LR: 0.0009954709991267107
Epoch:5/50
 * Loss 0.339 | Train Acc 98.007
LR: 0.0009919531730777384
Epoch:6/50
 * Loss 0.297 | Train Acc 98.710
LR: 0.000987436330435118
Epoch:7/50
 * Loss 0.257 | Train Acc 99.427
LR: 0.0009819250202046628
Epoch:8/50
 * Loss 0.238 | Train Acc 99.656
LR: 0.0009754247929410992
Epoch:9/50
 * Loss 0.229 | Train Acc 99.713
LR: 0.0009679421951579872
Epoch:10/50
 * Loss 0.219 | Train Acc 99.885
LR: 0.000959484762734592
Epoch:11/50
 * Loss 0.211 | Train Acc 99.900
LR: 0.0009500610133263432
Epoch:12/50
 * Loss 0.204 | Train Acc 99.943
LR: 0.0009396804377865279
Epoch:13/50
 * Loss 0.199 | Train Acc 99.943
LR: 0.0009283534906078554
Epoch:14/50
 * Loss 0.198 | Train Acc 99.914
LR: 0.0009160915793935209
Epoch:15/50
 * Loss 0.195 | Train Acc 99.928
LR: 0.0009029070533683724
Epoch:16/50
 * Loss 0.193 | Train Acc 99.885
LR: 0.0008888131909417503
Epoch:17/50
 * Loss 0.188 | Train Acc 99.957
LR: 0.0008738241863345259
Epoch:18/50
 * Loss 0.186 | Train Acc 99.971
LR: 0.0008579551352838078
Epoch:19/50
 * Loss 0.184 | Train Acc 99.971
LR: 0.0008412220198397124
Epoch:20/50
 * Loss 0.181 | Train Acc 99.986
LR: 0.0008236416922695099
Epoch:21/50
 * Loss 0.178 | Train Acc 99.971
LR: 0.0008052318580853562
Epoch:22/50
 * Loss 0.175 | Train Acc 99.986
LR: 0.000786011058212706
Epoch:23/50
 * Loss 0.174 | Train Acc 100.000
LR: 0.0007659986503173616
Epoch:24/50
 * Loss 0.172 | Train Acc 99.986
LR: 0.0007452147893099667
Epoch:25/50
 * Loss 0.169 | Train Acc 100.000
LR: 0.0007236804070475787
Epoch:26/50
 * Loss 0.168 | Train Acc 100.000
LR: 0.0007014171912527616
Epoch:27/50
 * Loss 0.166 | Train Acc 100.000
LR: 0.0006784475636714309
Epoch:28/50
 * Loss 0.164 | Train Acc 100.000
LR: 0.0006547946574914495
Epoch:29/50
 * Loss 0.164 | Train Acc 100.000
LR: 0.0006304822940447137
Epoch:30/50
 * Loss 0.162 | Train Acc 100.000
LR: 0.0006055349588161974
Epoch:31/50
 * Loss 0.160 | Train Acc 100.000
LR: 0.0005799777767841123
Epoch:32/50
 * Loss 0.160 | Train Acc 99.986
LR: 0.0005538364871160218
Epoch:33/50
 * Loss 0.159 | Train Acc 100.000
LR: 0.0005271374172463922
Epoch:34/50
 * Loss 0.157 | Train Acc 100.000
LR: 0.0004999074563616878
Epoch:35/50
 * Loss 0.155 | Train Acc 100.000
LR: 0.0004721740283197138
Epoch:36/50
 * Loss 0.154 | Train Acc 100.000
LR: 0.00044396506403048214
Epoch:37/50
 * Loss 0.154 | Train Acc 99.986
LR: 0.0004153089733264112
Epoch:38/50
 * Loss 0.153 | Train Acc 100.000
LR: 0.00038623461635019685
Epoch:39/50
 * Loss 0.152 | Train Acc 100.000
LR: 0.000356771274489164
Epoch:40/50
 * Loss 0.151 | Train Acc 100.000
LR: 0.0003269486208853742
Epoch:41/50
 * Loss 0.149 | Train Acc 100.000
LR: 0.00029679669055119055
Epoch:42/50
 * Loss 0.149 | Train Acc 100.000
LR: 0.00026634585012039387
Epoch:43/50
 * Loss 0.147 | Train Acc 100.000
LR: 0.000235626767265316
Epoch:44/50
 * Loss 0.147 | Train Acc 100.000
LR: 0.0002046703798107928
Epoch:45/50
 * Loss 0.146 | Train Acc 100.000
LR: 0.00017350786457603917
Epoch:46/50
 * Loss 0.145 | Train Acc 100.000
LR: 0.0001421706059758278
Epoch:47/50
 * Loss 0.145 | Train Acc 100.000
LR: 0.00011069016441259591
Epoch:48/50
 * Loss 0.143 | Train Acc 100.000
LR: 7.909824449130957e-05
Epoch:49/50
 * Loss 0.143 | Train Acc 100.000
LR: 4.742666308909818e-05
Epoch:50/50
 * Loss 0.143 | Train Acc 100.000
=> Saving class model to: /shared/results/common/helm/IntervalActivationPromptCL/ImageNet_CR/30-task_dil_h100/coda-p/var0.1_out0.0001_drift0.1/models/repeat-1/task-25/
=> Save Done
validation split name: 1
 * Val Acc 68.233, Total time 6.42
validation split name: 2
 * Val Acc 69.565, Total time 1.86
validation split name: 3
 * Val Acc 73.733, Total time 6.53
validation split name: 4
 * Val Acc 63.333, Total time 4.87
validation split name: 5
 * Val Acc 76.033, Total time 6.42
validation split name: 6
 * Val Acc 75.507, Total time 2.15
validation split name: 7
 * Val Acc 67.633, Total time 6.44
validation split name: 8
 * Val Acc 61.364, Total time 1.11
validation split name: 9
 * Val Acc 72.367, Total time 6.42
validation split name: 10
 * Val Acc 58.642, Total time 0.92
validation split name: 11
 * Val Acc 82.033, Total time 6.42
validation split name: 12
 * Val Acc 70.992, Total time 0.73
validation split name: 13
 * Val Acc 95.967, Total time 6.69
validation split name: 14
 * Val Acc 64.957, Total time 0.70
validation split name: 15
 * Val Acc 94.000, Total time 6.68
validation split name: 16
 * Val Acc 80.051, Total time 3.25
validation split name: 17
 * Val Acc 92.367, Total time 6.41
validation split name: 18
 * Val Acc 68.532, Total time 7.05
validation split name: 19
 * Val Acc 95.600, Total time 6.56
validation split name: 20
 * Val Acc 52.577, Total time 0.63
validation split name: 21
 * Val Acc 89.600, Total time 6.70
validation split name: 22
 * Val Acc 65.188, Total time 1.37
validation split name: 23
 * Val Acc 90.433, Total time 6.72
validation split name: 24
 * Val Acc 86.656, Total time 12.73
validation split name: 25
 * Val Acc 91.700, Total time 14.78
Volume of the cumulative hypercube for 1-th layer in classification head: 3.7069432735443115
====================== 26 =======================
Optimizer is reset!
*****************************************
LR: 0.001
Epoch:1/50
 * Loss 5.021 | Train Acc 54.759
LR: 0.001
Epoch:2/50
 * Loss 3.306 | Train Acc 63.636
LR: 0.000999496439640115
Epoch:3/50
 * Loss 2.559 | Train Acc 70.739
LR: 0.0009979862657065323
Epoch:4/50
 * Loss 2.098 | Train Acc 74.361
LR: 0.0009954709991267107
Epoch:5/50
 * Loss 1.657 | Train Acc 80.185
LR: 0.0009919531730777384
Epoch:6/50
 * Loss 1.390 | Train Acc 81.676
LR: 0.000987436330435118
Epoch:7/50
 * Loss 1.099 | Train Acc 86.151
LR: 0.0009819250202046628
Epoch:8/50
 * Loss 0.876 | Train Acc 91.122
LR: 0.0009754247929410992
Epoch:9/50
 * Loss 0.700 | Train Acc 93.679
LR: 0.0009679421951579872
Epoch:10/50
 * Loss 0.579 | Train Acc 94.957
LR: 0.000959484762734592
Epoch:11/50
 * Loss 0.462 | Train Acc 97.017
LR: 0.0009500610133263432
Epoch:12/50
 * Loss 0.398 | Train Acc 97.798
LR: 0.0009396804377865279
Epoch:13/50
 * Loss 0.350 | Train Acc 98.722
LR: 0.0009283534906078554
Epoch:14/50
 * Loss 0.311 | Train Acc 99.361
LR: 0.0009160915793935209
Epoch:15/50
 * Loss 0.286 | Train Acc 99.645
LR: 0.0009029070533683724
Epoch:16/50
 * Loss 0.275 | Train Acc 99.574
LR: 0.0008888131909417503
Epoch:17/50
 * Loss 0.261 | Train Acc 99.929
LR: 0.0008738241863345259
Epoch:18/50
 * Loss 0.246 | Train Acc 100.000
LR: 0.0008579551352838078
Epoch:19/50
 * Loss 0.242 | Train Acc 100.000
LR: 0.0008412220198397124
Epoch:20/50
 * Loss 0.238 | Train Acc 100.000
LR: 0.0008236416922695099
Epoch:21/50
 * Loss 0.230 | Train Acc 99.929
LR: 0.0008052318580853562
Epoch:22/50
 * Loss 0.227 | Train Acc 100.000
LR: 0.000786011058212706
Epoch:23/50
 * Loss 0.220 | Train Acc 100.000
LR: 0.0007659986503173616
Epoch:24/50
 * Loss 0.219 | Train Acc 100.000
LR: 0.0007452147893099667
Epoch:25/50
 * Loss 0.217 | Train Acc 100.000
LR: 0.0007236804070475787
Epoch:26/50
 * Loss 0.215 | Train Acc 100.000
LR: 0.0007014171912527616
Epoch:27/50
 * Loss 0.214 | Train Acc 100.000
LR: 0.0006784475636714309
Epoch:28/50
 * Loss 0.211 | Train Acc 100.000
LR: 0.0006547946574914495
Epoch:29/50
 * Loss 0.206 | Train Acc 100.000
LR: 0.0006304822940447137
Epoch:30/50
 * Loss 0.205 | Train Acc 100.000
LR: 0.0006055349588161974
Epoch:31/50
 * Loss 0.204 | Train Acc 100.000
LR: 0.0005799777767841123
Epoch:32/50
 * Loss 0.203 | Train Acc 100.000
LR: 0.0005538364871160218
Epoch:33/50
 * Loss 0.199 | Train Acc 100.000
LR: 0.0005271374172463922
Epoch:34/50
 * Loss 0.199 | Train Acc 100.000
LR: 0.0004999074563616878
Epoch:35/50
 * Loss 0.199 | Train Acc 100.000
LR: 0.0004721740283197138
Epoch:36/50
 * Loss 0.196 | Train Acc 100.000
LR: 0.00044396506403048214
Epoch:37/50
 * Loss 0.195 | Train Acc 100.000
LR: 0.0004153089733264112
Epoch:38/50
 * Loss 0.195 | Train Acc 100.000
LR: 0.00038623461635019685
Epoch:39/50
 * Loss 0.193 | Train Acc 100.000
LR: 0.000356771274489164
Epoch:40/50
 * Loss 0.194 | Train Acc 100.000
LR: 0.0003269486208853742
Epoch:41/50
 * Loss 0.192 | Train Acc 100.000
LR: 0.00029679669055119055
Epoch:42/50
 * Loss 0.191 | Train Acc 100.000
LR: 0.00026634585012039387
Epoch:43/50
 * Loss 0.189 | Train Acc 100.000
LR: 0.000235626767265316
Epoch:44/50
 * Loss 0.190 | Train Acc 100.000
LR: 0.0002046703798107928
Epoch:45/50
 * Loss 0.190 | Train Acc 100.000
LR: 0.00017350786457603917
Epoch:46/50
 * Loss 0.189 | Train Acc 100.000
LR: 0.0001421706059758278
Epoch:47/50
 * Loss 0.188 | Train Acc 100.000
LR: 0.00011069016441259591
Epoch:48/50
 * Loss 0.190 | Train Acc 100.000
LR: 7.909824449130957e-05
Epoch:49/50
 * Loss 0.188 | Train Acc 100.000
LR: 4.742666308909818e-05
Epoch:50/50
 * Loss 0.188 | Train Acc 100.000
=> Saving class model to: /shared/results/common/helm/IntervalActivationPromptCL/ImageNet_CR/30-task_dil_h100/coda-p/var0.1_out0.0001_drift0.1/models/repeat-1/task-26/
=> Save Done
validation split name: 1
 * Val Acc 58.033, Total time 6.42
validation split name: 2
 * Val Acc 71.611, Total time 1.81
validation split name: 3
 * Val Acc 66.900, Total time 6.58
validation split name: 4
 * Val Acc 60.952, Total time 4.88
validation split name: 5
 * Val Acc 69.200, Total time 6.40
validation split name: 6
 * Val Acc 73.818, Total time 2.21
validation split name: 7
 * Val Acc 57.433, Total time 6.42
validation split name: 8
 * Val Acc 67.727, Total time 1.14
validation split name: 9
 * Val Acc 66.433, Total time 6.42
validation split name: 10
 * Val Acc 63.580, Total time 0.88
validation split name: 11
 * Val Acc 75.467, Total time 6.58
validation split name: 12
 * Val Acc 70.992, Total time 0.81
validation split name: 13
 * Val Acc 91.833, Total time 6.43
validation split name: 14
 * Val Acc 58.974, Total time 0.68
validation split name: 15
 * Val Acc 88.733, Total time 6.41
validation split name: 16
 * Val Acc 79.668, Total time 3.44
validation split name: 17
 * Val Acc 87.033, Total time 6.90
validation split name: 18
 * Val Acc 65.174, Total time 7.75
validation split name: 19
 * Val Acc 92.367, Total time 6.70
validation split name: 20
 * Val Acc 59.794, Total time 0.63
validation split name: 21
 * Val Acc 85.700, Total time 6.45
validation split name: 22
 * Val Acc 64.846, Total time 1.40
validation split name: 23
 * Val Acc 86.367, Total time 6.55
validation split name: 24
 * Val Acc 81.518, Total time 12.31
validation split name: 25
 * Val Acc 85.567, Total time 6.91
validation split name: 26
 * Val Acc 71.295, Total time 2.37
Volume of the cumulative hypercube for 1-th layer in classification head: 3.7150323390960693
====================== 27 =======================
Optimizer is reset!
*****************************************
LR: 0.001
Epoch:1/50
 * Loss 1.261 | Train Acc 86.755
LR: 0.001
Epoch:2/50
 * Loss 0.575 | Train Acc 93.578
LR: 0.000999496439640115
Epoch:3/50
 * Loss 0.368 | Train Acc 96.359
LR: 0.0009979862657065323
Epoch:4/50
 * Loss 0.264 | Train Acc 97.936
LR: 0.0009954709991267107
Epoch:5/50
 * Loss 0.209 | Train Acc 99.126
LR: 0.0009919531730777384
Epoch:6/50
 * Loss 0.192 | Train Acc 99.269
LR: 0.000987436330435118
Epoch:7/50
 * Loss 0.166 | Train Acc 99.799
LR: 0.0009819250202046628
Epoch:8/50
 * Loss 0.156 | Train Acc 99.828
LR: 0.0009754247929410992
Epoch:9/50
 * Loss 0.153 | Train Acc 99.857
LR: 0.0009679421951579872
Epoch:10/50
 * Loss 0.146 | Train Acc 99.885
LR: 0.000959484762734592
Epoch:11/50
 * Loss 0.142 | Train Acc 99.871
LR: 0.0009500610133263432
Epoch:12/50
 * Loss 0.137 | Train Acc 99.957
LR: 0.0009396804377865279
Epoch:13/50
 * Loss 0.134 | Train Acc 99.943
LR: 0.0009283534906078554
Epoch:14/50
 * Loss 0.129 | Train Acc 99.971
LR: 0.0009160915793935209
Epoch:15/50
 * Loss 0.128 | Train Acc 99.957
LR: 0.0009029070533683724
Epoch:16/50
 * Loss 0.126 | Train Acc 99.971
LR: 0.0008888131909417503
Epoch:17/50
 * Loss 0.122 | Train Acc 99.957
LR: 0.0008738241863345259
Epoch:18/50
 * Loss 0.121 | Train Acc 99.971
LR: 0.0008579551352838078
Epoch:19/50
 * Loss 0.118 | Train Acc 100.000
LR: 0.0008412220198397124
Epoch:20/50
 * Loss 0.119 | Train Acc 99.986
LR: 0.0008236416922695099
Epoch:21/50
 * Loss 0.115 | Train Acc 100.000
LR: 0.0008052318580853562
Epoch:22/50
 * Loss 0.113 | Train Acc 100.000
LR: 0.000786011058212706
Epoch:23/50
 * Loss 0.113 | Train Acc 99.957
LR: 0.0007659986503173616
Epoch:24/50
 * Loss 0.114 | Train Acc 99.971
LR: 0.0007452147893099667
Epoch:25/50
 * Loss 0.110 | Train Acc 99.986
LR: 0.0007236804070475787
Epoch:26/50
 * Loss 0.108 | Train Acc 100.000
LR: 0.0007014171912527616
Epoch:27/50
 * Loss 0.107 | Train Acc 99.986
LR: 0.0006784475636714309
Epoch:28/50
 * Loss 0.107 | Train Acc 99.986
LR: 0.0006547946574914495
Epoch:29/50
 * Loss 0.104 | Train Acc 100.000
LR: 0.0006304822940447137
Epoch:30/50
 * Loss 0.105 | Train Acc 100.000
LR: 0.0006055349588161974
Epoch:31/50
 * Loss 0.102 | Train Acc 99.986
LR: 0.0005799777767841123
Epoch:32/50
 * Loss 0.100 | Train Acc 100.000
LR: 0.0005538364871160218
Epoch:33/50
 * Loss 0.099 | Train Acc 100.000
LR: 0.0005271374172463922
Epoch:34/50
 * Loss 0.099 | Train Acc 100.000
LR: 0.0004999074563616878
Epoch:35/50
 * Loss 0.097 | Train Acc 100.000
LR: 0.0004721740283197138
Epoch:36/50
 * Loss 0.096 | Train Acc 100.000
LR: 0.00044396506403048214
Epoch:37/50
 * Loss 0.096 | Train Acc 100.000
LR: 0.0004153089733264112
Epoch:38/50
 * Loss 0.095 | Train Acc 100.000
LR: 0.00038623461635019685
Epoch:39/50
 * Loss 0.094 | Train Acc 100.000
LR: 0.000356771274489164
Epoch:40/50
 * Loss 0.093 | Train Acc 100.000
LR: 0.0003269486208853742
Epoch:41/50
 * Loss 0.093 | Train Acc 100.000
LR: 0.00029679669055119055
Epoch:42/50
 * Loss 0.091 | Train Acc 100.000
LR: 0.00026634585012039387
Epoch:43/50
 * Loss 0.090 | Train Acc 100.000
LR: 0.000235626767265316
Epoch:44/50
 * Loss 0.090 | Train Acc 100.000
LR: 0.0002046703798107928
Epoch:45/50
 * Loss 0.089 | Train Acc 100.000
LR: 0.00017350786457603917
Epoch:46/50
 * Loss 0.089 | Train Acc 100.000
LR: 0.0001421706059758278
Epoch:47/50
 * Loss 0.088 | Train Acc 100.000
LR: 0.00011069016441259591
Epoch:48/50
 * Loss 0.087 | Train Acc 100.000
LR: 7.909824449130957e-05
Epoch:49/50
 * Loss 0.087 | Train Acc 100.000
LR: 4.742666308909818e-05
Epoch:50/50
 * Loss 0.087 | Train Acc 100.000
=> Saving class model to: /shared/results/common/helm/IntervalActivationPromptCL/ImageNet_CR/30-task_dil_h100/coda-p/var0.1_out0.0001_drift0.1/models/repeat-1/task-27/
=> Save Done
validation split name: 1
 * Val Acc 70.167, Total time 6.54
validation split name: 2
 * Val Acc 72.123, Total time 1.87
validation split name: 3
 * Val Acc 76.500, Total time 6.40
validation split name: 4
 * Val Acc 61.810, Total time 4.24
validation split name: 5
 * Val Acc 77.333, Total time 6.43
validation split name: 6
 * Val Acc 76.182, Total time 2.18
validation split name: 7
 * Val Acc 66.267, Total time 6.41
validation split name: 8
 * Val Acc 66.818, Total time 1.14
validation split name: 9
 * Val Acc 70.367, Total time 6.43
validation split name: 10
 * Val Acc 62.346, Total time 0.88
validation split name: 11
 * Val Acc 85.800, Total time 6.42
validation split name: 12
 * Val Acc 70.229, Total time 0.85
validation split name: 13
 * Val Acc 96.300, Total time 6.39
validation split name: 14
 * Val Acc 64.957, Total time 0.70
validation split name: 15
 * Val Acc 95.767, Total time 6.39
validation split name: 16
 * Val Acc 81.074, Total time 3.62
validation split name: 17
 * Val Acc 95.433, Total time 6.44
validation split name: 18
 * Val Acc 67.351, Total time 7.00
validation split name: 19
 * Val Acc 95.633, Total time 6.53
validation split name: 20
 * Val Acc 55.670, Total time 0.66
validation split name: 21
 * Val Acc 90.200, Total time 6.65
validation split name: 22
 * Val Acc 66.894, Total time 1.31
validation split name: 23
 * Val Acc 90.233, Total time 6.60
validation split name: 24
 * Val Acc 85.353, Total time 12.13
validation split name: 25
 * Val Acc 90.800, Total time 8.04
validation split name: 26
 * Val Acc 59.099, Total time 2.64
validation split name: 27
 * Val Acc 93.400, Total time 13.51
Volume of the cumulative hypercube for 1-th layer in classification head: 3.7151358127593994
====================== 28 =======================
Optimizer is reset!
*****************************************
LR: 0.001
Epoch:1/50
 * Loss 3.685 | Train Acc 66.912
LR: 0.001
Epoch:2/50
 * Loss 2.349 | Train Acc 74.540
LR: 0.000999496439640115
Epoch:3/50
 * Loss 1.852 | Train Acc 79.228
LR: 0.0009979862657065323
Epoch:4/50
 * Loss 1.459 | Train Acc 83.272
LR: 0.0009954709991267107
Epoch:5/50
 * Loss 1.110 | Train Acc 87.316
LR: 0.0009919531730777384
Epoch:6/50
 * Loss 0.855 | Train Acc 90.165
LR: 0.000987436330435118
Epoch:7/50
 * Loss 0.630 | Train Acc 93.934
LR: 0.0009819250202046628
Epoch:8/50
 * Loss 0.473 | Train Acc 96.599
LR: 0.0009754247929410992
Epoch:9/50
 * Loss 0.358 | Train Acc 98.070
LR: 0.0009679421951579872
Epoch:10/50
 * Loss 0.283 | Train Acc 98.621
LR: 0.000959484762734592
Epoch:11/50
 * Loss 0.250 | Train Acc 99.632
LR: 0.0009500610133263432
Epoch:12/50
 * Loss 0.227 | Train Acc 99.632
LR: 0.0009396804377865279
Epoch:13/50
 * Loss 0.213 | Train Acc 99.724
LR: 0.0009283534906078554
Epoch:14/50
 * Loss 0.203 | Train Acc 99.540
LR: 0.0009160915793935209
Epoch:15/50
 * Loss 0.202 | Train Acc 99.632
LR: 0.0009029070533683724
Epoch:16/50
 * Loss 0.191 | Train Acc 99.724
LR: 0.0008888131909417503
Epoch:17/50
 * Loss 0.184 | Train Acc 99.816
LR: 0.0008738241863345259
Epoch:18/50
 * Loss 0.185 | Train Acc 99.724
LR: 0.0008579551352838078
Epoch:19/50
 * Loss 0.177 | Train Acc 99.816
LR: 0.0008412220198397124
Epoch:20/50
 * Loss 0.175 | Train Acc 99.724
LR: 0.0008236416922695099
Epoch:21/50
 * Loss 0.171 | Train Acc 99.816
LR: 0.0008052318580853562
Epoch:22/50
 * Loss 0.169 | Train Acc 99.908
LR: 0.000786011058212706
Epoch:23/50
 * Loss 0.168 | Train Acc 99.908
LR: 0.0007659986503173616
Epoch:24/50
 * Loss 0.163 | Train Acc 99.908
LR: 0.0007452147893099667
Epoch:25/50
 * Loss 0.165 | Train Acc 99.908
LR: 0.0007236804070475787
Epoch:26/50
 * Loss 0.164 | Train Acc 99.908
LR: 0.0007014171912527616
Epoch:27/50
 * Loss 0.162 | Train Acc 99.816
LR: 0.0006784475636714309
Epoch:28/50
 * Loss 0.157 | Train Acc 99.908
LR: 0.0006547946574914495
Epoch:29/50
 * Loss 0.159 | Train Acc 99.908
LR: 0.0006304822940447137
Epoch:30/50
 * Loss 0.157 | Train Acc 99.908
LR: 0.0006055349588161974
Epoch:31/50
 * Loss 0.158 | Train Acc 99.908
LR: 0.0005799777767841123
Epoch:32/50
 * Loss 0.160 | Train Acc 99.816
LR: 0.0005538364871160218
Epoch:33/50
 * Loss 0.153 | Train Acc 99.816
LR: 0.0005271374172463922
Epoch:34/50
 * Loss 0.153 | Train Acc 99.908
LR: 0.0004999074563616878
Epoch:35/50
 * Loss 0.152 | Train Acc 99.908
LR: 0.0004721740283197138
Epoch:36/50
 * Loss 0.150 | Train Acc 100.000
LR: 0.00044396506403048214
Epoch:37/50
 * Loss 0.154 | Train Acc 99.908
LR: 0.0004153089733264112
Epoch:38/50
 * Loss 0.151 | Train Acc 99.908
LR: 0.00038623461635019685
Epoch:39/50
 * Loss 0.149 | Train Acc 99.908
LR: 0.000356771274489164
Epoch:40/50
 * Loss 0.148 | Train Acc 99.816
LR: 0.0003269486208853742
Epoch:41/50
 * Loss 0.149 | Train Acc 99.816
LR: 0.00029679669055119055
Epoch:42/50
 * Loss 0.148 | Train Acc 99.816
LR: 0.00026634585012039387
Epoch:43/50
 * Loss 0.148 | Train Acc 99.816
LR: 0.000235626767265316
Epoch:44/50
 * Loss 0.148 | Train Acc 99.908
LR: 0.0002046703798107928
Epoch:45/50
 * Loss 0.146 | Train Acc 99.908
LR: 0.00017350786457603917
Epoch:46/50
 * Loss 0.144 | Train Acc 100.000
LR: 0.0001421706059758278
Epoch:47/50
 * Loss 0.147 | Train Acc 99.908
LR: 0.00011069016441259591
Epoch:48/50
 * Loss 0.146 | Train Acc 99.908
LR: 7.909824449130957e-05
Epoch:49/50
 * Loss 0.145 | Train Acc 99.908
LR: 4.742666308909818e-05
Epoch:50/50
 * Loss 0.146 | Train Acc 99.908
=> Saving class model to: /shared/results/common/helm/IntervalActivationPromptCL/ImageNet_CR/30-task_dil_h100/coda-p/var0.1_out0.0001_drift0.1/models/repeat-1/task-28/
=> Save Done
validation split name: 1
 * Val Acc 67.767, Total time 6.43
validation split name: 2
 * Val Acc 75.448, Total time 1.90
validation split name: 3
 * Val Acc 73.533, Total time 6.78
validation split name: 4
 * Val Acc 66.762, Total time 4.32
validation split name: 5
 * Val Acc 77.400, Total time 6.46
validation split name: 6
 * Val Acc 75.000, Total time 2.22
validation split name: 7
 * Val Acc 65.067, Total time 6.47
validation split name: 8
 * Val Acc 68.182, Total time 1.13
validation split name: 9
 * Val Acc 68.067, Total time 6.50
validation split name: 10
 * Val Acc 66.049, Total time 0.94
validation split name: 11
 * Val Acc 83.167, Total time 6.43
validation split name: 12
 * Val Acc 74.809, Total time 0.80
validation split name: 13
 * Val Acc 94.600, Total time 6.43
validation split name: 14
 * Val Acc 73.504, Total time 0.70
validation split name: 15
 * Val Acc 94.467, Total time 6.44
validation split name: 16
 * Val Acc 82.609, Total time 3.50
validation split name: 17
 * Val Acc 93.300, Total time 6.50
validation split name: 18
 * Val Acc 63.060, Total time 6.95
validation split name: 19
 * Val Acc 93.967, Total time 6.71
validation split name: 20
 * Val Acc 69.072, Total time 0.62
validation split name: 21
 * Val Acc 87.100, Total time 6.61
validation split name: 22
 * Val Acc 71.672, Total time 1.41
validation split name: 23
 * Val Acc 88.700, Total time 6.53
validation split name: 24
 * Val Acc 81.902, Total time 12.51
validation split name: 25
 * Val Acc 89.033, Total time 6.38
validation split name: 26
 * Val Acc 62.664, Total time 2.40
validation split name: 27
 * Val Acc 88.833, Total time 6.81
validation split name: 28
 * Val Acc 76.425, Total time 2.44
Volume of the cumulative hypercube for 1-th layer in classification head: 3.718482255935669
====================== 29 =======================
Optimizer is reset!
*****************************************
LR: 0.001
Epoch:1/50
 * Loss 0.780 | Train Acc 90.811
LR: 0.001
Epoch:2/50
 * Loss 0.332 | Train Acc 96.330
LR: 0.000999496439640115
Epoch:3/50
 * Loss 0.218 | Train Acc 98.380
LR: 0.0009979862657065323
Epoch:4/50
 * Loss 0.166 | Train Acc 99.140
LR: 0.0009954709991267107
Epoch:5/50
 * Loss 0.145 | Train Acc 99.570
LR: 0.0009919531730777384
Epoch:6/50
 * Loss 0.131 | Train Acc 99.842
LR: 0.000987436330435118
Epoch:7/50
 * Loss 0.121 | Train Acc 99.900
LR: 0.0009819250202046628
Epoch:8/50
 * Loss 0.117 | Train Acc 99.885
LR: 0.0009754247929410992
Epoch:9/50
 * Loss 0.117 | Train Acc 99.871
LR: 0.0009679421951579872
Epoch:10/50
 * Loss 0.112 | Train Acc 99.986
LR: 0.000959484762734592
Epoch:11/50
 * Loss 0.112 | Train Acc 99.885
LR: 0.0009500610133263432
Epoch:12/50
 * Loss 0.108 | Train Acc 99.943
LR: 0.0009396804377865279
Epoch:13/50
 * Loss 0.107 | Train Acc 99.928
LR: 0.0009283534906078554
Epoch:14/50
 * Loss 0.101 | Train Acc 99.986
LR: 0.0009160915793935209
Epoch:15/50
 * Loss 0.099 | Train Acc 99.986
LR: 0.0009029070533683724
Epoch:16/50
 * Loss 0.099 | Train Acc 99.971
LR: 0.0008888131909417503
Epoch:17/50
 * Loss 0.098 | Train Acc 99.957
LR: 0.0008738241863345259
Epoch:18/50
 * Loss 0.098 | Train Acc 99.928
LR: 0.0008579551352838078
Epoch:19/50
 * Loss 0.096 | Train Acc 99.986
LR: 0.0008412220198397124
Epoch:20/50
 * Loss 0.093 | Train Acc 100.000
LR: 0.0008236416922695099
Epoch:21/50
 * Loss 0.092 | Train Acc 99.986
LR: 0.0008052318580853562
Epoch:22/50
 * Loss 0.092 | Train Acc 99.957
LR: 0.000786011058212706
Epoch:23/50
 * Loss 0.090 | Train Acc 100.000
LR: 0.0007659986503173616
Epoch:24/50
 * Loss 0.088 | Train Acc 99.986
LR: 0.0007452147893099667
Epoch:25/50
 * Loss 0.088 | Train Acc 99.986
LR: 0.0007236804070475787
Epoch:26/50
 * Loss 0.087 | Train Acc 99.971
LR: 0.0007014171912527616
Epoch:27/50
 * Loss 0.085 | Train Acc 100.000
LR: 0.0006784475636714309
Epoch:28/50
 * Loss 0.084 | Train Acc 100.000
LR: 0.0006547946574914495
Epoch:29/50
 * Loss 0.083 | Train Acc 100.000
LR: 0.0006304822940447137
Epoch:30/50
 * Loss 0.082 | Train Acc 100.000
LR: 0.0006055349588161974
Epoch:31/50
 * Loss 0.082 | Train Acc 100.000
LR: 0.0005799777767841123
Epoch:32/50
 * Loss 0.081 | Train Acc 100.000
LR: 0.0005538364871160218
Epoch:33/50
 * Loss 0.081 | Train Acc 99.957
LR: 0.0005271374172463922
Epoch:34/50
 * Loss 0.079 | Train Acc 100.000
LR: 0.0004999074563616878
Epoch:35/50
 * Loss 0.079 | Train Acc 100.000
LR: 0.0004721740283197138
Epoch:36/50
 * Loss 0.079 | Train Acc 100.000
LR: 0.00044396506403048214
Epoch:37/50
 * Loss 0.077 | Train Acc 100.000
LR: 0.0004153089733264112
Epoch:38/50
 * Loss 0.076 | Train Acc 100.000
LR: 0.00038623461635019685
Epoch:39/50
 * Loss 0.076 | Train Acc 100.000
LR: 0.000356771274489164
Epoch:40/50
 * Loss 0.075 | Train Acc 100.000
LR: 0.0003269486208853742
Epoch:41/50
 * Loss 0.075 | Train Acc 100.000
LR: 0.00029679669055119055
Epoch:42/50
 * Loss 0.074 | Train Acc 100.000
LR: 0.00026634585012039387
Epoch:43/50
 * Loss 0.073 | Train Acc 100.000
LR: 0.000235626767265316
Epoch:44/50
 * Loss 0.073 | Train Acc 100.000
LR: 0.0002046703798107928
Epoch:45/50
 * Loss 0.073 | Train Acc 100.000
LR: 0.00017350786457603917
Epoch:46/50
 * Loss 0.072 | Train Acc 100.000
LR: 0.0001421706059758278
Epoch:47/50
 * Loss 0.072 | Train Acc 100.000
LR: 0.00011069016441259591
Epoch:48/50
 * Loss 0.071 | Train Acc 100.000
LR: 7.909824449130957e-05
Epoch:49/50
 * Loss 0.071 | Train Acc 100.000
LR: 4.742666308909818e-05
Epoch:50/50
 * Loss 0.071 | Train Acc 100.000
=> Saving class model to: /shared/results/common/helm/IntervalActivationPromptCL/ImageNet_CR/30-task_dil_h100/coda-p/var0.1_out0.0001_drift0.1/models/repeat-1/task-29/
=> Save Done
validation split name: 1
 * Val Acc 67.367, Total time 6.58
validation split name: 2
 * Val Acc 70.077, Total time 1.90
validation split name: 3
 * Val Acc 74.833, Total time 6.52
validation split name: 4
 * Val Acc 64.000, Total time 4.34
validation split name: 5
 * Val Acc 75.333, Total time 8.40
validation split name: 6
 * Val Acc 76.182, Total time 2.14
validation split name: 7
 * Val Acc 66.200, Total time 6.58
validation split name: 8
 * Val Acc 65.455, Total time 1.15
validation split name: 9
 * Val Acc 67.167, Total time 6.43
validation split name: 10
 * Val Acc 62.346, Total time 1.19
validation split name: 11
 * Val Acc 85.833, Total time 6.47
validation split name: 12
 * Val Acc 70.229, Total time 0.77
validation split name: 13
 * Val Acc 95.767, Total time 6.98
validation split name: 14
 * Val Acc 70.085, Total time 0.99
validation split name: 15
 * Val Acc 94.900, Total time 6.45
validation split name: 16
 * Val Acc 80.435, Total time 4.27
validation split name: 17
 * Val Acc 94.167, Total time 6.47
validation split name: 18
 * Val Acc 66.480, Total time 7.44
validation split name: 19
 * Val Acc 94.867, Total time 6.62
validation split name: 20
 * Val Acc 58.763, Total time 0.63
validation split name: 21
 * Val Acc 87.400, Total time 6.65
validation split name: 22
 * Val Acc 66.212, Total time 1.53
validation split name: 23
 * Val Acc 88.433, Total time 6.97
validation split name: 24
 * Val Acc 84.356, Total time 12.11
validation split name: 25
 * Val Acc 90.500, Total time 6.52
validation split name: 26
 * Val Acc 55.910, Total time 2.42
validation split name: 27
 * Val Acc 91.567, Total time 6.55
validation split name: 28
 * Val Acc 69.430, Total time 1.74
validation split name: 29
 * Val Acc 95.900, Total time 16.07
Volume of the cumulative hypercube for 1-th layer in classification head: 3.7185657024383545
====================== 30 =======================
Optimizer is reset!
*****************************************
LR: 0.001
Epoch:1/50
 * Loss 3.659 | Train Acc 70.410
LR: 0.001
Epoch:2/50
 * Loss 2.437 | Train Acc 73.242
LR: 0.000999496439640115
Epoch:3/50
 * Loss 1.848 | Train Acc 79.883
LR: 0.0009979862657065323
Epoch:4/50
 * Loss 1.447 | Train Acc 83.984
LR: 0.0009954709991267107
Epoch:5/50
 * Loss 1.173 | Train Acc 86.816
LR: 0.0009919531730777384
Epoch:6/50
 * Loss 0.934 | Train Acc 89.258
LR: 0.000987436330435118
Epoch:7/50
 * Loss 0.729 | Train Acc 92.578
LR: 0.0009819250202046628
Epoch:8/50
 * Loss 0.594 | Train Acc 93.555
LR: 0.0009754247929410992
Epoch:9/50
 * Loss 0.471 | Train Acc 94.922
LR: 0.0009679421951579872
Epoch:10/50
 * Loss 0.378 | Train Acc 96.289
LR: 0.000959484762734592
Epoch:11/50
 * Loss 0.318 | Train Acc 96.680
LR: 0.0009500610133263432
Epoch:12/50
 * Loss 0.289 | Train Acc 97.266
LR: 0.0009396804377865279
Epoch:13/50
 * Loss 0.261 | Train Acc 97.363
LR: 0.0009283534906078554
Epoch:14/50
 * Loss 0.235 | Train Acc 97.754
LR: 0.0009160915793935209
Epoch:15/50
 * Loss 0.221 | Train Acc 98.340
LR: 0.0009029070533683724
Epoch:16/50
 * Loss 0.223 | Train Acc 98.047
LR: 0.0008888131909417503
Epoch:17/50
 * Loss 0.217 | Train Acc 98.535
LR: 0.0008738241863345259
Epoch:18/50
 * Loss 0.217 | Train Acc 98.242
LR: 0.0008579551352838078
Epoch:19/50
 * Loss 0.221 | Train Acc 98.047
LR: 0.0008412220198397124
Epoch:20/50
 * Loss 0.212 | Train Acc 98.047
LR: 0.0008236416922695099
Epoch:21/50
 * Loss 0.201 | Train Acc 98.242
LR: 0.0008052318580853562
Epoch:22/50
 * Loss 0.212 | Train Acc 98.047
LR: 0.000786011058212706
Epoch:23/50
 * Loss 0.207 | Train Acc 97.461
LR: 0.0007659986503173616
Epoch:24/50
 * Loss 0.199 | Train Acc 97.656
LR: 0.0007452147893099667
Epoch:25/50
 * Loss 0.199 | Train Acc 98.047
LR: 0.0007236804070475787
Epoch:26/50
 * Loss 0.188 | Train Acc 98.047
LR: 0.0007014171912527616
Epoch:27/50
 * Loss 0.200 | Train Acc 97.559
LR: 0.0006784475636714309
Epoch:28/50
 * Loss 0.194 | Train Acc 97.949
LR: 0.0006547946574914495
Epoch:29/50
 * Loss 0.189 | Train Acc 98.340
LR: 0.0006304822940447137
Epoch:30/50
 * Loss 0.187 | Train Acc 98.145
LR: 0.0006055349588161974
Epoch:31/50
 * Loss 0.200 | Train Acc 97.559
LR: 0.0005799777767841123
Epoch:32/50
 * Loss 0.191 | Train Acc 97.754
LR: 0.0005538364871160218
Epoch:33/50
 * Loss 0.187 | Train Acc 98.145
LR: 0.0005271374172463922
Epoch:34/50
 * Loss 0.183 | Train Acc 98.242
LR: 0.0004999074563616878
Epoch:35/50
 * Loss 0.185 | Train Acc 98.242
LR: 0.0004721740283197138
Epoch:36/50
 * Loss 0.187 | Train Acc 97.949
LR: 0.00044396506403048214
Epoch:37/50
 * Loss 0.189 | Train Acc 97.559
LR: 0.0004153089733264112
Epoch:38/50
 * Loss 0.177 | Train Acc 98.340
LR: 0.00038623461635019685
Epoch:39/50
 * Loss 0.181 | Train Acc 98.047
LR: 0.000356771274489164
Epoch:40/50
 * Loss 0.179 | Train Acc 98.145
LR: 0.0003269486208853742
Epoch:41/50
 * Loss 0.184 | Train Acc 97.559
LR: 0.00029679669055119055
Epoch:42/50
 * Loss 0.178 | Train Acc 98.145
LR: 0.00026634585012039387
Epoch:43/50
 * Loss 0.181 | Train Acc 97.656
LR: 0.000235626767265316
Epoch:44/50
 * Loss 0.175 | Train Acc 98.047
LR: 0.0002046703798107928
Epoch:45/50
 * Loss 0.177 | Train Acc 98.242
LR: 0.00017350786457603917
Epoch:46/50
 * Loss 0.176 | Train Acc 97.949
LR: 0.0001421706059758278
Epoch:47/50
 * Loss 0.175 | Train Acc 98.340
LR: 0.00011069016441259591
Epoch:48/50
 * Loss 0.175 | Train Acc 97.949
LR: 7.909824449130957e-05
Epoch:49/50
 * Loss 0.173 | Train Acc 98.145
LR: 4.742666308909818e-05
Epoch:50/50
 * Loss 0.171 | Train Acc 98.145
=> Saving class model to: /shared/results/common/helm/IntervalActivationPromptCL/ImageNet_CR/30-task_dil_h100/coda-p/var0.1_out0.0001_drift0.1/models/repeat-1/task-30/
=> Save Done
validation split name: 1
 * Val Acc 64.167, Total time 6.45
validation split name: 2
 * Val Acc 66.752, Total time 2.54
validation split name: 3
 * Val Acc 70.667, Total time 6.38
validation split name: 4
 * Val Acc 59.048, Total time 4.19
validation split name: 5
 * Val Acc 73.633, Total time 6.50
validation split name: 6
 * Val Acc 74.831, Total time 2.19
validation split name: 7
 * Val Acc 63.200, Total time 6.43
validation split name: 8
 * Val Acc 64.545, Total time 1.10
validation split name: 9
 * Val Acc 62.900, Total time 6.43
validation split name: 10
 * Val Acc 64.198, Total time 1.35
validation split name: 11
 * Val Acc 79.700, Total time 6.42
validation split name: 12
 * Val Acc 71.756, Total time 0.86
validation split name: 13
 * Val Acc 93.000, Total time 6.44
validation split name: 14
 * Val Acc 64.103, Total time 0.71
validation split name: 15
 * Val Acc 91.500, Total time 8.34
validation split name: 16
 * Val Acc 77.110, Total time 3.35
validation split name: 17
 * Val Acc 89.800, Total time 6.50
validation split name: 18
 * Val Acc 67.351, Total time 7.44
validation split name: 19
 * Val Acc 91.367, Total time 6.49
validation split name: 20
 * Val Acc 61.856, Total time 0.86
validation split name: 21
 * Val Acc 84.267, Total time 7.17
validation split name: 22
 * Val Acc 62.457, Total time 1.47
validation split name: 23
 * Val Acc 84.133, Total time 6.71
validation split name: 24
 * Val Acc 80.215, Total time 13.51
validation split name: 25
 * Val Acc 87.433, Total time 7.63
validation split name: 26
 * Val Acc 55.347, Total time 2.75
validation split name: 27
 * Val Acc 86.400, Total time 6.45
validation split name: 28
 * Val Acc 68.135, Total time 1.99
validation split name: 29
 * Val Acc 90.667, Total time 6.47
validation split name: 30
 * Val Acc 79.189, Total time 1.22
*****************************************
Incremental class: Old valid output dimension: 0
Incremental class: New Valid output dimension: 200
=> Load Done
validation split name: 1
 * Val Acc 78.133, Total time 6.40
validation split name: 1
 * Val Acc 78.191, Total time 6.44
=> Load Done
validation split name: 1
 * Val Acc 75.167, Total time 6.55
validation split name: 2
 * Val Acc 69.565, Total time 1.74
validation split name: 1
 * Val Acc 75.209, Total time 6.51
validation split name: 2
 * Val Acc 69.565, Total time 1.63
=> Load Done
validation split name: 1
 * Val Acc 82.833, Total time 6.47
validation split name: 2
 * Val Acc 61.381, Total time 1.69
validation split name: 3
 * Val Acc 86.733, Total time 6.50
validation split name: 1
 * Val Acc 82.948, Total time 6.46
validation split name: 2
 * Val Acc 61.381, Total time 2.16
validation split name: 3
 * Val Acc 86.700, Total time 6.45
=> Load Done
validation split name: 1
 * Val Acc 78.433, Total time 6.42
validation split name: 2
 * Val Acc 70.844, Total time 1.66
validation split name: 3
 * Val Acc 83.500, Total time 6.45
validation split name: 4
 * Val Acc 64.667, Total time 4.18
validation split name: 1
 * Val Acc 78.526, Total time 6.49
validation split name: 2
 * Val Acc 70.844, Total time 1.68
validation split name: 3
 * Val Acc 83.417, Total time 6.40
validation split name: 4
 * Val Acc 64.667, Total time 4.13
=> Load Done
validation split name: 1
 * Val Acc 85.200, Total time 6.52
validation split name: 2
 * Val Acc 65.985, Total time 1.73
validation split name: 3
 * Val Acc 87.467, Total time 6.46
validation split name: 4
 * Val Acc 59.810, Total time 4.09
validation split name: 5
 * Val Acc 89.500, Total time 6.54
validation split name: 1
 * Val Acc 85.226, Total time 6.44
validation split name: 2
 * Val Acc 65.985, Total time 1.72
validation split name: 3
 * Val Acc 87.471, Total time 6.42
validation split name: 4
 * Val Acc 59.810, Total time 4.45
validation split name: 5
 * Val Acc 89.481, Total time 7.20
=> Load Done
validation split name: 1
 * Val Acc 79.733, Total time 6.43
validation split name: 2
 * Val Acc 62.404, Total time 1.71
validation split name: 3
 * Val Acc 84.000, Total time 6.51
validation split name: 4
 * Val Acc 55.238, Total time 5.16
validation split name: 5
 * Val Acc 85.267, Total time 6.44
validation split name: 6
 * Val Acc 83.108, Total time 2.43
validation split name: 1
 * Val Acc 79.832, Total time 6.41
validation split name: 2
 * Val Acc 62.404, Total time 1.72
validation split name: 3
 * Val Acc 83.987, Total time 6.41
validation split name: 4
 * Val Acc 55.238, Total time 4.81
validation split name: 5
 * Val Acc 85.260, Total time 7.51
validation split name: 6
 * Val Acc 83.108, Total time 2.05
=> Load Done
validation split name: 1
 * Val Acc 83.433, Total time 6.51
validation split name: 2
 * Val Acc 63.171, Total time 1.65
validation split name: 3
 * Val Acc 85.467, Total time 6.45
validation split name: 4
 * Val Acc 56.762, Total time 4.06
validation split name: 5
 * Val Acc 89.400, Total time 6.48
validation split name: 6
 * Val Acc 77.534, Total time 2.09
validation split name: 7
 * Val Acc 91.233, Total time 6.78
validation split name: 1
 * Val Acc 83.551, Total time 6.97
validation split name: 2
 * Val Acc 63.171, Total time 1.70
validation split name: 3
 * Val Acc 85.494, Total time 6.54
validation split name: 4
 * Val Acc 56.762, Total time 4.10
validation split name: 5
 * Val Acc 89.414, Total time 6.49
validation split name: 6
 * Val Acc 77.534, Total time 2.11
validation split name: 7
 * Val Acc 91.323, Total time 6.95
=> Load Done
validation split name: 1
 * Val Acc 78.200, Total time 6.44
validation split name: 2
 * Val Acc 68.798, Total time 1.72
validation split name: 3
 * Val Acc 82.733, Total time 6.43
validation split name: 4
 * Val Acc 61.714, Total time 4.00
validation split name: 5
 * Val Acc 86.700, Total time 6.48
validation split name: 6
 * Val Acc 75.507, Total time 2.09
validation split name: 7
 * Val Acc 87.267, Total time 6.45
validation split name: 8
 * Val Acc 66.818, Total time 1.17
validation split name: 1
 * Val Acc 78.258, Total time 7.95
validation split name: 2
 * Val Acc 68.798, Total time 2.10
validation split name: 3
 * Val Acc 82.747, Total time 6.51
validation split name: 4
 * Val Acc 61.714, Total time 5.58
validation split name: 5
 * Val Acc 86.700, Total time 6.47
validation split name: 6
 * Val Acc 75.507, Total time 2.07
validation split name: 7
 * Val Acc 87.303, Total time 6.47
validation split name: 8
 * Val Acc 66.818, Total time 1.08
=> Load Done
validation split name: 1
 * Val Acc 80.167, Total time 6.48
validation split name: 2
 * Val Acc 64.962, Total time 1.70
validation split name: 3
 * Val Acc 82.833, Total time 6.48
validation split name: 4
 * Val Acc 58.190, Total time 4.15
validation split name: 5
 * Val Acc 87.467, Total time 6.70
validation split name: 6
 * Val Acc 75.845, Total time 2.09
validation split name: 7
 * Val Acc 89.633, Total time 7.98
validation split name: 8
 * Val Acc 61.364, Total time 1.10
validation split name: 9
 * Val Acc 83.167, Total time 6.45
validation split name: 1
 * Val Acc 80.235, Total time 6.46
validation split name: 2
 * Val Acc 64.962, Total time 1.71
validation split name: 3
 * Val Acc 82.781, Total time 6.47
validation split name: 4
 * Val Acc 58.190, Total time 4.73
validation split name: 5
 * Val Acc 87.471, Total time 6.46
validation split name: 6
 * Val Acc 75.845, Total time 2.06
validation split name: 7
 * Val Acc 89.682, Total time 6.44
validation split name: 8
 * Val Acc 61.364, Total time 1.12
validation split name: 9
 * Val Acc 83.216, Total time 6.67
=> Load Done
validation split name: 1
 * Val Acc 79.267, Total time 6.48
validation split name: 2
 * Val Acc 63.683, Total time 1.73
validation split name: 3
 * Val Acc 81.800, Total time 6.46
validation split name: 4
 * Val Acc 57.238, Total time 4.11
validation split name: 5
 * Val Acc 86.733, Total time 7.09
validation split name: 6
 * Val Acc 73.480, Total time 2.45
validation split name: 7
 * Val Acc 86.867, Total time 6.55
validation split name: 8
 * Val Acc 60.455, Total time 1.10
validation split name: 9
 * Val Acc 80.900, Total time 6.55
validation split name: 10
 * Val Acc 59.877, Total time 0.95
validation split name: 1
 * Val Acc 79.363, Total time 6.93
validation split name: 2
 * Val Acc 63.683, Total time 1.71
validation split name: 3
 * Val Acc 81.742, Total time 6.62
validation split name: 4
 * Val Acc 57.238, Total time 4.02
validation split name: 5
 * Val Acc 86.801, Total time 6.48
validation split name: 6
 * Val Acc 73.480, Total time 2.08
validation split name: 7
 * Val Acc 86.935, Total time 7.34
validation split name: 8
 * Val Acc 60.455, Total time 1.12
validation split name: 9
 * Val Acc 80.938, Total time 6.76
validation split name: 10
 * Val Acc 59.877, Total time 1.04
=> Load Done
validation split name: 1
 * Val Acc 75.367, Total time 6.58
validation split name: 2
 * Val Acc 62.148, Total time 1.68
validation split name: 3
 * Val Acc 87.600, Total time 6.46
validation split name: 4
 * Val Acc 56.571, Total time 4.09
validation split name: 5
 * Val Acc 83.967, Total time 6.79
validation split name: 6
 * Val Acc 72.973, Total time 2.22
validation split name: 7
 * Val Acc 81.067, Total time 6.47
validation split name: 8
 * Val Acc 53.636, Total time 1.18
validation split name: 9
 * Val Acc 80.367, Total time 6.55
validation split name: 10
 * Val Acc 48.765, Total time 0.95
validation split name: 11
 * Val Acc 93.833, Total time 6.67
validation split name: 1
 * Val Acc 75.611, Total time 6.45
validation split name: 2
 * Val Acc 62.148, Total time 1.74
validation split name: 3
 * Val Acc 87.672, Total time 6.71
validation split name: 4
 * Val Acc 56.571, Total time 4.00
validation split name: 5
 * Val Acc 84.154, Total time 6.50
validation split name: 6
 * Val Acc 72.973, Total time 2.91
validation split name: 7
 * Val Acc 81.139, Total time 6.44
validation split name: 8
 * Val Acc 53.636, Total time 1.10
validation split name: 9
 * Val Acc 80.536, Total time 7.37
validation split name: 10
 * Val Acc 48.765, Total time 0.89
validation split name: 11
 * Val Acc 93.802, Total time 6.46
=> Load Done
validation split name: 1
 * Val Acc 73.100, Total time 6.44
validation split name: 2
 * Val Acc 67.008, Total time 1.85
validation split name: 3
 * Val Acc 85.333, Total time 6.51
validation split name: 4
 * Val Acc 60.952, Total time 4.08
validation split name: 5
 * Val Acc 81.600, Total time 6.86
validation split name: 6
 * Val Acc 72.128, Total time 2.07
validation split name: 7
 * Val Acc 79.567, Total time 7.16
validation split name: 8
 * Val Acc 58.182, Total time 1.18
validation split name: 9
 * Val Acc 78.000, Total time 6.82
validation split name: 10
 * Val Acc 54.938, Total time 0.87
validation split name: 11
 * Val Acc 90.000, Total time 6.52
validation split name: 12
 * Val Acc 70.992, Total time 0.90
validation split name: 1
 * Val Acc 73.333, Total time 6.76
validation split name: 2
 * Val Acc 67.008, Total time 1.77
validation split name: 3
 * Val Acc 85.360, Total time 6.80
validation split name: 4
 * Val Acc 60.952, Total time 4.61
validation split name: 5
 * Val Acc 81.742, Total time 6.47
validation split name: 6
 * Val Acc 72.128, Total time 2.05
validation split name: 7
 * Val Acc 79.665, Total time 6.48
validation split name: 8
 * Val Acc 58.182, Total time 1.10
validation split name: 9
 * Val Acc 78.224, Total time 6.47
validation split name: 10
 * Val Acc 54.938, Total time 0.93
validation split name: 11
 * Val Acc 89.950, Total time 6.52
validation split name: 12
 * Val Acc 70.992, Total time 0.80
=> Load Done
validation split name: 1
 * Val Acc 70.833, Total time 6.46
validation split name: 2
 * Val Acc 67.263, Total time 1.75
validation split name: 3
 * Val Acc 82.467, Total time 6.44
validation split name: 4
 * Val Acc 59.143, Total time 4.15
validation split name: 5
 * Val Acc 81.533, Total time 6.46
validation split name: 6
 * Val Acc 73.986, Total time 2.74
validation split name: 7
 * Val Acc 78.367, Total time 6.51
validation split name: 8
 * Val Acc 60.000, Total time 1.09
validation split name: 9
 * Val Acc 78.133, Total time 6.48
validation split name: 10
 * Val Acc 50.617, Total time 0.90
validation split name: 11
 * Val Acc 90.567, Total time 6.69
validation split name: 12
 * Val Acc 67.939, Total time 0.87
validation split name: 13
 * Val Acc 95.433, Total time 7.99
validation split name: 1
 * Val Acc 70.988, Total time 6.54
validation split name: 2
 * Val Acc 67.263, Total time 1.91
validation split name: 3
 * Val Acc 82.580, Total time 6.54
validation split name: 4
 * Val Acc 59.143, Total time 4.04
validation split name: 5
 * Val Acc 81.709, Total time 6.99
validation split name: 6
 * Val Acc 73.986, Total time 2.22
validation split name: 7
 * Val Acc 78.492, Total time 6.56
validation split name: 8
 * Val Acc 60.000, Total time 2.35
validation split name: 9
 * Val Acc 78.291, Total time 6.62
validation split name: 10
 * Val Acc 50.617, Total time 1.39
validation split name: 11
 * Val Acc 90.586, Total time 6.59
validation split name: 12
 * Val Acc 67.939, Total time 0.92
validation split name: 13
 * Val Acc 95.444, Total time 9.13
=> Load Done
validation split name: 1
 * Val Acc 67.600, Total time 6.71
validation split name: 2
 * Val Acc 66.752, Total time 1.81
validation split name: 3
 * Val Acc 78.933, Total time 6.59
validation split name: 4
 * Val Acc 58.381, Total time 4.15
validation split name: 5
 * Val Acc 78.033, Total time 6.58
validation split name: 6
 * Val Acc 72.297, Total time 2.17
validation split name: 7
 * Val Acc 73.533, Total time 7.97
validation split name: 8
 * Val Acc 61.818, Total time 1.12
validation split name: 9
 * Val Acc 75.733, Total time 6.50
validation split name: 10
 * Val Acc 55.556, Total time 1.31
validation split name: 11
 * Val Acc 87.167, Total time 6.65
validation split name: 12
 * Val Acc 71.756, Total time 0.87
validation split name: 13
 * Val Acc 93.533, Total time 6.53
validation split name: 14
 * Val Acc 73.504, Total time 1.04
validation split name: 1
 * Val Acc 67.772, Total time 6.87
validation split name: 2
 * Val Acc 66.752, Total time 1.76
validation split name: 3
 * Val Acc 79.028, Total time 6.97
validation split name: 4
 * Val Acc 58.381, Total time 4.52
validation split name: 5
 * Val Acc 78.224, Total time 7.38
validation split name: 6
 * Val Acc 72.297, Total time 2.16
validation split name: 7
 * Val Acc 73.635, Total time 6.69
validation split name: 8
 * Val Acc 61.818, Total time 1.14
validation split name: 9
 * Val Acc 75.913, Total time 6.51
validation split name: 10
 * Val Acc 55.556, Total time 0.96
validation split name: 11
 * Val Acc 87.169, Total time 6.58
validation split name: 12
 * Val Acc 71.756, Total time 0.85
validation split name: 13
 * Val Acc 93.534, Total time 6.48
validation split name: 14
 * Val Acc 73.504, Total time 0.77
=> Load Done
validation split name: 1
 * Val Acc 77.167, Total time 6.46
validation split name: 2
 * Val Acc 65.985, Total time 2.94
validation split name: 3
 * Val Acc 85.933, Total time 6.48
validation split name: 4
 * Val Acc 58.571, Total time 4.05
validation split name: 5
 * Val Acc 84.900, Total time 6.51
validation split name: 6
 * Val Acc 74.493, Total time 2.09
validation split name: 7
 * Val Acc 76.500, Total time 6.56
validation split name: 8
 * Val Acc 60.909, Total time 1.22
validation split name: 9
 * Val Acc 75.700, Total time 6.49
validation split name: 10
 * Val Acc 50.617, Total time 0.93
validation split name: 11
 * Val Acc 90.700, Total time 6.49
validation split name: 12
 * Val Acc 66.412, Total time 0.83
validation split name: 13
 * Val Acc 95.433, Total time 6.50
validation split name: 14
 * Val Acc 68.376, Total time 0.75
validation split name: 15
 * Val Acc 97.767, Total time 8.33
validation split name: 1
 * Val Acc 77.387, Total time 7.06
validation split name: 2
 * Val Acc 65.985, Total time 1.83
validation split name: 3
 * Val Acc 85.997, Total time 6.57
validation split name: 4
 * Val Acc 58.571, Total time 4.91
validation split name: 5
 * Val Acc 84.958, Total time 6.72
validation split name: 6
 * Val Acc 74.493, Total time 2.13
validation split name: 7
 * Val Acc 76.583, Total time 6.90
validation split name: 8
 * Val Acc 60.909, Total time 2.54
validation split name: 9
 * Val Acc 75.812, Total time 7.23
validation split name: 10
 * Val Acc 50.617, Total time 0.95
validation split name: 11
 * Val Acc 90.653, Total time 7.18
validation split name: 12
 * Val Acc 66.412, Total time 0.86
validation split name: 13
 * Val Acc 95.444, Total time 6.60
validation split name: 14
 * Val Acc 68.376, Total time 0.78
validation split name: 15
 * Val Acc 97.789, Total time 6.56
=> Load Done
validation split name: 1
 * Val Acc 73.033, Total time 6.54
validation split name: 2
 * Val Acc 70.588, Total time 1.95
validation split name: 3
 * Val Acc 80.033, Total time 6.72
validation split name: 4
 * Val Acc 65.429, Total time 4.16
validation split name: 5
 * Val Acc 80.267, Total time 6.49
validation split name: 6
 * Val Acc 75.169, Total time 2.09
validation split name: 7
 * Val Acc 72.733, Total time 6.91
validation split name: 8
 * Val Acc 70.000, Total time 1.22
validation split name: 9
 * Val Acc 71.700, Total time 6.59
validation split name: 10
 * Val Acc 56.790, Total time 0.95
validation split name: 11
 * Val Acc 84.867, Total time 7.06
validation split name: 12
 * Val Acc 75.573, Total time 1.04
validation split name: 13
 * Val Acc 93.267, Total time 6.52
validation split name: 14
 * Val Acc 75.214, Total time 1.05
validation split name: 15
 * Val Acc 95.500, Total time 6.65
validation split name: 16
 * Val Acc 84.399, Total time 3.69
validation split name: 1
 * Val Acc 73.166, Total time 7.03
validation split name: 2
 * Val Acc 70.588, Total time 2.04
validation split name: 3
 * Val Acc 80.134, Total time 6.63
validation split name: 4
 * Val Acc 65.429, Total time 4.24
validation split name: 5
 * Val Acc 80.335, Total time 6.57
validation split name: 6
 * Val Acc 75.169, Total time 2.08
validation split name: 7
 * Val Acc 72.831, Total time 6.94
validation split name: 8
 * Val Acc 70.000, Total time 1.19
validation split name: 9
 * Val Acc 71.759, Total time 6.54
validation split name: 10
 * Val Acc 56.790, Total time 0.95
validation split name: 11
 * Val Acc 84.791, Total time 6.78
validation split name: 12
 * Val Acc 75.573, Total time 0.90
validation split name: 13
 * Val Acc 93.266, Total time 6.87
validation split name: 14
 * Val Acc 75.214, Total time 0.81
validation split name: 15
 * Val Acc 95.511, Total time 7.06
validation split name: 16
 * Val Acc 84.399, Total time 3.45
=> Load Done
validation split name: 1
 * Val Acc 74.267, Total time 7.04
validation split name: 2
 * Val Acc 67.519, Total time 1.86
validation split name: 3
 * Val Acc 83.900, Total time 6.58
validation split name: 4
 * Val Acc 61.524, Total time 4.35
validation split name: 5
 * Val Acc 82.900, Total time 6.49
validation split name: 6
 * Val Acc 74.155, Total time 2.08
validation split name: 7
 * Val Acc 74.800, Total time 6.53
validation split name: 8
 * Val Acc 61.818, Total time 1.14
validation split name: 9
 * Val Acc 72.167, Total time 6.56
validation split name: 10
 * Val Acc 53.704, Total time 0.99
validation split name: 11
 * Val Acc 91.367, Total time 8.80
validation split name: 12
 * Val Acc 67.939, Total time 0.84
validation split name: 13
 * Val Acc 95.233, Total time 7.57
validation split name: 14
 * Val Acc 59.829, Total time 0.99
validation split name: 15
 * Val Acc 96.933, Total time 6.65
validation split name: 16
 * Val Acc 80.818, Total time 3.42
validation split name: 17
 * Val Acc 96.267, Total time 6.98
validation split name: 1
 * Val Acc 74.439, Total time 7.31
validation split name: 2
 * Val Acc 67.519, Total time 1.87
validation split name: 3
 * Val Acc 83.953, Total time 6.69
validation split name: 4
 * Val Acc 61.524, Total time 4.08
validation split name: 5
 * Val Acc 82.982, Total time 8.74
validation split name: 6
 * Val Acc 74.155, Total time 2.05
validation split name: 7
 * Val Acc 74.908, Total time 6.49
validation split name: 8
 * Val Acc 61.818, Total time 1.22
validation split name: 9
 * Val Acc 72.328, Total time 7.32
validation split name: 10
 * Val Acc 53.704, Total time 0.99
validation split name: 11
 * Val Acc 91.390, Total time 7.76
validation split name: 12
 * Val Acc 67.939, Total time 0.87
validation split name: 13
 * Val Acc 95.243, Total time 6.63
validation split name: 14
 * Val Acc 59.829, Total time 0.80
validation split name: 15
 * Val Acc 96.951, Total time 7.32
validation split name: 16
 * Val Acc 80.818, Total time 3.50
validation split name: 17
 * Val Acc 96.281, Total time 6.95
=> Load Done
validation split name: 1
 * Val Acc 69.733, Total time 6.78
validation split name: 2
 * Val Acc 65.473, Total time 1.92
validation split name: 3
 * Val Acc 76.900, Total time 6.65
validation split name: 4
 * Val Acc 53.905, Total time 4.77
validation split name: 5
 * Val Acc 75.900, Total time 6.55
validation split name: 6
 * Val Acc 73.986, Total time 2.26
validation split name: 7
 * Val Acc 66.467, Total time 6.60
validation split name: 8
 * Val Acc 56.364, Total time 1.64
validation split name: 9
 * Val Acc 68.367, Total time 6.57
validation split name: 10
 * Val Acc 56.790, Total time 0.95
validation split name: 11
 * Val Acc 81.633, Total time 6.97
validation split name: 12
 * Val Acc 67.176, Total time 1.06
validation split name: 13
 * Val Acc 92.467, Total time 6.82
validation split name: 14
 * Val Acc 56.410, Total time 0.78
validation split name: 15
 * Val Acc 93.033, Total time 6.73
validation split name: 16
 * Val Acc 76.215, Total time 3.43
validation split name: 17
 * Val Acc 89.600, Total time 7.05
validation split name: 18
 * Val Acc 81.032, Total time 6.94
validation split name: 1
 * Val Acc 69.916, Total time 6.71
validation split name: 2
 * Val Acc 65.473, Total time 1.87
validation split name: 3
 * Val Acc 76.918, Total time 6.66
validation split name: 4
 * Val Acc 53.905, Total time 4.32
validation split name: 5
 * Val Acc 76.013, Total time 7.65
validation split name: 6
 * Val Acc 73.986, Total time 2.10
validation split name: 7
 * Val Acc 66.533, Total time 6.66
validation split name: 8
 * Val Acc 56.364, Total time 1.12
validation split name: 9
 * Val Acc 68.543, Total time 6.64
validation split name: 10
 * Val Acc 56.790, Total time 1.01
validation split name: 11
 * Val Acc 81.575, Total time 6.72
validation split name: 12
 * Val Acc 67.176, Total time 0.89
validation split name: 13
 * Val Acc 92.429, Total time 7.04
validation split name: 14
 * Val Acc 56.410, Total time 0.78
validation split name: 15
 * Val Acc 93.032, Total time 6.71
validation split name: 16
 * Val Acc 76.215, Total time 3.49
validation split name: 17
 * Val Acc 89.581, Total time 6.92
validation split name: 18
 * Val Acc 80.964, Total time 7.37
=> Load Done
validation split name: 1
 * Val Acc 71.100, Total time 6.49
validation split name: 2
 * Val Acc 66.240, Total time 1.93
validation split name: 3
 * Val Acc 80.267, Total time 7.48
validation split name: 4
 * Val Acc 58.667, Total time 4.33
validation split name: 5
 * Val Acc 78.433, Total time 6.82
validation split name: 6
 * Val Acc 74.831, Total time 2.29
validation split name: 7
 * Val Acc 69.400, Total time 6.49
validation split name: 8
 * Val Acc 59.091, Total time 1.13
validation split name: 9
 * Val Acc 69.467, Total time 6.47
validation split name: 10
 * Val Acc 58.642, Total time 0.98
validation split name: 11
 * Val Acc 86.067, Total time 6.82
validation split name: 12
 * Val Acc 67.176, Total time 0.88
validation split name: 13
 * Val Acc 95.533, Total time 6.51
validation split name: 14
 * Val Acc 63.248, Total time 0.82
validation split name: 15
 * Val Acc 96.233, Total time 6.56
validation split name: 16
 * Val Acc 78.261, Total time 3.65
validation split name: 17
 * Val Acc 93.533, Total time 7.01
validation split name: 18
 * Val Acc 73.197, Total time 6.95
validation split name: 19
 * Val Acc 94.000, Total time 7.64
validation split name: 1
 * Val Acc 71.323, Total time 8.15
validation split name: 2
 * Val Acc 66.240, Total time 2.04
validation split name: 3
 * Val Acc 80.302, Total time 6.57
validation split name: 4
 * Val Acc 58.667, Total time 5.31
validation split name: 5
 * Val Acc 78.559, Total time 6.83
validation split name: 6
 * Val Acc 74.831, Total time 2.62
validation split name: 7
 * Val Acc 69.548, Total time 6.74
validation split name: 8
 * Val Acc 59.091, Total time 1.14
validation split name: 9
 * Val Acc 69.581, Total time 6.98
validation split name: 10
 * Val Acc 58.642, Total time 0.93
validation split name: 11
 * Val Acc 86.030, Total time 6.82
validation split name: 12
 * Val Acc 67.176, Total time 0.91
validation split name: 13
 * Val Acc 95.511, Total time 6.57
validation split name: 14
 * Val Acc 63.248, Total time 0.81
validation split name: 15
 * Val Acc 96.281, Total time 7.64
validation split name: 16
 * Val Acc 78.261, Total time 4.19
validation split name: 17
 * Val Acc 93.568, Total time 8.13
validation split name: 18
 * Val Acc 73.200, Total time 7.17
validation split name: 19
 * Val Acc 94.003, Total time 7.57
=> Load Done
validation split name: 1
 * Val Acc 64.933, Total time 6.69
validation split name: 2
 * Val Acc 68.286, Total time 1.91
validation split name: 3
 * Val Acc 76.200, Total time 6.50
validation split name: 4
 * Val Acc 62.000, Total time 5.02
validation split name: 5
 * Val Acc 75.733, Total time 6.52
validation split name: 6
 * Val Acc 72.635, Total time 2.14
validation split name: 7
 * Val Acc 65.533, Total time 6.50
validation split name: 8
 * Val Acc 69.545, Total time 1.28
validation split name: 9
 * Val Acc 67.333, Total time 6.58
validation split name: 10
 * Val Acc 64.198, Total time 0.97
validation split name: 11
 * Val Acc 82.200, Total time 6.60
validation split name: 12
 * Val Acc 73.282, Total time 0.90
validation split name: 13
 * Val Acc 92.967, Total time 6.56
validation split name: 14
 * Val Acc 65.812, Total time 0.78
validation split name: 15
 * Val Acc 93.567, Total time 6.96
validation split name: 16
 * Val Acc 80.946, Total time 3.53
validation split name: 17
 * Val Acc 92.267, Total time 8.23
validation split name: 18
 * Val Acc 62.749, Total time 7.16
validation split name: 19
 * Val Acc 91.933, Total time 7.38
validation split name: 20
 * Val Acc 69.072, Total time 0.77
validation split name: 1
 * Val Acc 65.126, Total time 6.60
validation split name: 2
 * Val Acc 68.286, Total time 2.00
validation split name: 3
 * Val Acc 76.214, Total time 8.17
validation split name: 4
 * Val Acc 62.000, Total time 4.30
validation split name: 5
 * Val Acc 75.779, Total time 6.75
validation split name: 6
 * Val Acc 72.635, Total time 2.20
validation split name: 7
 * Val Acc 65.662, Total time 6.75
validation split name: 8
 * Val Acc 69.545, Total time 1.53
validation split name: 9
 * Val Acc 67.471, Total time 6.53
validation split name: 10
 * Val Acc 64.198, Total time 0.95
validation split name: 11
 * Val Acc 82.144, Total time 6.76
validation split name: 12
 * Val Acc 73.282, Total time 0.83
validation split name: 13
 * Val Acc 92.965, Total time 6.90
validation split name: 14
 * Val Acc 65.812, Total time 0.86
validation split name: 15
 * Val Acc 93.601, Total time 6.72
validation split name: 16
 * Val Acc 80.946, Total time 3.41
validation split name: 17
 * Val Acc 92.261, Total time 7.04
validation split name: 18
 * Val Acc 62.680, Total time 7.10
validation split name: 19
 * Val Acc 91.893, Total time 9.66
validation split name: 20
 * Val Acc 69.072, Total time 0.73
=> Load Done
validation split name: 1
 * Val Acc 67.100, Total time 6.54
validation split name: 2
 * Val Acc 66.240, Total time 2.12
validation split name: 3
 * Val Acc 79.267, Total time 6.76
validation split name: 4
 * Val Acc 59.143, Total time 4.48
validation split name: 5
 * Val Acc 76.433, Total time 6.57
validation split name: 6
 * Val Acc 73.649, Total time 2.56
validation split name: 7
 * Val Acc 66.667, Total time 7.30
validation split name: 8
 * Val Acc 61.364, Total time 1.18
validation split name: 9
 * Val Acc 67.367, Total time 6.55
validation split name: 10
 * Val Acc 59.259, Total time 1.41
validation split name: 11
 * Val Acc 86.900, Total time 6.80
validation split name: 12
 * Val Acc 69.466, Total time 0.86
validation split name: 13
 * Val Acc 95.800, Total time 6.54
validation split name: 14
 * Val Acc 64.103, Total time 1.11
validation split name: 15
 * Val Acc 96.633, Total time 6.61
validation split name: 16
 * Val Acc 78.900, Total time 3.48
validation split name: 17
 * Val Acc 93.967, Total time 6.93
validation split name: 18
 * Val Acc 69.216, Total time 7.01
validation split name: 19
 * Val Acc 95.700, Total time 7.72
validation split name: 20
 * Val Acc 56.701, Total time 0.72
validation split name: 21
 * Val Acc 91.100, Total time 8.25
validation split name: 1
 * Val Acc 67.303, Total time 6.61
validation split name: 2
 * Val Acc 66.240, Total time 1.93
validation split name: 3
 * Val Acc 79.363, Total time 7.02
validation split name: 4
 * Val Acc 59.143, Total time 5.96
validation split name: 5
 * Val Acc 76.516, Total time 6.58
validation split name: 6
 * Val Acc 73.649, Total time 2.30
validation split name: 7
 * Val Acc 66.801, Total time 6.68
validation split name: 8
 * Val Acc 61.364, Total time 1.63
validation split name: 9
 * Val Acc 67.471, Total time 7.40
validation split name: 10
 * Val Acc 59.259, Total time 1.02
validation split name: 11
 * Val Acc 86.868, Total time 7.07
validation split name: 12
 * Val Acc 69.466, Total time 0.91
validation split name: 13
 * Val Acc 95.779, Total time 6.63
validation split name: 14
 * Val Acc 64.103, Total time 0.76
validation split name: 15
 * Val Acc 96.650, Total time 7.13
validation split name: 16
 * Val Acc 78.900, Total time 3.46
validation split name: 17
 * Val Acc 93.970, Total time 7.09
validation split name: 18
 * Val Acc 69.130, Total time 6.94
validation split name: 19
 * Val Acc 95.678, Total time 7.59
validation split name: 20
 * Val Acc 56.701, Total time 0.86
validation split name: 21
 * Val Acc 91.122, Total time 8.57
=> Load Done
validation split name: 1
 * Val Acc 65.667, Total time 6.55
validation split name: 2
 * Val Acc 70.077, Total time 2.36
validation split name: 3
 * Val Acc 76.433, Total time 6.76
validation split name: 4
 * Val Acc 64.286, Total time 4.39
validation split name: 5
 * Val Acc 75.467, Total time 6.57
validation split name: 6
 * Val Acc 73.311, Total time 2.31
validation split name: 7
 * Val Acc 65.000, Total time 6.56
validation split name: 8
 * Val Acc 67.727, Total time 1.24
validation split name: 9
 * Val Acc 65.300, Total time 6.57
validation split name: 10
 * Val Acc 61.111, Total time 0.97
validation split name: 11
 * Val Acc 82.667, Total time 7.15
validation split name: 12
 * Val Acc 69.466, Total time 0.93
validation split name: 13
 * Val Acc 94.133, Total time 6.58
validation split name: 14
 * Val Acc 70.940, Total time 0.82
validation split name: 15
 * Val Acc 94.200, Total time 6.79
validation split name: 16
 * Val Acc 82.481, Total time 3.36
validation split name: 17
 * Val Acc 91.600, Total time 7.97
validation split name: 18
 * Val Acc 62.313, Total time 7.30
validation split name: 19
 * Val Acc 93.833, Total time 7.53
validation split name: 20
 * Val Acc 59.794, Total time 0.74
validation split name: 21
 * Val Acc 87.067, Total time 7.81
validation split name: 22
 * Val Acc 78.157, Total time 1.56
validation split name: 1
 * Val Acc 65.863, Total time 6.76
validation split name: 2
 * Val Acc 70.077, Total time 1.99
validation split name: 3
 * Val Acc 76.549, Total time 6.53
validation split name: 4
 * Val Acc 64.286, Total time 4.54
validation split name: 5
 * Val Acc 75.578, Total time 7.01
validation split name: 6
 * Val Acc 73.311, Total time 2.23
validation split name: 7
 * Val Acc 65.159, Total time 6.73
validation split name: 8
 * Val Acc 67.727, Total time 1.24
validation split name: 9
 * Val Acc 65.394, Total time 6.86
validation split name: 10
 * Val Acc 61.111, Total time 0.99
validation split name: 11
 * Val Acc 82.580, Total time 7.81
validation split name: 12
 * Val Acc 69.466, Total time 0.91
validation split name: 13
 * Val Acc 94.104, Total time 7.14
validation split name: 14
 * Val Acc 70.940, Total time 0.91
validation split name: 15
 * Val Acc 94.204, Total time 6.61
validation split name: 16
 * Val Acc 82.481, Total time 3.36
validation split name: 17
 * Val Acc 91.591, Total time 7.07
validation split name: 18
 * Val Acc 62.242, Total time 7.16
validation split name: 19
 * Val Acc 93.802, Total time 9.01
validation split name: 20
 * Val Acc 59.794, Total time 0.68
validation split name: 21
 * Val Acc 87.069, Total time 7.68
validation split name: 22
 * Val Acc 78.157, Total time 1.49
=> Load Done
validation split name: 1
 * Val Acc 66.800, Total time 6.70
validation split name: 2
 * Val Acc 69.054, Total time 1.94
validation split name: 3
 * Val Acc 78.667, Total time 6.57
validation split name: 4
 * Val Acc 61.238, Total time 4.47
validation split name: 5
 * Val Acc 76.267, Total time 6.58
validation split name: 6
 * Val Acc 75.169, Total time 2.33
validation split name: 7
 * Val Acc 66.000, Total time 6.57
validation split name: 8
 * Val Acc 62.727, Total time 1.26
validation split name: 9
 * Val Acc 67.767, Total time 6.54
validation split name: 10
 * Val Acc 58.025, Total time 1.02
validation split name: 11
 * Val Acc 85.733, Total time 6.61
validation split name: 12
 * Val Acc 68.702, Total time 0.92
validation split name: 13
 * Val Acc 95.967, Total time 6.91
validation split name: 14
 * Val Acc 71.795, Total time 0.82
validation split name: 15
 * Val Acc 96.300, Total time 6.69
validation split name: 16
 * Val Acc 80.179, Total time 3.38
validation split name: 17
 * Val Acc 92.733, Total time 7.55
validation split name: 18
 * Val Acc 68.035, Total time 7.09
validation split name: 19
 * Val Acc 97.233, Total time 8.26
validation split name: 20
 * Val Acc 56.701, Total time 0.95
validation split name: 21
 * Val Acc 93.400, Total time 7.50
validation split name: 22
 * Val Acc 70.648, Total time 1.51
validation split name: 23
 * Val Acc 94.500, Total time 7.99
validation split name: 1
 * Val Acc 67.002, Total time 7.64
validation split name: 2
 * Val Acc 69.054, Total time 3.16
validation split name: 3
 * Val Acc 78.727, Total time 7.07
validation split name: 4
 * Val Acc 61.238, Total time 4.51
validation split name: 5
 * Val Acc 76.348, Total time 6.85
validation split name: 6
 * Val Acc 75.169, Total time 2.32
validation split name: 7
 * Val Acc 66.131, Total time 6.76
validation split name: 8
 * Val Acc 62.727, Total time 1.35
validation split name: 9
 * Val Acc 67.906, Total time 6.66
validation split name: 10
 * Val Acc 58.025, Total time 1.05
validation split name: 11
 * Val Acc 85.695, Total time 7.67
validation split name: 12
 * Val Acc 68.702, Total time 0.91
validation split name: 13
 * Val Acc 95.946, Total time 6.61
validation split name: 14
 * Val Acc 71.795, Total time 0.78
validation split name: 15
 * Val Acc 96.315, Total time 6.61
validation split name: 16
 * Val Acc 80.179, Total time 3.33
validation split name: 17
 * Val Acc 92.764, Total time 7.52
validation split name: 18
 * Val Acc 67.940, Total time 7.19
validation split name: 19
 * Val Acc 97.253, Total time 6.71
validation split name: 20
 * Val Acc 56.701, Total time 0.81
validation split name: 21
 * Val Acc 93.400, Total time 6.60
validation split name: 22
 * Val Acc 70.648, Total time 1.68
validation split name: 23
 * Val Acc 94.539, Total time 7.87
=> Load Done
validation split name: 1
 * Val Acc 63.867, Total time 6.62
validation split name: 2
 * Val Acc 68.286, Total time 1.97
validation split name: 3
 * Val Acc 73.533, Total time 6.61
validation split name: 4
 * Val Acc 64.286, Total time 4.53
validation split name: 5
 * Val Acc 70.033, Total time 6.64
validation split name: 6
 * Val Acc 75.845, Total time 3.94
validation split name: 7
 * Val Acc 65.033, Total time 6.81
validation split name: 8
 * Val Acc 60.000, Total time 1.25
validation split name: 9
 * Val Acc 64.867, Total time 6.64
validation split name: 10
 * Val Acc 63.580, Total time 1.06
validation split name: 11
 * Val Acc 78.933, Total time 6.85
validation split name: 12
 * Val Acc 67.939, Total time 0.92
validation split name: 13
 * Val Acc 94.200, Total time 6.93
validation split name: 14
 * Val Acc 66.667, Total time 0.82
validation split name: 15
 * Val Acc 93.233, Total time 7.32
validation split name: 16
 * Val Acc 81.458, Total time 3.72
validation split name: 17
 * Val Acc 91.467, Total time 7.14
validation split name: 18
 * Val Acc 69.838, Total time 7.65
validation split name: 19
 * Val Acc 95.033, Total time 7.79
validation split name: 20
 * Val Acc 54.639, Total time 0.81
validation split name: 21
 * Val Acc 90.067, Total time 7.75
validation split name: 22
 * Val Acc 66.553, Total time 1.51
validation split name: 23
 * Val Acc 90.567, Total time 8.20
validation split name: 24
 * Val Acc 89.954, Total time 14.56
validation split name: 1
 * Val Acc 64.121, Total time 7.25
validation split name: 2
 * Val Acc 68.286, Total time 1.95
validation split name: 3
 * Val Acc 73.601, Total time 6.87
validation split name: 4
 * Val Acc 64.286, Total time 4.50
validation split name: 5
 * Val Acc 70.117, Total time 6.85
validation split name: 6
 * Val Acc 75.845, Total time 2.35
validation split name: 7
 * Val Acc 65.126, Total time 6.79
validation split name: 8
 * Val Acc 60.000, Total time 1.26
validation split name: 9
 * Val Acc 65.126, Total time 6.64
validation split name: 10
 * Val Acc 63.580, Total time 1.44
validation split name: 11
 * Val Acc 78.928, Total time 6.96
validation split name: 12
 * Val Acc 67.939, Total time 1.05
validation split name: 13
 * Val Acc 94.238, Total time 6.97
validation split name: 14
 * Val Acc 66.667, Total time 1.02
validation split name: 15
 * Val Acc 93.266, Total time 7.58
validation split name: 16
 * Val Acc 81.458, Total time 3.34
validation split name: 17
 * Val Acc 91.658, Total time 6.87
validation split name: 18
 * Val Acc 69.693, Total time 7.53
validation split name: 19
 * Val Acc 95.075, Total time 7.47
validation split name: 20
 * Val Acc 54.639, Total time 0.73
validation split name: 21
 * Val Acc 90.218, Total time 7.51
validation split name: 22
 * Val Acc 66.553, Total time 2.19
validation split name: 23
 * Val Acc 90.754, Total time 7.89
validation split name: 24
 * Val Acc 90.131, Total time 12.86
=> Load Done
validation split name: 1
 * Val Acc 68.233, Total time 6.61
validation split name: 2
 * Val Acc 69.565, Total time 2.03
validation split name: 3
 * Val Acc 73.733, Total time 6.64
validation split name: 4
 * Val Acc 63.333, Total time 5.45
validation split name: 5
 * Val Acc 76.033, Total time 6.64
validation split name: 6
 * Val Acc 75.507, Total time 2.27
validation split name: 7
 * Val Acc 67.633, Total time 6.77
validation split name: 8
 * Val Acc 61.364, Total time 1.26
validation split name: 9
 * Val Acc 72.367, Total time 6.71
validation split name: 10
 * Val Acc 58.642, Total time 1.06
validation split name: 11
 * Val Acc 82.033, Total time 6.63
validation split name: 12
 * Val Acc 70.992, Total time 0.94
validation split name: 13
 * Val Acc 95.967, Total time 6.63
validation split name: 14
 * Val Acc 64.957, Total time 0.85
validation split name: 15
 * Val Acc 94.000, Total time 6.63
validation split name: 16
 * Val Acc 80.051, Total time 3.39
validation split name: 17
 * Val Acc 92.367, Total time 6.65
validation split name: 18
 * Val Acc 68.532, Total time 6.90
validation split name: 19
 * Val Acc 95.600, Total time 6.72
validation split name: 20
 * Val Acc 52.577, Total time 0.90
validation split name: 21
 * Val Acc 89.600, Total time 6.62
validation split name: 22
 * Val Acc 65.188, Total time 1.51
validation split name: 23
 * Val Acc 90.433, Total time 8.32
validation split name: 24
 * Val Acc 86.656, Total time 13.15
validation split name: 25
 * Val Acc 91.700, Total time 6.97
validation split name: 1
 * Val Acc 68.509, Total time 8.49
validation split name: 2
 * Val Acc 69.565, Total time 2.03
validation split name: 3
 * Val Acc 73.836, Total time 7.54
validation split name: 4
 * Val Acc 63.333, Total time 4.51
validation split name: 5
 * Val Acc 76.181, Total time 6.80
validation split name: 6
 * Val Acc 75.507, Total time 2.54
validation split name: 7
 * Val Acc 67.806, Total time 6.97
validation split name: 8
 * Val Acc 61.364, Total time 1.32
validation split name: 9
 * Val Acc 72.630, Total time 6.66
validation split name: 10
 * Val Acc 58.642, Total time 1.11
validation split name: 11
 * Val Acc 82.044, Total time 9.02
validation split name: 12
 * Val Acc 70.992, Total time 0.94
validation split name: 13
 * Val Acc 95.980, Total time 7.07
validation split name: 14
 * Val Acc 64.957, Total time 0.88
validation split name: 15
 * Val Acc 94.037, Total time 7.59
validation split name: 16
 * Val Acc 80.051, Total time 4.09
validation split name: 17
 * Val Acc 92.563, Total time 7.42
validation split name: 18
 * Val Acc 68.503, Total time 6.96
validation split name: 19
 * Val Acc 95.611, Total time 8.24
validation split name: 20
 * Val Acc 52.577, Total time 0.79
validation split name: 21
 * Val Acc 89.849, Total time 8.16
validation split name: 22
 * Val Acc 65.188, Total time 1.53
validation split name: 23
 * Val Acc 90.653, Total time 8.26
validation split name: 24
 * Val Acc 86.662, Total time 13.03
validation split name: 25
 * Val Acc 91.692, Total time 6.98
=> Load Done
validation split name: 1
 * Val Acc 58.033, Total time 6.66
validation split name: 2
 * Val Acc 71.611, Total time 2.53
validation split name: 3
 * Val Acc 66.900, Total time 6.71
validation split name: 4
 * Val Acc 60.952, Total time 4.89
validation split name: 5
 * Val Acc 69.200, Total time 6.64
validation split name: 6
 * Val Acc 73.818, Total time 2.45
validation split name: 7
 * Val Acc 57.433, Total time 6.68
validation split name: 8
 * Val Acc 67.727, Total time 1.25
validation split name: 9
 * Val Acc 66.433, Total time 6.67
validation split name: 10
 * Val Acc 63.580, Total time 1.11
validation split name: 11
 * Val Acc 75.467, Total time 6.67
validation split name: 12
 * Val Acc 70.992, Total time 1.07
validation split name: 13
 * Val Acc 91.833, Total time 6.63
validation split name: 14
 * Val Acc 58.974, Total time 0.87
validation split name: 15
 * Val Acc 88.733, Total time 6.64
validation split name: 16
 * Val Acc 79.668, Total time 4.00
validation split name: 17
 * Val Acc 87.033, Total time 7.82
validation split name: 18
 * Val Acc 65.174, Total time 6.92
validation split name: 19
 * Val Acc 92.367, Total time 6.94
validation split name: 20
 * Val Acc 59.794, Total time 0.80
validation split name: 21
 * Val Acc 85.700, Total time 6.72
validation split name: 22
 * Val Acc 64.846, Total time 1.54
validation split name: 23
 * Val Acc 86.367, Total time 6.77
validation split name: 24
 * Val Acc 81.518, Total time 13.08
validation split name: 25
 * Val Acc 85.567, Total time 7.62
validation split name: 26
 * Val Acc 71.295, Total time 2.56
validation split name: 1
 * Val Acc 58.325, Total time 7.23
validation split name: 2
 * Val Acc 71.611, Total time 2.02
validation split name: 3
 * Val Acc 67.069, Total time 6.99
validation split name: 4
 * Val Acc 60.952, Total time 4.51
validation split name: 5
 * Val Acc 69.414, Total time 6.93
validation split name: 6
 * Val Acc 73.818, Total time 2.87
validation split name: 7
 * Val Acc 57.588, Total time 7.47
validation split name: 8
 * Val Acc 67.727, Total time 1.26
validation split name: 9
 * Val Acc 66.667, Total time 6.62
validation split name: 10
 * Val Acc 63.580, Total time 1.09
validation split name: 11
 * Val Acc 75.410, Total time 7.75
validation split name: 12
 * Val Acc 70.992, Total time 0.95
validation split name: 13
 * Val Acc 91.859, Total time 7.03
validation split name: 14
 * Val Acc 58.974, Total time 0.94
validation split name: 15
 * Val Acc 88.844, Total time 7.34
validation split name: 16
 * Val Acc 79.668, Total time 3.41
validation split name: 17
 * Val Acc 87.203, Total time 7.32
validation split name: 18
 * Val Acc 65.122, Total time 6.74
validation split name: 19
 * Val Acc 92.362, Total time 7.90
validation split name: 20
 * Val Acc 59.794, Total time 0.79
validation split name: 21
 * Val Acc 85.930, Total time 7.58
validation split name: 22
 * Val Acc 64.846, Total time 1.93
validation split name: 23
 * Val Acc 86.667, Total time 7.56
validation split name: 24
 * Val Acc 81.650, Total time 13.47
validation split name: 25
 * Val Acc 85.595, Total time 7.32
validation split name: 26
 * Val Acc 71.295, Total time 2.49
=> Load Done
validation split name: 1
 * Val Acc 70.167, Total time 6.93
validation split name: 2
 * Val Acc 72.123, Total time 1.92
validation split name: 3
 * Val Acc 76.500, Total time 6.66
validation split name: 4
 * Val Acc 61.810, Total time 4.41
validation split name: 5
 * Val Acc 77.333, Total time 6.68
validation split name: 6
 * Val Acc 76.182, Total time 2.92
validation split name: 7
 * Val Acc 66.267, Total time 7.03
validation split name: 8
 * Val Acc 66.818, Total time 1.35
validation split name: 9
 * Val Acc 70.367, Total time 6.74
validation split name: 10
 * Val Acc 62.346, Total time 1.42
validation split name: 11
 * Val Acc 85.800, Total time 6.81
validation split name: 12
 * Val Acc 70.229, Total time 1.01
validation split name: 13
 * Val Acc 96.300, Total time 6.68
validation split name: 14
 * Val Acc 64.957, Total time 0.87
validation split name: 15
 * Val Acc 95.767, Total time 7.75
validation split name: 16
 * Val Acc 81.074, Total time 3.50
validation split name: 17
 * Val Acc 95.433, Total time 6.78
validation split name: 18
 * Val Acc 67.351, Total time 7.15
validation split name: 19
 * Val Acc 95.633, Total time 7.67
validation split name: 20
 * Val Acc 55.670, Total time 0.80
validation split name: 21
 * Val Acc 90.200, Total time 7.70
validation split name: 22
 * Val Acc 66.894, Total time 1.57
validation split name: 23
 * Val Acc 90.233, Total time 7.71
validation split name: 24
 * Val Acc 85.353, Total time 13.69
validation split name: 25
 * Val Acc 90.800, Total time 6.82
validation split name: 26
 * Val Acc 59.099, Total time 2.49
validation split name: 27
 * Val Acc 93.400, Total time 8.23
validation split name: 1
 * Val Acc 70.419, Total time 6.86
validation split name: 2
 * Val Acc 72.123, Total time 1.99
validation split name: 3
 * Val Acc 76.616, Total time 7.28
validation split name: 4
 * Val Acc 61.810, Total time 4.36
validation split name: 5
 * Val Acc 77.521, Total time 6.74
validation split name: 6
 * Val Acc 76.182, Total time 2.40
validation split name: 7
 * Val Acc 66.432, Total time 6.82
validation split name: 8
 * Val Acc 66.818, Total time 1.31
validation split name: 9
 * Val Acc 70.586, Total time 6.95
validation split name: 10
 * Val Acc 62.346, Total time 1.06
validation split name: 11
 * Val Acc 85.762, Total time 7.31
validation split name: 12
 * Val Acc 70.229, Total time 1.02
validation split name: 13
 * Val Acc 96.281, Total time 7.43
validation split name: 14
 * Val Acc 64.957, Total time 0.89
validation split name: 15
 * Val Acc 95.846, Total time 6.93
validation split name: 16
 * Val Acc 81.074, Total time 4.06
validation split name: 17
 * Val Acc 95.511, Total time 7.39
validation split name: 18
 * Val Acc 67.314, Total time 6.66
validation split name: 19
 * Val Acc 95.645, Total time 7.61
validation split name: 20
 * Val Acc 55.670, Total time 0.83
validation split name: 21
 * Val Acc 90.419, Total time 7.69
validation split name: 22
 * Val Acc 66.894, Total time 1.64
validation split name: 23
 * Val Acc 90.419, Total time 7.69
validation split name: 24
 * Val Acc 85.274, Total time 13.37
validation split name: 25
 * Val Acc 90.754, Total time 7.07
validation split name: 26
 * Val Acc 59.099, Total time 2.53
validation split name: 27
 * Val Acc 93.400, Total time 6.93
=> Load Done
validation split name: 1
 * Val Acc 67.767, Total time 6.63
validation split name: 2
 * Val Acc 75.448, Total time 2.05
validation split name: 3
 * Val Acc 73.533, Total time 6.80
validation split name: 4
 * Val Acc 66.762, Total time 4.49
validation split name: 5
 * Val Acc 77.400, Total time 6.63
validation split name: 6
 * Val Acc 75.000, Total time 2.44
validation split name: 7
 * Val Acc 65.067, Total time 6.65
validation split name: 8
 * Val Acc 68.182, Total time 1.32
validation split name: 9
 * Val Acc 68.067, Total time 6.72
validation split name: 10
 * Val Acc 66.049, Total time 1.13
validation split name: 11
 * Val Acc 83.167, Total time 7.08
validation split name: 12
 * Val Acc 74.809, Total time 0.99
validation split name: 13
 * Val Acc 94.600, Total time 6.69
validation split name: 14
 * Val Acc 73.504, Total time 0.90
validation split name: 15
 * Val Acc 94.467, Total time 6.62
validation split name: 16
 * Val Acc 82.609, Total time 3.71
validation split name: 17
 * Val Acc 93.300, Total time 6.76
validation split name: 18
 * Val Acc 63.060, Total time 7.76
validation split name: 19
 * Val Acc 93.967, Total time 6.74
validation split name: 20
 * Val Acc 69.072, Total time 1.43
validation split name: 21
 * Val Acc 87.100, Total time 7.24
validation split name: 22
 * Val Acc 71.672, Total time 1.58
validation split name: 23
 * Val Acc 88.700, Total time 7.64
validation split name: 24
 * Val Acc 81.902, Total time 13.02
validation split name: 25
 * Val Acc 89.033, Total time 6.70
validation split name: 26
 * Val Acc 62.664, Total time 2.55
validation split name: 27
 * Val Acc 88.833, Total time 6.72
validation split name: 28
 * Val Acc 76.425, Total time 2.00
validation split name: 1
 * Val Acc 68.007, Total time 7.72
validation split name: 2
 * Val Acc 75.448, Total time 2.08
validation split name: 3
 * Val Acc 73.668, Total time 7.27
validation split name: 4
 * Val Acc 66.762, Total time 4.51
validation split name: 5
 * Val Acc 77.588, Total time 7.00
validation split name: 6
 * Val Acc 75.000, Total time 2.41
validation split name: 7
 * Val Acc 65.226, Total time 6.94
validation split name: 8
 * Val Acc 68.182, Total time 1.29
validation split name: 9
 * Val Acc 68.308, Total time 7.31
validation split name: 10
 * Val Acc 66.049, Total time 1.54
validation split name: 11
 * Val Acc 83.116, Total time 7.10
validation split name: 12
 * Val Acc 74.809, Total time 0.99
validation split name: 13
 * Val Acc 94.606, Total time 6.69
validation split name: 14
 * Val Acc 73.504, Total time 0.94
validation split name: 15
 * Val Acc 94.539, Total time 7.19
validation split name: 16
 * Val Acc 82.609, Total time 3.62
validation split name: 17
 * Val Acc 93.300, Total time 7.33
validation split name: 18
 * Val Acc 62.993, Total time 6.82
validation split name: 19
 * Val Acc 93.970, Total time 8.71
validation split name: 20
 * Val Acc 69.072, Total time 0.85
validation split name: 21
 * Val Acc 87.337, Total time 7.92
validation split name: 22
 * Val Acc 71.672, Total time 1.58
validation split name: 23
 * Val Acc 88.844, Total time 10.41
validation split name: 24
 * Val Acc 81.804, Total time 12.88
validation split name: 25
 * Val Acc 89.045, Total time 7.42
validation split name: 26
 * Val Acc 62.664, Total time 3.40
validation split name: 27
 * Val Acc 88.945, Total time 8.00
validation split name: 28
 * Val Acc 76.425, Total time 2.01
=> Load Done
validation split name: 1
 * Val Acc 67.367, Total time 6.68
validation split name: 2
 * Val Acc 70.077, Total time 2.04
validation split name: 3
 * Val Acc 74.833, Total time 6.89
validation split name: 4
 * Val Acc 64.000, Total time 4.51
validation split name: 5
 * Val Acc 75.333, Total time 6.66
validation split name: 6
 * Val Acc 76.182, Total time 2.42
validation split name: 7
 * Val Acc 66.200, Total time 6.80
validation split name: 8
 * Val Acc 65.455, Total time 1.36
validation split name: 9
 * Val Acc 67.167, Total time 6.75
validation split name: 10
 * Val Acc 62.346, Total time 1.08
validation split name: 11
 * Val Acc 85.833, Total time 7.12
validation split name: 12
 * Val Acc 70.229, Total time 1.01
validation split name: 13
 * Val Acc 95.767, Total time 6.65
validation split name: 14
 * Val Acc 70.085, Total time 0.89
validation split name: 15
 * Val Acc 94.900, Total time 6.68
validation split name: 16
 * Val Acc 80.435, Total time 4.08
validation split name: 17
 * Val Acc 94.167, Total time 7.18
validation split name: 18
 * Val Acc 66.480, Total time 6.78
validation split name: 19
 * Val Acc 94.867, Total time 7.60
validation split name: 20
 * Val Acc 58.763, Total time 0.81
validation split name: 21
 * Val Acc 87.400, Total time 7.86
validation split name: 22
 * Val Acc 66.212, Total time 1.66
validation split name: 23
 * Val Acc 88.433, Total time 8.67
validation split name: 24
 * Val Acc 84.356, Total time 13.00
validation split name: 25
 * Val Acc 90.500, Total time 6.87
validation split name: 26
 * Val Acc 55.910, Total time 2.86
validation split name: 27
 * Val Acc 91.567, Total time 7.44
validation split name: 28
 * Val Acc 69.430, Total time 2.01
validation split name: 29
 * Val Acc 95.900, Total time 7.53
validation split name: 1
 * Val Acc 67.538, Total time 8.00
validation split name: 2
 * Val Acc 70.077, Total time 2.05
validation split name: 3
 * Val Acc 74.874, Total time 7.05
validation split name: 4
 * Val Acc 64.000, Total time 5.00
validation split name: 5
 * Val Acc 75.477, Total time 6.98
validation split name: 6
 * Val Acc 76.182, Total time 2.44
validation split name: 7
 * Val Acc 66.332, Total time 6.72
validation split name: 8
 * Val Acc 65.455, Total time 1.31
validation split name: 9
 * Val Acc 67.337, Total time 6.80
validation split name: 10
 * Val Acc 62.346, Total time 1.52
validation split name: 11
 * Val Acc 85.762, Total time 7.02
validation split name: 12
 * Val Acc 70.229, Total time 1.03
validation split name: 13
 * Val Acc 95.779, Total time 6.88
validation split name: 14
 * Val Acc 70.085, Total time 0.90
validation split name: 15
 * Val Acc 94.908, Total time 7.18
validation split name: 16
 * Val Acc 80.435, Total time 4.13
validation split name: 17
 * Val Acc 94.137, Total time 7.33
validation split name: 18
 * Val Acc 66.374, Total time 6.79
validation split name: 19
 * Val Acc 94.841, Total time 7.64
validation split name: 20
 * Val Acc 58.763, Total time 0.83
validation split name: 21
 * Val Acc 87.504, Total time 7.88
validation split name: 22
 * Val Acc 66.212, Total time 1.63
validation split name: 23
 * Val Acc 88.509, Total time 7.96
validation split name: 24
 * Val Acc 84.271, Total time 13.04
validation split name: 25
 * Val Acc 90.486, Total time 6.99
validation split name: 26
 * Val Acc 55.910, Total time 2.57
validation split name: 27
 * Val Acc 91.524, Total time 7.78
validation split name: 28
 * Val Acc 69.430, Total time 1.93
validation split name: 29
 * Val Acc 95.980, Total time 7.21
=> Load Done
validation split name: 1
 * Val Acc 64.167, Total time 6.77
validation split name: 2
 * Val Acc 66.752, Total time 1.98
validation split name: 3
 * Val Acc 70.667, Total time 6.69
validation split name: 4
 * Val Acc 59.048, Total time 4.53
validation split name: 5
 * Val Acc 73.633, Total time 6.69
validation split name: 6
 * Val Acc 74.831, Total time 2.42
validation split name: 7
 * Val Acc 63.200, Total time 6.83
validation split name: 8
 * Val Acc 64.545, Total time 1.33
validation split name: 9
 * Val Acc 62.900, Total time 6.78
validation split name: 10
 * Val Acc 64.198, Total time 1.42
validation split name: 11
 * Val Acc 79.700, Total time 7.28
validation split name: 12
 * Val Acc 71.756, Total time 1.03
validation split name: 13
 * Val Acc 93.000, Total time 6.65
validation split name: 14
 * Val Acc 64.103, Total time 0.89
validation split name: 15
 * Val Acc 91.500, Total time 6.70
validation split name: 16
 * Val Acc 77.110, Total time 3.53
validation split name: 17
 * Val Acc 89.800, Total time 7.50
validation split name: 18
 * Val Acc 67.351, Total time 6.75
validation split name: 19
 * Val Acc 91.367, Total time 8.06
validation split name: 20
 * Val Acc 61.856, Total time 0.99
validation split name: 21
 * Val Acc 84.267, Total time 7.91
validation split name: 22
 * Val Acc 62.457, Total time 1.62
validation split name: 23
 * Val Acc 84.133, Total time 8.72
validation split name: 24
 * Val Acc 80.215, Total time 13.29
validation split name: 25
 * Val Acc 87.433, Total time 6.95
validation split name: 26
 * Val Acc 55.347, Total time 2.66
validation split name: 27
 * Val Acc 86.400, Total time 7.09
validation split name: 28
 * Val Acc 68.135, Total time 2.02
validation split name: 29
 * Val Acc 90.667, Total time 6.99
validation split name: 30
 * Val Acc 79.189, Total time 1.41
validation split name: 1
 * Val Acc 64.355, Total time 7.45
validation split name: 2
 * Val Acc 66.752, Total time 1.98
validation split name: 3
 * Val Acc 70.754, Total time 6.86
validation split name: 4
 * Val Acc 59.048, Total time 4.61
validation split name: 5
 * Val Acc 73.802, Total time 7.99
validation split name: 6
 * Val Acc 74.831, Total time 2.41
validation split name: 7
 * Val Acc 63.317, Total time 7.12
validation split name: 8
 * Val Acc 64.545, Total time 1.36
validation split name: 9
 * Val Acc 63.015, Total time 6.80
validation split name: 10
 * Val Acc 64.198, Total time 1.13
validation split name: 11
 * Val Acc 79.598, Total time 7.07
validation split name: 12
 * Val Acc 71.756, Total time 1.01
validation split name: 13
 * Val Acc 92.998, Total time 6.80
validation split name: 14
 * Val Acc 64.103, Total time 0.99
validation split name: 15
 * Val Acc 91.524, Total time 7.33
validation split name: 16
 * Val Acc 77.110, Total time 3.73
validation split name: 17
 * Val Acc 89.782, Total time 7.57
validation split name: 18
 * Val Acc 67.251, Total time 7.06
validation split name: 19
 * Val Acc 91.323, Total time 8.55
validation split name: 20
 * Val Acc 61.856, Total time 0.81
validation split name: 21
 * Val Acc 84.389, Total time 7.90
validation split name: 22
 * Val Acc 62.457, Total time 1.57
validation split name: 23
 * Val Acc 84.255, Total time 8.10
validation split name: 24
 * Val Acc 80.108, Total time 13.54
validation split name: 25
 * Val Acc 87.437, Total time 6.96
validation split name: 26
 * Val Acc 55.347, Total time 2.74
validation split name: 27
 * Val Acc 86.399, Total time 7.04
validation split name: 28
 * Val Acc 68.135, Total time 2.21
validation split name: 29
 * Val Acc 90.754, Total time 7.25
validation split name: 30
 * Val Acc 79.189, Total time 1.40
===Summary of experiment repeats: 1 / 2 ===
acc  | mean: 74.32415583592841 std: 0.0
time  | mean: 0.3938660302758217 std: 0.0
************************************
* STARTING TRIAL 2
************************************
*****************************************
====================== 1 =======================
Incremental class: Old valid output dimension: 0
Incremental class: New Valid output dimension: 200
Optimizer is reset!
*****************************************
LR: 0.001
Epoch:1/50
 * Loss 6.689 | Train Acc 40.525
LR: 0.001
Epoch:2/50
 * Loss 2.347 | Train Acc 78.598
LR: 0.000999496439640115
Epoch:3/50
 * Loss 1.361 | Train Acc 90.095
LR: 0.0009979862657065323
Epoch:4/50
 * Loss 0.890 | Train Acc 95.829
LR: 0.0009954709991267107
Epoch:5/50
 * Loss 0.662 | Train Acc 98.653
LR: 0.0009919531730777384
Epoch:6/50
 * Loss 0.538 | Train Acc 99.412
LR: 0.000987436330435118
Epoch:7/50
 * Loss 0.462 | Train Acc 99.742
LR: 0.0009819250202046628
Epoch:8/50
 * Loss 0.406 | Train Acc 99.957
LR: 0.0009754247929410992
Epoch:9/50
 * Loss 0.368 | Train Acc 99.928
LR: 0.0009679421951579872
Epoch:10/50
 * Loss 0.343 | Train Acc 99.943
LR: 0.000959484762734592
Epoch:11/50
 * Loss 0.316 | Train Acc 99.986
LR: 0.0009500610133263432
Epoch:12/50
 * Loss 0.295 | Train Acc 100.000
LR: 0.0009396804377865279
Epoch:13/50
 * Loss 0.278 | Train Acc 99.986
LR: 0.0009283534906078554
Epoch:14/50
 * Loss 0.263 | Train Acc 99.986
LR: 0.0009160915793935209
Epoch:15/50
 * Loss 0.249 | Train Acc 99.986
LR: 0.0009029070533683724
Epoch:16/50
 * Loss 0.238 | Train Acc 100.000
LR: 0.0008888131909417503
Epoch:17/50
 * Loss 0.226 | Train Acc 99.986
LR: 0.0008738241863345259
Epoch:18/50
 * Loss 0.216 | Train Acc 100.000
LR: 0.0008579551352838078
Epoch:19/50
 * Loss 0.208 | Train Acc 100.000
LR: 0.0008412220198397124
Epoch:20/50
 * Loss 0.200 | Train Acc 100.000
LR: 0.0008236416922695099
Epoch:21/50
 * Loss 0.192 | Train Acc 100.000
LR: 0.0008052318580853562
Epoch:22/50
 * Loss 0.185 | Train Acc 100.000
LR: 0.000786011058212706
Epoch:23/50
 * Loss 0.179 | Train Acc 100.000
LR: 0.0007659986503173616
Epoch:24/50
 * Loss 0.173 | Train Acc 100.000
LR: 0.0007452147893099667
Epoch:25/50
 * Loss 0.168 | Train Acc 100.000
LR: 0.0007236804070475787
Epoch:26/50
 * Loss 0.162 | Train Acc 100.000
LR: 0.0007014171912527616
Epoch:27/50
 * Loss 0.158 | Train Acc 100.000
LR: 0.0006784475636714309
Epoch:28/50
 * Loss 0.153 | Train Acc 100.000
LR: 0.0006547946574914495
Epoch:29/50
 * Loss 0.149 | Train Acc 100.000
LR: 0.0006304822940447137
Epoch:30/50
 * Loss 0.145 | Train Acc 100.000
LR: 0.0006055349588161974
Epoch:31/50
 * Loss 0.142 | Train Acc 100.000
LR: 0.0005799777767841123
Epoch:32/50
 * Loss 0.138 | Train Acc 100.000
LR: 0.0005538364871160218
Epoch:33/50
 * Loss 0.135 | Train Acc 100.000
LR: 0.0005271374172463922
Epoch:34/50
 * Loss 0.132 | Train Acc 100.000
LR: 0.0004999074563616878
Epoch:35/50
 * Loss 0.129 | Train Acc 100.000
LR: 0.0004721740283197138
Epoch:36/50
 * Loss 0.127 | Train Acc 100.000
LR: 0.00044396506403048214
Epoch:37/50
 * Loss 0.124 | Train Acc 100.000
LR: 0.0004153089733264112
Epoch:38/50
 * Loss 0.122 | Train Acc 100.000
LR: 0.00038623461635019685
Epoch:39/50
 * Loss 0.120 | Train Acc 100.000
LR: 0.000356771274489164
Epoch:40/50
 * Loss 0.118 | Train Acc 100.000
LR: 0.0003269486208853742
Epoch:41/50
 * Loss 0.115 | Train Acc 100.000
LR: 0.00029679669055119055
Epoch:42/50
 * Loss 0.114 | Train Acc 100.000
LR: 0.00026634585012039387
Epoch:43/50
 * Loss 0.112 | Train Acc 100.000
LR: 0.000235626767265316
Epoch:44/50
 * Loss 0.111 | Train Acc 100.000
LR: 0.0002046703798107928
Epoch:45/50
 * Loss 0.110 | Train Acc 100.000
LR: 0.00017350786457603917
Epoch:46/50
 * Loss 0.109 | Train Acc 100.000
LR: 0.0001421706059758278
Epoch:47/50
 * Loss 0.107 | Train Acc 100.000
LR: 0.00011069016441259591
Epoch:48/50
 * Loss 0.107 | Train Acc 100.000
LR: 7.909824449130957e-05
Epoch:49/50
 * Loss 0.106 | Train Acc 100.000
LR: 4.742666308909818e-05
Epoch:50/50
 * Loss 0.105 | Train Acc 100.000
=> Saving class model to: /shared/results/common/helm/IntervalActivationPromptCL/ImageNet_CR/30-task_dil_h100/coda-p/var0.1_out0.0001_drift0.1/models/repeat-2/task-1/
=> Save Done
validation split name: 1
 * Val Acc 77.867, Total time 7.04
Volume of the cumulative hypercube for 1-th layer in classification head: 2.9960479736328125
====================== 2 =======================
Optimizer is reset!
*****************************************
LR: 0.001
Epoch:1/50
 * Loss 7.582 | Train Acc 60.662
LR: 0.001
Epoch:2/50
 * Loss 3.859 | Train Acc 72.702
LR: 0.000999496439640115
Epoch:3/50
 * Loss 2.152 | Train Acc 84.375
LR: 0.0009979862657065323
Epoch:4/50
 * Loss 1.358 | Train Acc 92.004
LR: 0.0009954709991267107
Epoch:5/50
 * Loss 0.991 | Train Acc 95.772
LR: 0.0009919531730777384
Epoch:6/50
 * Loss 0.767 | Train Acc 98.070
LR: 0.000987436330435118
Epoch:7/50
 * Loss 0.689 | Train Acc 98.989
LR: 0.0009819250202046628
Epoch:8/50
 * Loss 0.636 | Train Acc 99.449
LR: 0.0009754247929410992
Epoch:9/50
 * Loss 0.600 | Train Acc 99.540
LR: 0.0009679421951579872
Epoch:10/50
 * Loss 0.571 | Train Acc 99.632
LR: 0.000959484762734592
Epoch:11/50
 * Loss 0.552 | Train Acc 99.908
LR: 0.0009500610133263432
Epoch:12/50
 * Loss 0.529 | Train Acc 99.908
LR: 0.0009396804377865279
Epoch:13/50
 * Loss 0.516 | Train Acc 99.816
LR: 0.0009283534906078554
Epoch:14/50
 * Loss 0.501 | Train Acc 99.908
LR: 0.0009160915793935209
Epoch:15/50
 * Loss 0.495 | Train Acc 99.816
LR: 0.0009029070533683724
Epoch:16/50
 * Loss 0.479 | Train Acc 99.908
LR: 0.0008888131909417503
Epoch:17/50
 * Loss 0.470 | Train Acc 99.908
LR: 0.0008738241863345259
Epoch:18/50
 * Loss 0.456 | Train Acc 99.908
LR: 0.0008579551352838078
Epoch:19/50
 * Loss 0.448 | Train Acc 100.000
LR: 0.0008412220198397124
Epoch:20/50
 * Loss 0.445 | Train Acc 99.908
LR: 0.0008236416922695099
Epoch:21/50
 * Loss 0.439 | Train Acc 99.816
LR: 0.0008052318580853562
Epoch:22/50
 * Loss 0.431 | Train Acc 99.908
LR: 0.000786011058212706
Epoch:23/50
 * Loss 0.422 | Train Acc 100.000
LR: 0.0007659986503173616
Epoch:24/50
 * Loss 0.423 | Train Acc 99.908
LR: 0.0007452147893099667
Epoch:25/50
 * Loss 0.415 | Train Acc 99.816
LR: 0.0007236804070475787
Epoch:26/50
 * Loss 0.412 | Train Acc 99.908
LR: 0.0007014171912527616
Epoch:27/50
 * Loss 0.413 | Train Acc 99.908
LR: 0.0006784475636714309
Epoch:28/50
 * Loss 0.404 | Train Acc 99.908
LR: 0.0006547946574914495
Epoch:29/50
 * Loss 0.405 | Train Acc 99.908
LR: 0.0006304822940447137
Epoch:30/50
 * Loss 0.398 | Train Acc 99.908
LR: 0.0006055349588161974
Epoch:31/50
 * Loss 0.394 | Train Acc 99.908
LR: 0.0005799777767841123
Epoch:32/50
 * Loss 0.399 | Train Acc 99.908
LR: 0.0005538364871160218
Epoch:33/50
 * Loss 0.401 | Train Acc 99.816
LR: 0.0005271374172463922
Epoch:34/50
 * Loss 0.395 | Train Acc 99.908
LR: 0.0004999074563616878
Epoch:35/50
 * Loss 0.391 | Train Acc 99.908
LR: 0.0004721740283197138
Epoch:36/50
 * Loss 0.390 | Train Acc 99.908
LR: 0.00044396506403048214
Epoch:37/50
 * Loss 0.387 | Train Acc 99.816
LR: 0.0004153089733264112
Epoch:38/50
 * Loss 0.389 | Train Acc 99.908
LR: 0.00038623461635019685
Epoch:39/50
 * Loss 0.384 | Train Acc 99.908
LR: 0.000356771274489164
Epoch:40/50
 * Loss 0.387 | Train Acc 99.816
LR: 0.0003269486208853742
Epoch:41/50
 * Loss 0.383 | Train Acc 99.816
LR: 0.00029679669055119055
Epoch:42/50
 * Loss 0.382 | Train Acc 99.908
LR: 0.00026634585012039387
Epoch:43/50
 * Loss 0.385 | Train Acc 99.816
LR: 0.000235626767265316
Epoch:44/50
 * Loss 0.385 | Train Acc 99.816
LR: 0.0002046703798107928
Epoch:45/50
 * Loss 0.382 | Train Acc 99.816
LR: 0.00017350786457603917
Epoch:46/50
 * Loss 0.380 | Train Acc 99.816
LR: 0.0001421706059758278
Epoch:47/50
 * Loss 0.379 | Train Acc 99.816
LR: 0.00011069016441259591
Epoch:48/50
 * Loss 0.376 | Train Acc 99.908
LR: 7.909824449130957e-05
Epoch:49/50
 * Loss 0.379 | Train Acc 99.908
LR: 4.742666308909818e-05
Epoch:50/50
 * Loss 0.380 | Train Acc 99.908
=> Saving class model to: /shared/results/common/helm/IntervalActivationPromptCL/ImageNet_CR/30-task_dil_h100/coda-p/var0.1_out0.0001_drift0.1/models/repeat-2/task-2/
=> Save Done
validation split name: 1
 * Val Acc 74.433, Total time 6.73
validation split name: 2
 * Val Acc 70.844, Total time 2.33
Volume of the cumulative hypercube for 1-th layer in classification head: 3.386303186416626
====================== 3 =======================
Optimizer is reset!
*****************************************
LR: 0.001
Epoch:1/50
 * Loss 1.998 | Train Acc 78.971
LR: 0.001
Epoch:2/50
 * Loss 0.861 | Train Acc 91.614
LR: 0.000999496439640115
Epoch:3/50
 * Loss 0.528 | Train Acc 96.302
LR: 0.0009979862657065323
Epoch:4/50
 * Loss 0.386 | Train Acc 98.524
LR: 0.0009954709991267107
Epoch:5/50
 * Loss 0.328 | Train Acc 99.341
LR: 0.0009919531730777384
Epoch:6/50
 * Loss 0.310 | Train Acc 99.613
LR: 0.000987436330435118
Epoch:7/50
 * Loss 0.288 | Train Acc 99.900
LR: 0.0009819250202046628
Epoch:8/50
 * Loss 0.278 | Train Acc 99.871
LR: 0.0009754247929410992
Epoch:9/50
 * Loss 0.272 | Train Acc 99.928
LR: 0.0009679421951579872
Epoch:10/50
 * Loss 0.268 | Train Acc 99.971
LR: 0.000959484762734592
Epoch:11/50
 * Loss 0.261 | Train Acc 100.000
LR: 0.0009500610133263432
Epoch:12/50
 * Loss 0.257 | Train Acc 99.971
LR: 0.0009396804377865279
Epoch:13/50
 * Loss 0.254 | Train Acc 99.957
LR: 0.0009283534906078554
Epoch:14/50
 * Loss 0.251 | Train Acc 100.000
LR: 0.0009160915793935209
Epoch:15/50
 * Loss 0.248 | Train Acc 99.986
LR: 0.0009029070533683724
Epoch:16/50
 * Loss 0.245 | Train Acc 99.986
LR: 0.0008888131909417503
Epoch:17/50
 * Loss 0.243 | Train Acc 99.986
LR: 0.0008738241863345259
Epoch:18/50
 * Loss 0.239 | Train Acc 100.000
LR: 0.0008579551352838078
Epoch:19/50
 * Loss 0.238 | Train Acc 100.000
LR: 0.0008412220198397124
Epoch:20/50
 * Loss 0.234 | Train Acc 100.000
LR: 0.0008236416922695099
Epoch:21/50
 * Loss 0.233 | Train Acc 100.000
LR: 0.0008052318580853562
Epoch:22/50
 * Loss 0.231 | Train Acc 100.000
LR: 0.000786011058212706
Epoch:23/50
 * Loss 0.230 | Train Acc 99.986
LR: 0.0007659986503173616
Epoch:24/50
 * Loss 0.228 | Train Acc 100.000
LR: 0.0007452147893099667
Epoch:25/50
 * Loss 0.226 | Train Acc 99.986
LR: 0.0007236804070475787
Epoch:26/50
 * Loss 0.223 | Train Acc 100.000
LR: 0.0007014171912527616
Epoch:27/50
 * Loss 0.221 | Train Acc 100.000
LR: 0.0006784475636714309
Epoch:28/50
 * Loss 0.220 | Train Acc 99.986
LR: 0.0006547946574914495
Epoch:29/50
 * Loss 0.220 | Train Acc 99.986
LR: 0.0006304822940447137
Epoch:30/50
 * Loss 0.217 | Train Acc 100.000
LR: 0.0006055349588161974
Epoch:31/50
 * Loss 0.217 | Train Acc 100.000
LR: 0.0005799777767841123
Epoch:32/50
 * Loss 0.215 | Train Acc 100.000
LR: 0.0005538364871160218
Epoch:33/50
 * Loss 0.213 | Train Acc 100.000
LR: 0.0005271374172463922
Epoch:34/50
 * Loss 0.212 | Train Acc 100.000
LR: 0.0004999074563616878
Epoch:35/50
 * Loss 0.210 | Train Acc 100.000
LR: 0.0004721740283197138
Epoch:36/50
 * Loss 0.209 | Train Acc 100.000
LR: 0.00044396506403048214
Epoch:37/50
 * Loss 0.208 | Train Acc 100.000
LR: 0.0004153089733264112
Epoch:38/50
 * Loss 0.206 | Train Acc 100.000
LR: 0.00038623461635019685
Epoch:39/50
 * Loss 0.205 | Train Acc 100.000
LR: 0.000356771274489164
Epoch:40/50
 * Loss 0.204 | Train Acc 100.000
LR: 0.0003269486208853742
Epoch:41/50
 * Loss 0.203 | Train Acc 100.000
LR: 0.00029679669055119055
Epoch:42/50
 * Loss 0.202 | Train Acc 100.000
LR: 0.00026634585012039387
Epoch:43/50
 * Loss 0.201 | Train Acc 100.000
LR: 0.000235626767265316
Epoch:44/50
 * Loss 0.200 | Train Acc 100.000
LR: 0.0002046703798107928
Epoch:45/50
 * Loss 0.199 | Train Acc 100.000
LR: 0.00017350786457603917
Epoch:46/50
 * Loss 0.198 | Train Acc 100.000
LR: 0.0001421706059758278
Epoch:47/50
 * Loss 0.197 | Train Acc 100.000
LR: 0.00011069016441259591
Epoch:48/50
 * Loss 0.196 | Train Acc 100.000
LR: 7.909824449130957e-05
Epoch:49/50
 * Loss 0.195 | Train Acc 100.000
LR: 4.742666308909818e-05
Epoch:50/50
 * Loss 0.195 | Train Acc 100.000
=> Saving class model to: /shared/results/common/helm/IntervalActivationPromptCL/ImageNet_CR/30-task_dil_h100/coda-p/var0.1_out0.0001_drift0.1/models/repeat-2/task-3/
=> Save Done
validation split name: 1
 * Val Acc 82.967, Total time 6.67
validation split name: 2
 * Val Acc 63.683, Total time 2.12
validation split name: 3
 * Val Acc 86.700, Total time 6.72
Volume of the cumulative hypercube for 1-th layer in classification head: 3.41618275642395
====================== 4 =======================
Optimizer is reset!
*****************************************
LR: 0.001
Epoch:1/50
 * Loss 5.832 | Train Acc 49.695
LR: 0.001
Epoch:2/50
 * Loss 3.683 | Train Acc 61.547
LR: 0.000999496439640115
Epoch:3/50
 * Loss 2.692 | Train Acc 70.503
LR: 0.0009979862657065323
Epoch:4/50
 * Loss 2.004 | Train Acc 78.354
LR: 0.0009954709991267107
Epoch:5/50
 * Loss 1.442 | Train Acc 85.556
LR: 0.0009919531730777384
Epoch:6/50
 * Loss 1.092 | Train Acc 90.549
LR: 0.000987436330435118
Epoch:7/50
 * Loss 0.799 | Train Acc 94.855
LR: 0.0009819250202046628
Epoch:8/50
 * Loss 0.642 | Train Acc 97.637
LR: 0.0009754247929410992
Epoch:9/50
 * Loss 0.548 | Train Acc 98.742
LR: 0.0009679421951579872
Epoch:10/50
 * Loss 0.492 | Train Acc 99.352
LR: 0.000959484762734592
Epoch:11/50
 * Loss 0.459 | Train Acc 99.657
LR: 0.0009500610133263432
Epoch:12/50
 * Loss 0.433 | Train Acc 99.848
LR: 0.0009396804377865279
Epoch:13/50
 * Loss 0.412 | Train Acc 99.924
LR: 0.0009283534906078554
Epoch:14/50
 * Loss 0.408 | Train Acc 99.771
LR: 0.0009160915793935209
Epoch:15/50
 * Loss 0.394 | Train Acc 99.924
LR: 0.0009029070533683724
Epoch:16/50
 * Loss 0.386 | Train Acc 99.886
LR: 0.0008888131909417503
Epoch:17/50
 * Loss 0.380 | Train Acc 99.886
LR: 0.0008738241863345259
Epoch:18/50
 * Loss 0.372 | Train Acc 99.924
LR: 0.0008579551352838078
Epoch:19/50
 * Loss 0.372 | Train Acc 99.848
LR: 0.0008412220198397124
Epoch:20/50
 * Loss 0.367 | Train Acc 99.848
LR: 0.0008236416922695099
Epoch:21/50
 * Loss 0.360 | Train Acc 99.924
LR: 0.0008052318580853562
Epoch:22/50
 * Loss 0.353 | Train Acc 99.924
LR: 0.000786011058212706
Epoch:23/50
 * Loss 0.351 | Train Acc 99.924
LR: 0.0007659986503173616
Epoch:24/50
 * Loss 0.349 | Train Acc 99.886
LR: 0.0007452147893099667
Epoch:25/50
 * Loss 0.346 | Train Acc 99.924
LR: 0.0007236804070475787
Epoch:26/50
 * Loss 0.344 | Train Acc 99.886
LR: 0.0007014171912527616
Epoch:27/50
 * Loss 0.340 | Train Acc 99.886
LR: 0.0006784475636714309
Epoch:28/50
 * Loss 0.339 | Train Acc 99.924
LR: 0.0006547946574914495
Epoch:29/50
 * Loss 0.337 | Train Acc 99.924
LR: 0.0006304822940447137
Epoch:30/50
 * Loss 0.337 | Train Acc 99.848
LR: 0.0006055349588161974
Epoch:31/50
 * Loss 0.330 | Train Acc 99.886
LR: 0.0005799777767841123
Epoch:32/50
 * Loss 0.330 | Train Acc 99.924
LR: 0.0005538364871160218
Epoch:33/50
 * Loss 0.326 | Train Acc 99.962
LR: 0.0005271374172463922
Epoch:34/50
 * Loss 0.327 | Train Acc 99.848
LR: 0.0004999074563616878
Epoch:35/50
 * Loss 0.325 | Train Acc 99.886
LR: 0.0004721740283197138
Epoch:36/50
 * Loss 0.324 | Train Acc 99.886
LR: 0.00044396506403048214
Epoch:37/50
 * Loss 0.321 | Train Acc 99.886
LR: 0.0004153089733264112
Epoch:38/50
 * Loss 0.320 | Train Acc 99.848
LR: 0.00038623461635019685
Epoch:39/50
 * Loss 0.318 | Train Acc 99.924
LR: 0.000356771274489164
Epoch:40/50
 * Loss 0.316 | Train Acc 99.886
LR: 0.0003269486208853742
Epoch:41/50
 * Loss 0.316 | Train Acc 99.924
LR: 0.00029679669055119055
Epoch:42/50
 * Loss 0.314 | Train Acc 99.886
LR: 0.00026634585012039387
Epoch:43/50
 * Loss 0.314 | Train Acc 99.886
LR: 0.000235626767265316
Epoch:44/50
 * Loss 0.312 | Train Acc 99.924
LR: 0.0002046703798107928
Epoch:45/50
 * Loss 0.311 | Train Acc 99.886
LR: 0.00017350786457603917
Epoch:46/50
 * Loss 0.310 | Train Acc 99.886
LR: 0.0001421706059758278
Epoch:47/50
 * Loss 0.309 | Train Acc 99.886
LR: 0.00011069016441259591
Epoch:48/50
 * Loss 0.310 | Train Acc 99.886
LR: 7.909824449130957e-05
Epoch:49/50
 * Loss 0.309 | Train Acc 99.924
LR: 4.742666308909818e-05
Epoch:50/50
 * Loss 0.309 | Train Acc 99.924
=> Saving class model to: /shared/results/common/helm/IntervalActivationPromptCL/ImageNet_CR/30-task_dil_h100/coda-p/var0.1_out0.0001_drift0.1/models/repeat-2/task-4/
=> Save Done
validation split name: 1
 * Val Acc 78.067, Total time 6.79
validation split name: 2
 * Val Acc 71.100, Total time 2.24
validation split name: 3
 * Val Acc 83.567, Total time 6.67
validation split name: 4
 * Val Acc 64.762, Total time 5.28
Volume of the cumulative hypercube for 1-th layer in classification head: 3.5040018558502197
====================== 5 =======================
Optimizer is reset!
*****************************************
LR: 0.001
Epoch:1/50
 * Loss 1.220 | Train Acc 85.737
LR: 0.001
Epoch:2/50
 * Loss 0.573 | Train Acc 94.137
LR: 0.000999496439640115
Epoch:3/50
 * Loss 0.347 | Train Acc 97.749
LR: 0.0009979862657065323
Epoch:4/50
 * Loss 0.270 | Train Acc 99.011
LR: 0.0009954709991267107
Epoch:5/50
 * Loss 0.236 | Train Acc 99.685
LR: 0.0009919531730777384
Epoch:6/50
 * Loss 0.219 | Train Acc 99.885
LR: 0.000987436330435118
Epoch:7/50
 * Loss 0.211 | Train Acc 99.842
LR: 0.0009819250202046628
Epoch:8/50
 * Loss 0.201 | Train Acc 99.971
LR: 0.0009754247929410992
Epoch:9/50
 * Loss 0.197 | Train Acc 99.928
LR: 0.0009679421951579872
Epoch:10/50
 * Loss 0.191 | Train Acc 99.971
LR: 0.000959484762734592
Epoch:11/50
 * Loss 0.190 | Train Acc 99.928
LR: 0.0009500610133263432
Epoch:12/50
 * Loss 0.187 | Train Acc 99.957
LR: 0.0009396804377865279
Epoch:13/50
 * Loss 0.183 | Train Acc 99.971
LR: 0.0009283534906078554
Epoch:14/50
 * Loss 0.182 | Train Acc 99.928
LR: 0.0009160915793935209
Epoch:15/50
 * Loss 0.181 | Train Acc 99.928
LR: 0.0009029070533683724
Epoch:16/50
 * Loss 0.178 | Train Acc 99.928
LR: 0.0008888131909417503
Epoch:17/50
 * Loss 0.174 | Train Acc 100.000
LR: 0.0008738241863345259
Epoch:18/50
 * Loss 0.172 | Train Acc 99.986
LR: 0.0008579551352838078
Epoch:19/50
 * Loss 0.170 | Train Acc 99.986
LR: 0.0008412220198397124
Epoch:20/50
 * Loss 0.169 | Train Acc 99.986
LR: 0.0008236416922695099
Epoch:21/50
 * Loss 0.168 | Train Acc 99.986
LR: 0.0008052318580853562
Epoch:22/50
 * Loss 0.166 | Train Acc 99.986
LR: 0.000786011058212706
Epoch:23/50
 * Loss 0.166 | Train Acc 99.957
LR: 0.0007659986503173616
Epoch:24/50
 * Loss 0.162 | Train Acc 99.957
LR: 0.0007452147893099667
Epoch:25/50
 * Loss 0.161 | Train Acc 99.986
LR: 0.0007236804070475787
Epoch:26/50
 * Loss 0.159 | Train Acc 99.986
LR: 0.0007014171912527616
Epoch:27/50
 * Loss 0.157 | Train Acc 99.971
LR: 0.0006784475636714309
Epoch:28/50
 * Loss 0.155 | Train Acc 99.986
LR: 0.0006547946574914495
Epoch:29/50
 * Loss 0.154 | Train Acc 100.000
LR: 0.0006304822940447137
Epoch:30/50
 * Loss 0.153 | Train Acc 100.000
LR: 0.0006055349588161974
Epoch:31/50
 * Loss 0.152 | Train Acc 99.986
LR: 0.0005799777767841123
Epoch:32/50
 * Loss 0.151 | Train Acc 100.000
LR: 0.0005538364871160218
Epoch:33/50
 * Loss 0.149 | Train Acc 100.000
LR: 0.0005271374172463922
Epoch:34/50
 * Loss 0.148 | Train Acc 100.000
LR: 0.0004999074563616878
Epoch:35/50
 * Loss 0.147 | Train Acc 100.000
LR: 0.0004721740283197138
Epoch:36/50
 * Loss 0.145 | Train Acc 100.000
LR: 0.00044396506403048214
Epoch:37/50
 * Loss 0.145 | Train Acc 100.000
LR: 0.0004153089733264112
Epoch:38/50
 * Loss 0.144 | Train Acc 100.000
LR: 0.00038623461635019685
Epoch:39/50
 * Loss 0.143 | Train Acc 100.000
LR: 0.000356771274489164
Epoch:40/50
 * Loss 0.142 | Train Acc 100.000
LR: 0.0003269486208853742
Epoch:41/50
 * Loss 0.141 | Train Acc 100.000
LR: 0.00029679669055119055
Epoch:42/50
 * Loss 0.140 | Train Acc 100.000
LR: 0.00026634585012039387
Epoch:43/50
 * Loss 0.139 | Train Acc 100.000
LR: 0.000235626767265316
Epoch:44/50
 * Loss 0.138 | Train Acc 100.000
LR: 0.0002046703798107928
Epoch:45/50
 * Loss 0.137 | Train Acc 100.000
LR: 0.00017350786457603917
Epoch:46/50
 * Loss 0.136 | Train Acc 100.000
LR: 0.0001421706059758278
Epoch:47/50
 * Loss 0.136 | Train Acc 100.000
LR: 0.00011069016441259591
Epoch:48/50
 * Loss 0.135 | Train Acc 100.000
LR: 7.909824449130957e-05
Epoch:49/50
 * Loss 0.134 | Train Acc 100.000
LR: 4.742666308909818e-05
Epoch:50/50
 * Loss 0.134 | Train Acc 100.000
=> Saving class model to: /shared/results/common/helm/IntervalActivationPromptCL/ImageNet_CR/30-task_dil_h100/coda-p/var0.1_out0.0001_drift0.1/models/repeat-2/task-5/
=> Save Done
validation split name: 1
 * Val Acc 85.600, Total time 6.79
validation split name: 2
 * Val Acc 68.286, Total time 2.21
validation split name: 3
 * Val Acc 87.267, Total time 6.68
validation split name: 4
 * Val Acc 59.905, Total time 5.00
validation split name: 5
 * Val Acc 89.133, Total time 6.70
Volume of the cumulative hypercube for 1-th layer in classification head: 3.506221055984497
====================== 6 =======================
Optimizer is reset!
*****************************************
LR: 0.001
Epoch:1/50
 * Loss 2.672 | Train Acc 75.781
LR: 0.001
Epoch:2/50
 * Loss 1.531 | Train Acc 83.203
LR: 0.000999496439640115
Epoch:3/50
 * Loss 1.039 | Train Acc 88.151
LR: 0.0009979862657065323
Epoch:4/50
 * Loss 0.686 | Train Acc 93.294
LR: 0.0009954709991267107
Epoch:5/50
 * Loss 0.451 | Train Acc 96.224
LR: 0.0009919531730777384
Epoch:6/50
 * Loss 0.319 | Train Acc 98.698
LR: 0.000987436330435118
Epoch:7/50
 * Loss 0.257 | Train Acc 99.284
LR: 0.0009819250202046628
Epoch:8/50
 * Loss 0.216 | Train Acc 99.935
LR: 0.0009754247929410992
Epoch:9/50
 * Loss 0.201 | Train Acc 100.000
LR: 0.0009679421951579872
Epoch:10/50
 * Loss 0.194 | Train Acc 100.000
LR: 0.000959484762734592
Epoch:11/50
 * Loss 0.184 | Train Acc 100.000
LR: 0.0009500610133263432
Epoch:12/50
 * Loss 0.185 | Train Acc 99.935
LR: 0.0009396804377865279
Epoch:13/50
 * Loss 0.178 | Train Acc 100.000
LR: 0.0009283534906078554
Epoch:14/50
 * Loss 0.175 | Train Acc 100.000
LR: 0.0009160915793935209
Epoch:15/50
 * Loss 0.172 | Train Acc 100.000
LR: 0.0009029070533683724
Epoch:16/50
 * Loss 0.169 | Train Acc 100.000
LR: 0.0008888131909417503
Epoch:17/50
 * Loss 0.167 | Train Acc 100.000
LR: 0.0008738241863345259
Epoch:18/50
 * Loss 0.164 | Train Acc 100.000
LR: 0.0008579551352838078
Epoch:19/50
 * Loss 0.162 | Train Acc 100.000
LR: 0.0008412220198397124
Epoch:20/50
 * Loss 0.161 | Train Acc 100.000
LR: 0.0008236416922695099
Epoch:21/50
 * Loss 0.158 | Train Acc 100.000
LR: 0.0008052318580853562
Epoch:22/50
 * Loss 0.157 | Train Acc 100.000
LR: 0.000786011058212706
Epoch:23/50
 * Loss 0.156 | Train Acc 100.000
LR: 0.0007659986503173616
Epoch:24/50
 * Loss 0.153 | Train Acc 100.000
LR: 0.0007452147893099667
Epoch:25/50
 * Loss 0.153 | Train Acc 100.000
LR: 0.0007236804070475787
Epoch:26/50
 * Loss 0.151 | Train Acc 100.000
LR: 0.0007014171912527616
Epoch:27/50
 * Loss 0.150 | Train Acc 100.000
LR: 0.0006784475636714309
Epoch:28/50
 * Loss 0.149 | Train Acc 100.000
LR: 0.0006547946574914495
Epoch:29/50
 * Loss 0.148 | Train Acc 100.000
LR: 0.0006304822940447137
Epoch:30/50
 * Loss 0.147 | Train Acc 100.000
LR: 0.0006055349588161974
Epoch:31/50
 * Loss 0.146 | Train Acc 100.000
LR: 0.0005799777767841123
Epoch:32/50
 * Loss 0.146 | Train Acc 100.000
LR: 0.0005538364871160218
Epoch:33/50
 * Loss 0.144 | Train Acc 100.000
LR: 0.0005271374172463922
Epoch:34/50
 * Loss 0.144 | Train Acc 100.000
LR: 0.0004999074563616878
Epoch:35/50
 * Loss 0.143 | Train Acc 100.000
LR: 0.0004721740283197138
Epoch:36/50
 * Loss 0.143 | Train Acc 100.000
LR: 0.00044396506403048214
Epoch:37/50
 * Loss 0.142 | Train Acc 100.000
LR: 0.0004153089733264112
Epoch:38/50
 * Loss 0.141 | Train Acc 100.000
LR: 0.00038623461635019685
Epoch:39/50
 * Loss 0.141 | Train Acc 100.000
LR: 0.000356771274489164
Epoch:40/50
 * Loss 0.141 | Train Acc 100.000
LR: 0.0003269486208853742
Epoch:41/50
 * Loss 0.139 | Train Acc 100.000
LR: 0.00029679669055119055
Epoch:42/50
 * Loss 0.139 | Train Acc 100.000
LR: 0.00026634585012039387
Epoch:43/50
 * Loss 0.139 | Train Acc 100.000
LR: 0.000235626767265316
Epoch:44/50
 * Loss 0.139 | Train Acc 100.000
LR: 0.0002046703798107928
Epoch:45/50
 * Loss 0.139 | Train Acc 100.000
LR: 0.00017350786457603917
Epoch:46/50
 * Loss 0.139 | Train Acc 100.000
LR: 0.0001421706059758278
Epoch:47/50
 * Loss 0.138 | Train Acc 100.000
LR: 0.00011069016441259591
Epoch:48/50
 * Loss 0.138 | Train Acc 100.000
LR: 7.909824449130957e-05
Epoch:49/50
 * Loss 0.137 | Train Acc 100.000
LR: 4.742666308909818e-05
Epoch:50/50
 * Loss 0.138 | Train Acc 100.000
=> Saving class model to: /shared/results/common/helm/IntervalActivationPromptCL/ImageNet_CR/30-task_dil_h100/coda-p/var0.1_out0.0001_drift0.1/models/repeat-2/task-6/
=> Save Done
validation split name: 1
 * Val Acc 80.367, Total time 6.92
validation split name: 2
 * Val Acc 62.404, Total time 2.13
validation split name: 3
 * Val Acc 84.433, Total time 6.71
validation split name: 4
 * Val Acc 55.619, Total time 5.01
validation split name: 5
 * Val Acc 85.300, Total time 6.65
validation split name: 6
 * Val Acc 82.095, Total time 2.62
Volume of the cumulative hypercube for 1-th layer in classification head: 3.5083367824554443
====================== 7 =======================
Optimizer is reset!
*****************************************
LR: 0.001
Epoch:1/50
 * Loss 1.613 | Train Acc 82.010
LR: 0.001
Epoch:2/50
 * Loss 0.693 | Train Acc 92.474
LR: 0.000999496439640115
Epoch:3/50
 * Loss 0.376 | Train Acc 97.348
LR: 0.0009979862657065323
Epoch:4/50
 * Loss 0.283 | Train Acc 98.868
LR: 0.0009954709991267107
Epoch:5/50
 * Loss 0.242 | Train Acc 99.627
LR: 0.0009919531730777384
Epoch:6/50
 * Loss 0.226 | Train Acc 99.799
LR: 0.000987436330435118
Epoch:7/50
 * Loss 0.215 | Train Acc 99.900
LR: 0.0009819250202046628
Epoch:8/50
 * Loss 0.207 | Train Acc 99.885
LR: 0.0009754247929410992
Epoch:9/50
 * Loss 0.200 | Train Acc 99.986
LR: 0.0009679421951579872
Epoch:10/50
 * Loss 0.195 | Train Acc 99.957
LR: 0.000959484762734592
Epoch:11/50
 * Loss 0.189 | Train Acc 99.971
LR: 0.0009500610133263432
Epoch:12/50
 * Loss 0.186 | Train Acc 99.943
LR: 0.0009396804377865279
Epoch:13/50
 * Loss 0.183 | Train Acc 99.971
LR: 0.0009283534906078554
Epoch:14/50
 * Loss 0.179 | Train Acc 99.971
LR: 0.0009160915793935209
Epoch:15/50
 * Loss 0.177 | Train Acc 99.971
LR: 0.0009029070533683724
Epoch:16/50
 * Loss 0.174 | Train Acc 99.986
LR: 0.0008888131909417503
Epoch:17/50
 * Loss 0.172 | Train Acc 99.943
LR: 0.0008738241863345259
Epoch:18/50
 * Loss 0.170 | Train Acc 99.986
LR: 0.0008579551352838078
Epoch:19/50
 * Loss 0.167 | Train Acc 100.000
LR: 0.0008412220198397124
Epoch:20/50
 * Loss 0.164 | Train Acc 99.986
LR: 0.0008236416922695099
Epoch:21/50
 * Loss 0.161 | Train Acc 99.986
LR: 0.0008052318580853562
Epoch:22/50
 * Loss 0.163 | Train Acc 99.943
LR: 0.000786011058212706
Epoch:23/50
 * Loss 0.160 | Train Acc 99.971
LR: 0.0007659986503173616
Epoch:24/50
 * Loss 0.160 | Train Acc 100.000
LR: 0.0007452147893099667
Epoch:25/50
 * Loss 0.156 | Train Acc 100.000
LR: 0.0007236804070475787
Epoch:26/50
 * Loss 0.154 | Train Acc 100.000
LR: 0.0007014171912527616
Epoch:27/50
 * Loss 0.153 | Train Acc 99.971
LR: 0.0006784475636714309
Epoch:28/50
 * Loss 0.150 | Train Acc 99.986
LR: 0.0006547946574914495
Epoch:29/50
 * Loss 0.150 | Train Acc 99.986
LR: 0.0006304822940447137
Epoch:30/50
 * Loss 0.148 | Train Acc 100.000
LR: 0.0006055349588161974
Epoch:31/50
 * Loss 0.147 | Train Acc 99.986
LR: 0.0005799777767841123
Epoch:32/50
 * Loss 0.145 | Train Acc 99.986
LR: 0.0005538364871160218
Epoch:33/50
 * Loss 0.143 | Train Acc 100.000
LR: 0.0005271374172463922
Epoch:34/50
 * Loss 0.142 | Train Acc 99.986
LR: 0.0004999074563616878
Epoch:35/50
 * Loss 0.141 | Train Acc 100.000
LR: 0.0004721740283197138
Epoch:36/50
 * Loss 0.139 | Train Acc 100.000
LR: 0.00044396506403048214
Epoch:37/50
 * Loss 0.140 | Train Acc 100.000
LR: 0.0004153089733264112
Epoch:38/50
 * Loss 0.138 | Train Acc 100.000
LR: 0.00038623461635019685
Epoch:39/50
 * Loss 0.137 | Train Acc 100.000
LR: 0.000356771274489164
Epoch:40/50
 * Loss 0.135 | Train Acc 100.000
LR: 0.0003269486208853742
Epoch:41/50
 * Loss 0.134 | Train Acc 100.000
LR: 0.00029679669055119055
Epoch:42/50
 * Loss 0.133 | Train Acc 100.000
LR: 0.00026634585012039387
Epoch:43/50
 * Loss 0.133 | Train Acc 100.000
LR: 0.000235626767265316
Epoch:44/50
 * Loss 0.132 | Train Acc 100.000
LR: 0.0002046703798107928
Epoch:45/50
 * Loss 0.131 | Train Acc 100.000
LR: 0.00017350786457603917
Epoch:46/50
 * Loss 0.130 | Train Acc 100.000
LR: 0.0001421706059758278
Epoch:47/50
 * Loss 0.130 | Train Acc 100.000
LR: 0.00011069016441259591
Epoch:48/50
 * Loss 0.129 | Train Acc 100.000
LR: 7.909824449130957e-05
Epoch:49/50
 * Loss 0.128 | Train Acc 100.000
LR: 4.742666308909818e-05
Epoch:50/50
 * Loss 0.127 | Train Acc 100.000
=> Saving class model to: /shared/results/common/helm/IntervalActivationPromptCL/ImageNet_CR/30-task_dil_h100/coda-p/var0.1_out0.0001_drift0.1/models/repeat-2/task-7/
=> Save Done
validation split name: 1
 * Val Acc 83.100, Total time 7.34
validation split name: 2
 * Val Acc 63.939, Total time 2.42
validation split name: 3
 * Val Acc 86.100, Total time 7.60
validation split name: 4
 * Val Acc 57.238, Total time 6.57
validation split name: 5
 * Val Acc 89.600, Total time 6.71
validation split name: 6
 * Val Acc 77.365, Total time 2.65
validation split name: 7
 * Val Acc 90.933, Total time 6.93
Volume of the cumulative hypercube for 1-th layer in classification head: 3.5094382762908936
====================== 8 =======================
Optimizer is reset!
*****************************************
LR: 0.001
Epoch:1/50
 * Loss 5.684 | Train Acc 48.864
LR: 0.001
Epoch:2/50
 * Loss 3.912 | Train Acc 57.955
LR: 0.000999496439640115
Epoch:3/50
 * Loss 2.982 | Train Acc 67.188
LR: 0.0009979862657065323
Epoch:4/50
 * Loss 2.255 | Train Acc 72.017
LR: 0.0009954709991267107
Epoch:5/50
 * Loss 1.649 | Train Acc 80.256
LR: 0.0009919531730777384
Epoch:6/50
 * Loss 1.244 | Train Acc 86.932
LR: 0.000987436330435118
Epoch:7/50
 * Loss 0.875 | Train Acc 92.472
LR: 0.0009819250202046628
Epoch:8/50
 * Loss 0.676 | Train Acc 94.318
LR: 0.0009754247929410992
Epoch:9/50
 * Loss 0.500 | Train Acc 96.165
LR: 0.0009679421951579872
Epoch:10/50
 * Loss 0.407 | Train Acc 97.869
LR: 0.000959484762734592
Epoch:11/50
 * Loss 0.341 | Train Acc 99.148
LR: 0.0009500610133263432
Epoch:12/50
 * Loss 0.296 | Train Acc 99.574
LR: 0.0009396804377865279
Epoch:13/50
 * Loss 0.277 | Train Acc 99.716
LR: 0.0009283534906078554
Epoch:14/50
 * Loss 0.260 | Train Acc 99.858
LR: 0.0009160915793935209
Epoch:15/50
 * Loss 0.255 | Train Acc 99.858
LR: 0.0009029070533683724
Epoch:16/50
 * Loss 0.244 | Train Acc 99.858
LR: 0.0008888131909417503
Epoch:17/50
 * Loss 0.232 | Train Acc 100.000
LR: 0.0008738241863345259
Epoch:18/50
 * Loss 0.230 | Train Acc 100.000
LR: 0.0008579551352838078
Epoch:19/50
 * Loss 0.226 | Train Acc 100.000
LR: 0.0008412220198397124
Epoch:20/50
 * Loss 0.221 | Train Acc 100.000
LR: 0.0008236416922695099
Epoch:21/50
 * Loss 0.218 | Train Acc 100.000
LR: 0.0008052318580853562
Epoch:22/50
 * Loss 0.213 | Train Acc 100.000
LR: 0.000786011058212706
Epoch:23/50
 * Loss 0.212 | Train Acc 100.000
LR: 0.0007659986503173616
Epoch:24/50
 * Loss 0.210 | Train Acc 100.000
LR: 0.0007452147893099667
Epoch:25/50
 * Loss 0.206 | Train Acc 100.000
LR: 0.0007236804070475787
Epoch:26/50
 * Loss 0.204 | Train Acc 100.000
LR: 0.0007014171912527616
Epoch:27/50
 * Loss 0.204 | Train Acc 100.000
LR: 0.0006784475636714309
Epoch:28/50
 * Loss 0.201 | Train Acc 100.000
LR: 0.0006547946574914495
Epoch:29/50
 * Loss 0.201 | Train Acc 100.000
LR: 0.0006304822940447137
Epoch:30/50
 * Loss 0.199 | Train Acc 100.000
LR: 0.0006055349588161974
Epoch:31/50
 * Loss 0.199 | Train Acc 100.000
LR: 0.0005799777767841123
Epoch:32/50
 * Loss 0.196 | Train Acc 100.000
LR: 0.0005538364871160218
Epoch:33/50
 * Loss 0.195 | Train Acc 100.000
LR: 0.0005271374172463922
Epoch:34/50
 * Loss 0.195 | Train Acc 100.000
LR: 0.0004999074563616878
Epoch:35/50
 * Loss 0.194 | Train Acc 100.000
LR: 0.0004721740283197138
Epoch:36/50
 * Loss 0.192 | Train Acc 100.000
LR: 0.00044396506403048214
Epoch:37/50
 * Loss 0.193 | Train Acc 100.000
LR: 0.0004153089733264112
Epoch:38/50
 * Loss 0.191 | Train Acc 100.000
LR: 0.00038623461635019685
Epoch:39/50
 * Loss 0.190 | Train Acc 100.000
LR: 0.000356771274489164
Epoch:40/50
 * Loss 0.188 | Train Acc 100.000
LR: 0.0003269486208853742
Epoch:41/50
 * Loss 0.189 | Train Acc 100.000
LR: 0.00029679669055119055
Epoch:42/50
 * Loss 0.187 | Train Acc 100.000
LR: 0.00026634585012039387
Epoch:43/50
 * Loss 0.187 | Train Acc 100.000
LR: 0.000235626767265316
Epoch:44/50
 * Loss 0.187 | Train Acc 100.000
LR: 0.0002046703798107928
Epoch:45/50
 * Loss 0.187 | Train Acc 100.000
LR: 0.00017350786457603917
Epoch:46/50
 * Loss 0.185 | Train Acc 100.000
LR: 0.0001421706059758278
Epoch:47/50
 * Loss 0.187 | Train Acc 100.000
LR: 0.00011069016441259591
Epoch:48/50
 * Loss 0.186 | Train Acc 100.000
LR: 7.909824449130957e-05
Epoch:49/50
 * Loss 0.186 | Train Acc 100.000
LR: 4.742666308909818e-05
Epoch:50/50
 * Loss 0.185 | Train Acc 100.000
=> Saving class model to: /shared/results/common/helm/IntervalActivationPromptCL/ImageNet_CR/30-task_dil_h100/coda-p/var0.1_out0.0001_drift0.1/models/repeat-2/task-8/
=> Save Done
validation split name: 1
 * Val Acc 78.167, Total time 6.63
validation split name: 2
 * Val Acc 68.542, Total time 2.20
validation split name: 3
 * Val Acc 83.600, Total time 6.68
validation split name: 4
 * Val Acc 62.095, Total time 5.82
validation split name: 5
 * Val Acc 87.067, Total time 6.70
validation split name: 6
 * Val Acc 74.493, Total time 2.64
validation split name: 7
 * Val Acc 87.700, Total time 6.66
validation split name: 8
 * Val Acc 63.182, Total time 1.45
Volume of the cumulative hypercube for 1-th layer in classification head: 3.51269268989563
====================== 9 =======================
Optimizer is reset!
*****************************************
LR: 0.001
Epoch:1/50
 * Loss 4.111 | Train Acc 64.062
LR: 0.001
Epoch:2/50
 * Loss 1.757 | Train Acc 81.895
LR: 0.000999496439640115
Epoch:3/50
 * Loss 1.325 | Train Acc 87.156
LR: 0.0009979862657065323
Epoch:4/50
 * Loss 0.995 | Train Acc 91.069
LR: 0.0009954709991267107
Epoch:5/50
 * Loss 0.781 | Train Acc 94.424
LR: 0.0009919531730777384
Epoch:6/50
 * Loss 0.652 | Train Acc 96.617
LR: 0.000987436330435118
Epoch:7/50
 * Loss 0.564 | Train Acc 97.950
LR: 0.0009819250202046628
Epoch:8/50
 * Loss 0.523 | Train Acc 98.825
LR: 0.0009754247929410992
Epoch:9/50
 * Loss 0.482 | Train Acc 99.283
LR: 0.0009679421951579872
Epoch:10/50
 * Loss 0.461 | Train Acc 99.369
LR: 0.000959484762734592
Epoch:11/50
 * Loss 0.456 | Train Acc 99.484
LR: 0.0009500610133263432
Epoch:12/50
 * Loss 0.434 | Train Acc 99.713
LR: 0.0009396804377865279
Epoch:13/50
 * Loss 0.422 | Train Acc 99.756
LR: 0.0009283534906078554
Epoch:14/50
 * Loss 0.414 | Train Acc 99.756
LR: 0.0009160915793935209
Epoch:15/50
 * Loss 0.406 | Train Acc 99.742
LR: 0.0009029070533683724
Epoch:16/50
 * Loss 0.401 | Train Acc 99.814
LR: 0.0008888131909417503
Epoch:17/50
 * Loss 0.394 | Train Acc 99.842
LR: 0.0008738241863345259
Epoch:18/50
 * Loss 0.385 | Train Acc 99.914
LR: 0.0008579551352838078
Epoch:19/50
 * Loss 0.379 | Train Acc 99.871
LR: 0.0008412220198397124
Epoch:20/50
 * Loss 0.375 | Train Acc 99.828
LR: 0.0008236416922695099
Epoch:21/50
 * Loss 0.366 | Train Acc 99.914
LR: 0.0008052318580853562
Epoch:22/50
 * Loss 0.364 | Train Acc 99.885
LR: 0.000786011058212706
Epoch:23/50
 * Loss 0.361 | Train Acc 99.943
LR: 0.0007659986503173616
Epoch:24/50
 * Loss 0.356 | Train Acc 99.914
LR: 0.0007452147893099667
Epoch:25/50
 * Loss 0.355 | Train Acc 99.900
LR: 0.0007236804070475787
Epoch:26/50
 * Loss 0.345 | Train Acc 99.957
LR: 0.0007014171912527616
Epoch:27/50
 * Loss 0.346 | Train Acc 99.914
LR: 0.0006784475636714309
Epoch:28/50
 * Loss 0.339 | Train Acc 99.986
LR: 0.0006547946574914495
Epoch:29/50
 * Loss 0.337 | Train Acc 99.957
LR: 0.0006304822940447137
Epoch:30/50
 * Loss 0.334 | Train Acc 99.971
LR: 0.0006055349588161974
Epoch:31/50
 * Loss 0.330 | Train Acc 99.971
LR: 0.0005799777767841123
Epoch:32/50
 * Loss 0.324 | Train Acc 99.986
LR: 0.0005538364871160218
Epoch:33/50
 * Loss 0.323 | Train Acc 99.986
LR: 0.0005271374172463922
Epoch:34/50
 * Loss 0.321 | Train Acc 99.971
LR: 0.0004999074563616878
Epoch:35/50
 * Loss 0.316 | Train Acc 99.971
LR: 0.0004721740283197138
Epoch:36/50
 * Loss 0.315 | Train Acc 100.000
LR: 0.00044396506403048214
Epoch:37/50
 * Loss 0.310 | Train Acc 100.000
LR: 0.0004153089733264112
Epoch:38/50
 * Loss 0.308 | Train Acc 99.986
LR: 0.00038623461635019685
Epoch:39/50
 * Loss 0.306 | Train Acc 100.000
LR: 0.000356771274489164
Epoch:40/50
 * Loss 0.304 | Train Acc 99.986
LR: 0.0003269486208853742
Epoch:41/50
 * Loss 0.301 | Train Acc 100.000
LR: 0.00029679669055119055
Epoch:42/50
 * Loss 0.300 | Train Acc 100.000
LR: 0.00026634585012039387
Epoch:43/50
 * Loss 0.297 | Train Acc 100.000
LR: 0.000235626767265316
Epoch:44/50
 * Loss 0.294 | Train Acc 100.000
LR: 0.0002046703798107928
Epoch:45/50
 * Loss 0.293 | Train Acc 100.000
LR: 0.00017350786457603917
Epoch:46/50
 * Loss 0.292 | Train Acc 100.000
LR: 0.0001421706059758278
Epoch:47/50
 * Loss 0.289 | Train Acc 100.000
LR: 0.00011069016441259591
Epoch:48/50
 * Loss 0.288 | Train Acc 100.000
LR: 7.909824449130957e-05
Epoch:49/50
 * Loss 0.287 | Train Acc 100.000
LR: 4.742666308909818e-05
Epoch:50/50
 * Loss 0.285 | Train Acc 100.000
=> Saving class model to: /shared/results/common/helm/IntervalActivationPromptCL/ImageNet_CR/30-task_dil_h100/coda-p/var0.1_out0.0001_drift0.1/models/repeat-2/task-9/
=> Save Done
validation split name: 1
 * Val Acc 79.700, Total time 6.75
validation split name: 2
 * Val Acc 66.752, Total time 2.21
validation split name: 3
 * Val Acc 83.633, Total time 7.05
validation split name: 4
 * Val Acc 59.143, Total time 4.85
validation split name: 5
 * Val Acc 88.233, Total time 6.68
validation split name: 6
 * Val Acc 75.507, Total time 2.67
validation split name: 7
 * Val Acc 90.033, Total time 6.69
validation split name: 8
 * Val Acc 60.455, Total time 1.71
validation split name: 9
 * Val Acc 83.833, Total time 6.61
Volume of the cumulative hypercube for 1-th layer in classification head: 3.5998713970184326
====================== 10 =======================
Optimizer is reset!
*****************************************
LR: 0.001
Epoch:1/50
 * Loss 6.098 | Train Acc 48.828
LR: 0.001
Epoch:2/50
 * Loss 4.211 | Train Acc 57.812
LR: 0.000999496439640115
Epoch:3/50
 * Loss 3.118 | Train Acc 65.234
LR: 0.0009979862657065323
Epoch:4/50
 * Loss 2.538 | Train Acc 70.898
LR: 0.0009954709991267107
Epoch:5/50
 * Loss 2.001 | Train Acc 78.516
LR: 0.0009919531730777384
Epoch:6/50
 * Loss 1.672 | Train Acc 83.008
LR: 0.000987436330435118
Epoch:7/50
 * Loss 1.249 | Train Acc 87.891
LR: 0.0009819250202046628
Epoch:8/50
 * Loss 0.969 | Train Acc 90.234
LR: 0.0009754247929410992
Epoch:9/50
 * Loss 0.813 | Train Acc 92.578
LR: 0.0009679421951579872
Epoch:10/50
 * Loss 0.647 | Train Acc 95.312
LR: 0.000959484762734592
Epoch:11/50
 * Loss 0.538 | Train Acc 96.680
LR: 0.0009500610133263432
Epoch:12/50
 * Loss 0.421 | Train Acc 97.656
LR: 0.0009396804377865279
Epoch:13/50
 * Loss 0.363 | Train Acc 99.023
LR: 0.0009283534906078554
Epoch:14/50
 * Loss 0.332 | Train Acc 99.414
LR: 0.0009160915793935209
Epoch:15/50
 * Loss 0.303 | Train Acc 99.609
LR: 0.0009029070533683724
Epoch:16/50
 * Loss 0.284 | Train Acc 99.805
LR: 0.0008888131909417503
Epoch:17/50
 * Loss 0.270 | Train Acc 99.805
LR: 0.0008738241863345259
Epoch:18/50
 * Loss 0.263 | Train Acc 99.609
LR: 0.0008579551352838078
Epoch:19/50
 * Loss 0.250 | Train Acc 99.805
LR: 0.0008412220198397124
Epoch:20/50
 * Loss 0.244 | Train Acc 99.805
LR: 0.0008236416922695099
Epoch:21/50
 * Loss 0.236 | Train Acc 99.609
LR: 0.0008052318580853562
Epoch:22/50
 * Loss 0.236 | Train Acc 99.805
LR: 0.000786011058212706
Epoch:23/50
 * Loss 0.230 | Train Acc 99.805
LR: 0.0007659986503173616
Epoch:24/50
 * Loss 0.228 | Train Acc 99.805
LR: 0.0007452147893099667
Epoch:25/50
 * Loss 0.233 | Train Acc 99.609
LR: 0.0007236804070475787
Epoch:26/50
 * Loss 0.223 | Train Acc 99.805
LR: 0.0007014171912527616
Epoch:27/50
 * Loss 0.218 | Train Acc 99.805
LR: 0.0006784475636714309
Epoch:28/50
 * Loss 0.219 | Train Acc 99.805
LR: 0.0006547946574914495
Epoch:29/50
 * Loss 0.212 | Train Acc 99.805
LR: 0.0006304822940447137
Epoch:30/50
 * Loss 0.217 | Train Acc 99.805
LR: 0.0006055349588161974
Epoch:31/50
 * Loss 0.213 | Train Acc 99.805
LR: 0.0005799777767841123
Epoch:32/50
 * Loss 0.210 | Train Acc 99.805
LR: 0.0005538364871160218
Epoch:33/50
 * Loss 0.216 | Train Acc 99.805
LR: 0.0005271374172463922
Epoch:34/50
 * Loss 0.216 | Train Acc 99.805
LR: 0.0004999074563616878
Epoch:35/50
 * Loss 0.207 | Train Acc 99.805
LR: 0.0004721740283197138
Epoch:36/50
 * Loss 0.208 | Train Acc 99.805
LR: 0.00044396506403048214
Epoch:37/50
 * Loss 0.205 | Train Acc 99.805
LR: 0.0004153089733264112
Epoch:38/50
 * Loss 0.202 | Train Acc 99.805
LR: 0.00038623461635019685
Epoch:39/50
 * Loss 0.205 | Train Acc 99.805
LR: 0.000356771274489164
Epoch:40/50
 * Loss 0.202 | Train Acc 99.805
LR: 0.0003269486208853742
Epoch:41/50
 * Loss 0.202 | Train Acc 99.609
LR: 0.00029679669055119055
Epoch:42/50
 * Loss 0.201 | Train Acc 99.805
LR: 0.00026634585012039387
Epoch:43/50
 * Loss 0.202 | Train Acc 99.609
LR: 0.000235626767265316
Epoch:44/50
 * Loss 0.199 | Train Acc 99.805
LR: 0.0002046703798107928
Epoch:45/50
 * Loss 0.199 | Train Acc 99.805
LR: 0.00017350786457603917
Epoch:46/50
 * Loss 0.196 | Train Acc 100.000
LR: 0.0001421706059758278
Epoch:47/50
 * Loss 0.199 | Train Acc 99.805
LR: 0.00011069016441259591
Epoch:48/50
 * Loss 0.199 | Train Acc 99.805
LR: 7.909824449130957e-05
Epoch:49/50
 * Loss 0.199 | Train Acc 99.805
LR: 4.742666308909818e-05
Epoch:50/50
 * Loss 0.199 | Train Acc 99.805
=> Saving class model to: /shared/results/common/helm/IntervalActivationPromptCL/ImageNet_CR/30-task_dil_h100/coda-p/var0.1_out0.0001_drift0.1/models/repeat-2/task-10/
=> Save Done
validation split name: 1
 * Val Acc 78.267, Total time 6.65
validation split name: 2
 * Val Acc 64.450, Total time 2.05
validation split name: 3
 * Val Acc 82.333, Total time 7.38
validation split name: 4
 * Val Acc 58.667, Total time 4.94
validation split name: 5
 * Val Acc 86.033, Total time 7.09
validation split name: 6
 * Val Acc 72.466, Total time 2.59
validation split name: 7
 * Val Acc 87.733, Total time 6.71
validation split name: 8
 * Val Acc 62.727, Total time 1.36
validation split name: 9
 * Val Acc 81.500, Total time 6.60
validation split name: 10
 * Val Acc 61.111, Total time 1.42
Volume of the cumulative hypercube for 1-th layer in classification head: 3.6062800884246826
====================== 11 =======================
Optimizer is reset!
*****************************************
LR: 0.001
Epoch:1/50
 * Loss 1.151 | Train Acc 87.084
LR: 0.001
Epoch:2/50
 * Loss 0.445 | Train Acc 95.714
LR: 0.000999496439640115
Epoch:3/50
 * Loss 0.278 | Train Acc 98.151
LR: 0.0009979862657065323
Epoch:4/50
 * Loss 0.217 | Train Acc 99.341
LR: 0.0009954709991267107
Epoch:5/50
 * Loss 0.192 | Train Acc 99.699
LR: 0.0009919531730777384
Epoch:6/50
 * Loss 0.182 | Train Acc 99.771
LR: 0.000987436330435118
Epoch:7/50
 * Loss 0.170 | Train Acc 99.957
LR: 0.0009819250202046628
Epoch:8/50
 * Loss 0.164 | Train Acc 99.957
LR: 0.0009754247929410992
Epoch:9/50
 * Loss 0.162 | Train Acc 99.885
LR: 0.0009679421951579872
Epoch:10/50
 * Loss 0.156 | Train Acc 99.986
LR: 0.000959484762734592
Epoch:11/50
 * Loss 0.152 | Train Acc 99.971
LR: 0.0009500610133263432
Epoch:12/50
 * Loss 0.150 | Train Acc 99.971
LR: 0.0009396804377865279
Epoch:13/50
 * Loss 0.148 | Train Acc 99.957
LR: 0.0009283534906078554
Epoch:14/50
 * Loss 0.144 | Train Acc 99.971
LR: 0.0009160915793935209
Epoch:15/50
 * Loss 0.143 | Train Acc 99.957
LR: 0.0009029070533683724
Epoch:16/50
 * Loss 0.142 | Train Acc 99.971
LR: 0.0008888131909417503
Epoch:17/50
 * Loss 0.140 | Train Acc 99.971
LR: 0.0008738241863345259
Epoch:18/50
 * Loss 0.138 | Train Acc 99.943
LR: 0.0008579551352838078
Epoch:19/50
 * Loss 0.136 | Train Acc 99.986
LR: 0.0008412220198397124
Epoch:20/50
 * Loss 0.134 | Train Acc 99.986
LR: 0.0008236416922695099
Epoch:21/50
 * Loss 0.135 | Train Acc 99.971
LR: 0.0008052318580853562
Epoch:22/50
 * Loss 0.132 | Train Acc 100.000
LR: 0.000786011058212706
Epoch:23/50
 * Loss 0.130 | Train Acc 99.986
LR: 0.0007659986503173616
Epoch:24/50
 * Loss 0.129 | Train Acc 100.000
LR: 0.0007452147893099667
Epoch:25/50
 * Loss 0.127 | Train Acc 100.000
LR: 0.0007236804070475787
Epoch:26/50
 * Loss 0.127 | Train Acc 99.971
LR: 0.0007014171912527616
Epoch:27/50
 * Loss 0.125 | Train Acc 99.986
LR: 0.0006784475636714309
Epoch:28/50
 * Loss 0.124 | Train Acc 100.000
LR: 0.0006547946574914495
Epoch:29/50
 * Loss 0.123 | Train Acc 100.000
LR: 0.0006304822940447137
Epoch:30/50
 * Loss 0.122 | Train Acc 100.000
LR: 0.0006055349588161974
Epoch:31/50
 * Loss 0.121 | Train Acc 100.000
LR: 0.0005799777767841123
Epoch:32/50
 * Loss 0.120 | Train Acc 100.000
LR: 0.0005538364871160218
Epoch:33/50
 * Loss 0.119 | Train Acc 100.000
LR: 0.0005271374172463922
Epoch:34/50
 * Loss 0.119 | Train Acc 100.000
LR: 0.0004999074563616878
Epoch:35/50
 * Loss 0.117 | Train Acc 100.000
LR: 0.0004721740283197138
Epoch:36/50
 * Loss 0.116 | Train Acc 100.000
LR: 0.00044396506403048214
Epoch:37/50
 * Loss 0.115 | Train Acc 100.000
LR: 0.0004153089733264112
Epoch:38/50
 * Loss 0.115 | Train Acc 100.000
LR: 0.00038623461635019685
Epoch:39/50
 * Loss 0.114 | Train Acc 100.000
LR: 0.000356771274489164
Epoch:40/50
 * Loss 0.114 | Train Acc 100.000
LR: 0.0003269486208853742
Epoch:41/50
 * Loss 0.112 | Train Acc 100.000
LR: 0.00029679669055119055
Epoch:42/50
 * Loss 0.112 | Train Acc 100.000
LR: 0.00026634585012039387
Epoch:43/50
 * Loss 0.111 | Train Acc 100.000
LR: 0.000235626767265316
Epoch:44/50
 * Loss 0.110 | Train Acc 100.000
LR: 0.0002046703798107928
Epoch:45/50
 * Loss 0.110 | Train Acc 100.000
LR: 0.00017350786457603917
Epoch:46/50
 * Loss 0.109 | Train Acc 100.000
LR: 0.0001421706059758278
Epoch:47/50
 * Loss 0.109 | Train Acc 100.000
LR: 0.00011069016441259591
Epoch:48/50
 * Loss 0.108 | Train Acc 100.000
LR: 7.909824449130957e-05
Epoch:49/50
 * Loss 0.108 | Train Acc 100.000
LR: 4.742666308909818e-05
Epoch:50/50
 * Loss 0.107 | Train Acc 100.000
=> Saving class model to: /shared/results/common/helm/IntervalActivationPromptCL/ImageNet_CR/30-task_dil_h100/coda-p/var0.1_out0.0001_drift0.1/models/repeat-2/task-11/
=> Save Done
validation split name: 1
 * Val Acc 73.633, Total time 6.90
validation split name: 2
 * Val Acc 64.194, Total time 2.69
validation split name: 3
 * Val Acc 87.200, Total time 6.65
validation split name: 4
 * Val Acc 56.476, Total time 5.16
validation split name: 5
 * Val Acc 84.300, Total time 6.64
validation split name: 6
 * Val Acc 72.804, Total time 2.58
validation split name: 7
 * Val Acc 82.533, Total time 6.67
validation split name: 8
 * Val Acc 55.000, Total time 1.29
validation split name: 9
 * Val Acc 81.133, Total time 6.94
validation split name: 10
 * Val Acc 50.617, Total time 1.18
validation split name: 11
 * Val Acc 93.867, Total time 6.75
Volume of the cumulative hypercube for 1-th layer in classification head: 3.6064558029174805
====================== 12 =======================
Optimizer is reset!
*****************************************
LR: 0.001
Epoch:1/50
 * Loss 4.262 | Train Acc 63.672
LR: 0.001
Epoch:2/50
 * Loss 2.726 | Train Acc 70.312
LR: 0.000999496439640115
Epoch:3/50
 * Loss 2.003 | Train Acc 78.906
LR: 0.0009979862657065323
Epoch:4/50
 * Loss 1.479 | Train Acc 82.812
LR: 0.0009954709991267107
Epoch:5/50
 * Loss 1.094 | Train Acc 87.695
LR: 0.0009919531730777384
Epoch:6/50
 * Loss 0.787 | Train Acc 93.164
LR: 0.000987436330435118
Epoch:7/50
 * Loss 0.581 | Train Acc 96.094
LR: 0.0009819250202046628
Epoch:8/50
 * Loss 0.465 | Train Acc 97.656
LR: 0.0009754247929410992
Epoch:9/50
 * Loss 0.352 | Train Acc 98.242
LR: 0.0009679421951579872
Epoch:10/50
 * Loss 0.293 | Train Acc 98.633
LR: 0.000959484762734592
Epoch:11/50
 * Loss 0.244 | Train Acc 99.219
LR: 0.0009500610133263432
Epoch:12/50
 * Loss 0.216 | Train Acc 99.219
LR: 0.0009396804377865279
Epoch:13/50
 * Loss 0.218 | Train Acc 99.219
LR: 0.0009283534906078554
Epoch:14/50
 * Loss 0.190 | Train Acc 99.414
LR: 0.0009160915793935209
Epoch:15/50
 * Loss 0.168 | Train Acc 100.000
LR: 0.0009029070533683724
Epoch:16/50
 * Loss 0.170 | Train Acc 99.609
LR: 0.0008888131909417503
Epoch:17/50
 * Loss 0.166 | Train Acc 99.609
LR: 0.0008738241863345259
Epoch:18/50
 * Loss 0.167 | Train Acc 99.414
LR: 0.0008579551352838078
Epoch:19/50
 * Loss 0.162 | Train Acc 99.414
LR: 0.0008412220198397124
Epoch:20/50
 * Loss 0.164 | Train Acc 99.609
LR: 0.0008236416922695099
Epoch:21/50
 * Loss 0.169 | Train Acc 99.609
LR: 0.0008052318580853562
Epoch:22/50
 * Loss 0.163 | Train Acc 99.414
LR: 0.000786011058212706
Epoch:23/50
 * Loss 0.166 | Train Acc 99.414
LR: 0.0007659986503173616
Epoch:24/50
 * Loss 0.158 | Train Acc 99.414
LR: 0.0007452147893099667
Epoch:25/50
 * Loss 0.152 | Train Acc 99.805
LR: 0.0007236804070475787
Epoch:26/50
 * Loss 0.159 | Train Acc 99.414
LR: 0.0007014171912527616
Epoch:27/50
 * Loss 0.159 | Train Acc 99.219
LR: 0.0006784475636714309
Epoch:28/50
 * Loss 0.155 | Train Acc 99.414
LR: 0.0006547946574914495
Epoch:29/50
 * Loss 0.152 | Train Acc 99.414
LR: 0.0006304822940447137
Epoch:30/50
 * Loss 0.151 | Train Acc 99.609
LR: 0.0006055349588161974
Epoch:31/50
 * Loss 0.148 | Train Acc 99.609
LR: 0.0005799777767841123
Epoch:32/50
 * Loss 0.154 | Train Acc 99.414
LR: 0.0005538364871160218
Epoch:33/50
 * Loss 0.155 | Train Acc 99.414
LR: 0.0005271374172463922
Epoch:34/50
 * Loss 0.149 | Train Acc 99.609
LR: 0.0004999074563616878
Epoch:35/50
 * Loss 0.153 | Train Acc 99.219
LR: 0.0004721740283197138
Epoch:36/50
 * Loss 0.149 | Train Acc 99.609
LR: 0.00044396506403048214
Epoch:37/50
 * Loss 0.146 | Train Acc 99.609
LR: 0.0004153089733264112
Epoch:38/50
 * Loss 0.147 | Train Acc 99.219
LR: 0.00038623461635019685
Epoch:39/50
 * Loss 0.145 | Train Acc 99.414
LR: 0.000356771274489164
Epoch:40/50
 * Loss 0.144 | Train Acc 99.414
LR: 0.0003269486208853742
Epoch:41/50
 * Loss 0.143 | Train Acc 99.609
LR: 0.00029679669055119055
Epoch:42/50
 * Loss 0.144 | Train Acc 99.414
LR: 0.00026634585012039387
Epoch:43/50
 * Loss 0.143 | Train Acc 99.414
LR: 0.000235626767265316
Epoch:44/50
 * Loss 0.143 | Train Acc 99.609
LR: 0.0002046703798107928
Epoch:45/50
 * Loss 0.144 | Train Acc 99.414
LR: 0.00017350786457603917
Epoch:46/50
 * Loss 0.143 | Train Acc 99.609
LR: 0.0001421706059758278
Epoch:47/50
 * Loss 0.141 | Train Acc 99.805
LR: 0.00011069016441259591
Epoch:48/50
 * Loss 0.141 | Train Acc 99.805
LR: 7.909824449130957e-05
Epoch:49/50
 * Loss 0.142 | Train Acc 99.805
LR: 4.742666308909818e-05
Epoch:50/50
 * Loss 0.144 | Train Acc 99.219
=> Saving class model to: /shared/results/common/helm/IntervalActivationPromptCL/ImageNet_CR/30-task_dil_h100/coda-p/var0.1_out0.0001_drift0.1/models/repeat-2/task-12/
=> Save Done
validation split name: 1
 * Val Acc 71.267, Total time 8.01
validation split name: 2
 * Val Acc 66.752, Total time 2.22
validation split name: 3
 * Val Acc 85.367, Total time 6.67
validation split name: 4
 * Val Acc 60.000, Total time 4.75
validation split name: 5
 * Val Acc 82.500, Total time 6.65
validation split name: 6
 * Val Acc 72.466, Total time 2.73
validation split name: 7
 * Val Acc 81.100, Total time 6.65
validation split name: 8
 * Val Acc 59.091, Total time 1.41
validation split name: 9
 * Val Acc 78.200, Total time 7.16
validation split name: 10
 * Val Acc 52.469, Total time 1.10
validation split name: 11
 * Val Acc 89.600, Total time 6.68
validation split name: 12
 * Val Acc 73.282, Total time 1.04
Volume of the cumulative hypercube for 1-th layer in classification head: 3.606719970703125
====================== 13 =======================
Optimizer is reset!
*****************************************
LR: 0.001
Epoch:1/50
 * Loss 0.589 | Train Acc 93.908
LR: 0.001
Epoch:2/50
 * Loss 0.269 | Train Acc 97.764
LR: 0.000999496439640115
Epoch:3/50
 * Loss 0.185 | Train Acc 99.111
LR: 0.0009979862657065323
Epoch:4/50
 * Loss 0.159 | Train Acc 99.527
LR: 0.0009954709991267107
Epoch:5/50
 * Loss 0.144 | Train Acc 99.728
LR: 0.0009919531730777384
Epoch:6/50
 * Loss 0.140 | Train Acc 99.799
LR: 0.000987436330435118
Epoch:7/50
 * Loss 0.131 | Train Acc 99.842
LR: 0.0009819250202046628
Epoch:8/50
 * Loss 0.127 | Train Acc 99.900
LR: 0.0009754247929410992
Epoch:9/50
 * Loss 0.124 | Train Acc 99.943
LR: 0.0009679421951579872
Epoch:10/50
 * Loss 0.119 | Train Acc 99.957
LR: 0.000959484762734592
Epoch:11/50
 * Loss 0.119 | Train Acc 99.914
LR: 0.0009500610133263432
Epoch:12/50
 * Loss 0.115 | Train Acc 99.914
LR: 0.0009396804377865279
Epoch:13/50
 * Loss 0.114 | Train Acc 99.943
LR: 0.0009283534906078554
Epoch:14/50
 * Loss 0.116 | Train Acc 99.900
LR: 0.0009160915793935209
Epoch:15/50
 * Loss 0.114 | Train Acc 99.957
LR: 0.0009029070533683724
Epoch:16/50
 * Loss 0.112 | Train Acc 99.900
LR: 0.0008888131909417503
Epoch:17/50
 * Loss 0.110 | Train Acc 99.957
LR: 0.0008738241863345259
Epoch:18/50
 * Loss 0.107 | Train Acc 99.986
LR: 0.0008579551352838078
Epoch:19/50
 * Loss 0.109 | Train Acc 99.928
LR: 0.0008412220198397124
Epoch:20/50
 * Loss 0.107 | Train Acc 99.943
LR: 0.0008236416922695099
Epoch:21/50
 * Loss 0.104 | Train Acc 99.943
LR: 0.0008052318580853562
Epoch:22/50
 * Loss 0.106 | Train Acc 99.914
LR: 0.000786011058212706
Epoch:23/50
 * Loss 0.102 | Train Acc 99.986
LR: 0.0007659986503173616
Epoch:24/50
 * Loss 0.103 | Train Acc 99.928
LR: 0.0007452147893099667
Epoch:25/50
 * Loss 0.101 | Train Acc 99.943
LR: 0.0007236804070475787
Epoch:26/50
 * Loss 0.101 | Train Acc 99.957
LR: 0.0007014171912527616
Epoch:27/50
 * Loss 0.101 | Train Acc 99.971
LR: 0.0006784475636714309
Epoch:28/50
 * Loss 0.099 | Train Acc 99.971
LR: 0.0006547946574914495
Epoch:29/50
 * Loss 0.097 | Train Acc 99.971
LR: 0.0006304822940447137
Epoch:30/50
 * Loss 0.096 | Train Acc 99.971
LR: 0.0006055349588161974
Epoch:31/50
 * Loss 0.096 | Train Acc 99.971
LR: 0.0005799777767841123
Epoch:32/50
 * Loss 0.096 | Train Acc 99.957
LR: 0.0005538364871160218
Epoch:33/50
 * Loss 0.095 | Train Acc 99.971
LR: 0.0005271374172463922
Epoch:34/50
 * Loss 0.093 | Train Acc 99.986
LR: 0.0004999074563616878
Epoch:35/50
 * Loss 0.092 | Train Acc 99.957
LR: 0.0004721740283197138
Epoch:36/50
 * Loss 0.093 | Train Acc 99.957
LR: 0.00044396506403048214
Epoch:37/50
 * Loss 0.092 | Train Acc 99.971
LR: 0.0004153089733264112
Epoch:38/50
 * Loss 0.091 | Train Acc 99.986
LR: 0.00038623461635019685
Epoch:39/50
 * Loss 0.090 | Train Acc 99.971
LR: 0.000356771274489164
Epoch:40/50
 * Loss 0.091 | Train Acc 99.971
LR: 0.0003269486208853742
Epoch:41/50
 * Loss 0.089 | Train Acc 99.971
LR: 0.00029679669055119055
Epoch:42/50
 * Loss 0.088 | Train Acc 99.986
LR: 0.00026634585012039387
Epoch:43/50
 * Loss 0.088 | Train Acc 99.986
LR: 0.000235626767265316
Epoch:44/50
 * Loss 0.088 | Train Acc 99.971
LR: 0.0002046703798107928
Epoch:45/50
 * Loss 0.087 | Train Acc 99.986
LR: 0.00017350786457603917
Epoch:46/50
 * Loss 0.086 | Train Acc 99.986
LR: 0.0001421706059758278
Epoch:47/50
 * Loss 0.086 | Train Acc 99.986
LR: 0.00011069016441259591
Epoch:48/50
 * Loss 0.086 | Train Acc 99.986
LR: 7.909824449130957e-05
Epoch:49/50
 * Loss 0.085 | Train Acc 99.971
LR: 4.742666308909818e-05
Epoch:50/50
 * Loss 0.085 | Train Acc 99.986
=> Saving class model to: /shared/results/common/helm/IntervalActivationPromptCL/ImageNet_CR/30-task_dil_h100/coda-p/var0.1_out0.0001_drift0.1/models/repeat-2/task-13/
=> Save Done
validation split name: 1
 * Val Acc 69.833, Total time 7.20
validation split name: 2
 * Val Acc 65.729, Total time 2.19
validation split name: 3
 * Val Acc 82.200, Total time 6.74
validation split name: 4
 * Val Acc 58.571, Total time 4.91
validation split name: 5
 * Val Acc 81.267, Total time 6.60
validation split name: 6
 * Val Acc 73.142, Total time 2.90
validation split name: 7
 * Val Acc 79.333, Total time 6.70
validation split name: 8
 * Val Acc 58.636, Total time 1.42
validation split name: 9
 * Val Acc 81.233, Total time 6.87
validation split name: 10
 * Val Acc 53.086, Total time 1.19
validation split name: 11
 * Val Acc 90.733, Total time 6.61
validation split name: 12
 * Val Acc 68.702, Total time 1.42
validation split name: 13
 * Val Acc 95.600, Total time 6.63
Volume of the cumulative hypercube for 1-th layer in classification head: 3.6093595027923584
====================== 14 =======================
Optimizer is reset!
*****************************************
LR: 0.001
Epoch:1/50
 * Loss 3.955 | Train Acc 60.156
LR: 0.001
Epoch:2/50
 * Loss 2.379 | Train Acc 73.698
LR: 0.000999496439640115
Epoch:3/50
 * Loss 1.950 | Train Acc 79.167
LR: 0.0009979862657065323
Epoch:4/50
 * Loss 1.554 | Train Acc 81.510
LR: 0.0009954709991267107
Epoch:5/50
 * Loss 1.246 | Train Acc 86.979
LR: 0.0009919531730777384
Epoch:6/50
 * Loss 0.894 | Train Acc 91.406
LR: 0.000987436330435118
Epoch:7/50
 * Loss 0.635 | Train Acc 94.792
LR: 0.0009819250202046628
Epoch:8/50
 * Loss 0.430 | Train Acc 96.615
LR: 0.0009754247929410992
Epoch:9/50
 * Loss 0.339 | Train Acc 98.177
LR: 0.0009679421951579872
Epoch:10/50
 * Loss 0.249 | Train Acc 99.479
LR: 0.000959484762734592
Epoch:11/50
 * Loss 0.217 | Train Acc 99.740
LR: 0.0009500610133263432
Epoch:12/50
 * Loss 0.213 | Train Acc 99.219
LR: 0.0009396804377865279
Epoch:13/50
 * Loss 0.201 | Train Acc 99.479
LR: 0.0009283534906078554
Epoch:14/50
 * Loss 0.172 | Train Acc 100.000
LR: 0.0009160915793935209
Epoch:15/50
 * Loss 0.174 | Train Acc 99.740
LR: 0.0009029070533683724
Epoch:16/50
 * Loss 0.166 | Train Acc 99.740
LR: 0.0008888131909417503
Epoch:17/50
 * Loss 0.161 | Train Acc 99.740
LR: 0.0008738241863345259
Epoch:18/50
 * Loss 0.168 | Train Acc 99.479
LR: 0.0008579551352838078
Epoch:19/50
 * Loss 0.160 | Train Acc 99.740
LR: 0.0008412220198397124
Epoch:20/50
 * Loss 0.149 | Train Acc 100.000
LR: 0.0008236416922695099
Epoch:21/50
 * Loss 0.153 | Train Acc 99.740
LR: 0.0008052318580853562
Epoch:22/50
 * Loss 0.149 | Train Acc 99.740
LR: 0.000786011058212706
Epoch:23/50
 * Loss 0.156 | Train Acc 99.479
LR: 0.0007659986503173616
Epoch:24/50
 * Loss 0.147 | Train Acc 99.740
LR: 0.0007452147893099667
Epoch:25/50
 * Loss 0.145 | Train Acc 99.479
LR: 0.0007236804070475787
Epoch:26/50
 * Loss 0.143 | Train Acc 99.740
LR: 0.0007014171912527616
Epoch:27/50
 * Loss 0.146 | Train Acc 99.740
LR: 0.0006784475636714309
Epoch:28/50
 * Loss 0.142 | Train Acc 99.740
LR: 0.0006547946574914495
Epoch:29/50
 * Loss 0.143 | Train Acc 99.740
LR: 0.0006304822940447137
Epoch:30/50
 * Loss 0.132 | Train Acc 100.000
LR: 0.0006055349588161974
Epoch:31/50
 * Loss 0.132 | Train Acc 100.000
LR: 0.0005799777767841123
Epoch:32/50
 * Loss 0.142 | Train Acc 99.740
LR: 0.0005538364871160218
Epoch:33/50
 * Loss 0.131 | Train Acc 100.000
LR: 0.0005271374172463922
Epoch:34/50
 * Loss 0.138 | Train Acc 99.740
LR: 0.0004999074563616878
Epoch:35/50
 * Loss 0.137 | Train Acc 99.740
LR: 0.0004721740283197138
Epoch:36/50
 * Loss 0.137 | Train Acc 99.479
LR: 0.00044396506403048214
Epoch:37/50
 * Loss 0.136 | Train Acc 99.740
LR: 0.0004153089733264112
Epoch:38/50
 * Loss 0.133 | Train Acc 99.740
LR: 0.00038623461635019685
Epoch:39/50
 * Loss 0.134 | Train Acc 99.740
LR: 0.000356771274489164
Epoch:40/50
 * Loss 0.134 | Train Acc 99.479
LR: 0.0003269486208853742
Epoch:41/50
 * Loss 0.128 | Train Acc 100.000
LR: 0.00029679669055119055
Epoch:42/50
 * Loss 0.135 | Train Acc 99.740
LR: 0.00026634585012039387
Epoch:43/50
 * Loss 0.133 | Train Acc 99.740
LR: 0.000235626767265316
Epoch:44/50
 * Loss 0.133 | Train Acc 99.740
LR: 0.0002046703798107928
Epoch:45/50
 * Loss 0.130 | Train Acc 99.740
LR: 0.00017350786457603917
Epoch:46/50
 * Loss 0.131 | Train Acc 99.479
LR: 0.0001421706059758278
Epoch:47/50
 * Loss 0.131 | Train Acc 99.740
LR: 0.00011069016441259591
Epoch:48/50
 * Loss 0.128 | Train Acc 100.000
LR: 7.909824449130957e-05
Epoch:49/50
 * Loss 0.130 | Train Acc 99.740
LR: 4.742666308909818e-05
Epoch:50/50
 * Loss 0.131 | Train Acc 99.740
=> Saving class model to: /shared/results/common/helm/IntervalActivationPromptCL/ImageNet_CR/30-task_dil_h100/coda-p/var0.1_out0.0001_drift0.1/models/repeat-2/task-14/
=> Save Done
validation split name: 1
 * Val Acc 64.700, Total time 6.61
validation split name: 2
 * Val Acc 67.008, Total time 2.19
validation split name: 3
 * Val Acc 77.233, Total time 6.66
validation split name: 4
 * Val Acc 58.952, Total time 5.07
validation split name: 5
 * Val Acc 77.467, Total time 6.62
validation split name: 6
 * Val Acc 71.622, Total time 3.01
validation split name: 7
 * Val Acc 74.367, Total time 6.62
validation split name: 8
 * Val Acc 62.273, Total time 1.38
validation split name: 9
 * Val Acc 78.067, Total time 6.71
validation split name: 10
 * Val Acc 54.938, Total time 1.21
validation split name: 11
 * Val Acc 86.967, Total time 6.67
validation split name: 12
 * Val Acc 74.046, Total time 1.07
validation split name: 13
 * Val Acc 93.567, Total time 6.66
validation split name: 14
 * Val Acc 70.940, Total time 0.97
Volume of the cumulative hypercube for 1-th layer in classification head: 3.6105191707611084
====================== 15 =======================
Optimizer is reset!
*****************************************
LR: 0.001
Epoch:1/50
 * Loss 0.317 | Train Acc 96.416
LR: 0.001
Epoch:2/50
 * Loss 0.132 | Train Acc 99.484
LR: 0.000999496439640115
Epoch:3/50
 * Loss 0.110 | Train Acc 99.771
LR: 0.0009979862657065323
Epoch:4/50
 * Loss 0.098 | Train Acc 99.900
LR: 0.0009954709991267107
Epoch:5/50
 * Loss 0.093 | Train Acc 99.928
LR: 0.0009919531730777384
Epoch:6/50
 * Loss 0.088 | Train Acc 99.971
LR: 0.000987436330435118
Epoch:7/50
 * Loss 0.088 | Train Acc 99.943
LR: 0.0009819250202046628
Epoch:8/50
 * Loss 0.083 | Train Acc 100.000
LR: 0.0009754247929410992
Epoch:9/50
 * Loss 0.082 | Train Acc 99.986
LR: 0.0009679421951579872
Epoch:10/50
 * Loss 0.081 | Train Acc 99.986
LR: 0.000959484762734592
Epoch:11/50
 * Loss 0.079 | Train Acc 100.000
LR: 0.0009500610133263432
Epoch:12/50
 * Loss 0.078 | Train Acc 100.000
LR: 0.0009396804377865279
Epoch:13/50
 * Loss 0.078 | Train Acc 99.986
LR: 0.0009283534906078554
Epoch:14/50
 * Loss 0.078 | Train Acc 99.971
LR: 0.0009160915793935209
Epoch:15/50
 * Loss 0.076 | Train Acc 100.000
LR: 0.0009029070533683724
Epoch:16/50
 * Loss 0.077 | Train Acc 99.971
LR: 0.0008888131909417503
Epoch:17/50
 * Loss 0.076 | Train Acc 100.000
LR: 0.0008738241863345259
Epoch:18/50
 * Loss 0.074 | Train Acc 100.000
LR: 0.0008579551352838078
Epoch:19/50
 * Loss 0.075 | Train Acc 99.957
LR: 0.0008412220198397124
Epoch:20/50
 * Loss 0.076 | Train Acc 99.957
LR: 0.0008236416922695099
Epoch:21/50
 * Loss 0.074 | Train Acc 99.986
LR: 0.0008052318580853562
Epoch:22/50
 * Loss 0.072 | Train Acc 100.000
LR: 0.000786011058212706
Epoch:23/50
 * Loss 0.071 | Train Acc 100.000
LR: 0.0007659986503173616
Epoch:24/50
 * Loss 0.072 | Train Acc 99.986
LR: 0.0007452147893099667
Epoch:25/50
 * Loss 0.071 | Train Acc 99.986
LR: 0.0007236804070475787
Epoch:26/50
 * Loss 0.069 | Train Acc 100.000
LR: 0.0007014171912527616
Epoch:27/50
 * Loss 0.068 | Train Acc 100.000
LR: 0.0006784475636714309
Epoch:28/50
 * Loss 0.067 | Train Acc 100.000
LR: 0.0006547946574914495
Epoch:29/50
 * Loss 0.068 | Train Acc 99.986
LR: 0.0006304822940447137
Epoch:30/50
 * Loss 0.067 | Train Acc 100.000
LR: 0.0006055349588161974
Epoch:31/50
 * Loss 0.066 | Train Acc 100.000
LR: 0.0005799777767841123
Epoch:32/50
 * Loss 0.065 | Train Acc 100.000
LR: 0.0005538364871160218
Epoch:33/50
 * Loss 0.065 | Train Acc 100.000
LR: 0.0005271374172463922
Epoch:34/50
 * Loss 0.065 | Train Acc 100.000
LR: 0.0004999074563616878
Epoch:35/50
 * Loss 0.065 | Train Acc 100.000
LR: 0.0004721740283197138
Epoch:36/50
 * Loss 0.064 | Train Acc 100.000
LR: 0.00044396506403048214
Epoch:37/50
 * Loss 0.063 | Train Acc 100.000
LR: 0.0004153089733264112
Epoch:38/50
 * Loss 0.063 | Train Acc 100.000
LR: 0.00038623461635019685
Epoch:39/50
 * Loss 0.063 | Train Acc 100.000
LR: 0.000356771274489164
Epoch:40/50
 * Loss 0.062 | Train Acc 100.000
LR: 0.0003269486208853742
Epoch:41/50
 * Loss 0.062 | Train Acc 100.000
LR: 0.00029679669055119055
Epoch:42/50
 * Loss 0.062 | Train Acc 100.000
LR: 0.00026634585012039387
Epoch:43/50
 * Loss 0.061 | Train Acc 100.000
LR: 0.000235626767265316
Epoch:44/50
 * Loss 0.061 | Train Acc 100.000
LR: 0.0002046703798107928
Epoch:45/50
 * Loss 0.061 | Train Acc 100.000
LR: 0.00017350786457603917
Epoch:46/50
 * Loss 0.061 | Train Acc 100.000
LR: 0.0001421706059758278
Epoch:47/50
 * Loss 0.060 | Train Acc 100.000
LR: 0.00011069016441259591
Epoch:48/50
 * Loss 0.060 | Train Acc 100.000
LR: 7.909824449130957e-05
Epoch:49/50
 * Loss 0.060 | Train Acc 100.000
LR: 4.742666308909818e-05
Epoch:50/50
 * Loss 0.059 | Train Acc 100.000
=> Saving class model to: /shared/results/common/helm/IntervalActivationPromptCL/ImageNet_CR/30-task_dil_h100/coda-p/var0.1_out0.0001_drift0.1/models/repeat-2/task-15/
=> Save Done
validation split name: 1
 * Val Acc 75.733, Total time 6.85
validation split name: 2
 * Val Acc 64.450, Total time 2.42
validation split name: 3
 * Val Acc 85.000, Total time 6.86
validation split name: 4
 * Val Acc 58.857, Total time 5.82
validation split name: 5
 * Val Acc 85.033, Total time 6.62
validation split name: 6
 * Val Acc 74.831, Total time 2.64
validation split name: 7
 * Val Acc 78.167, Total time 6.69
validation split name: 8
 * Val Acc 60.000, Total time 1.38
validation split name: 9
 * Val Acc 80.100, Total time 6.67
validation split name: 10
 * Val Acc 53.086, Total time 1.20
validation split name: 11
 * Val Acc 90.667, Total time 6.80
validation split name: 12
 * Val Acc 69.466, Total time 1.17
validation split name: 13
 * Val Acc 95.733, Total time 7.04
validation split name: 14
 * Val Acc 63.248, Total time 0.95
validation split name: 15
 * Val Acc 97.900, Total time 6.61
Volume of the cumulative hypercube for 1-th layer in classification head: 3.610576868057251
====================== 16 =======================
Optimizer is reset!
*****************************************
LR: 0.001
Epoch:1/50
 * Loss 2.104 | Train Acc 80.176
LR: 0.001
Epoch:2/50
 * Loss 1.346 | Train Acc 85.449
LR: 0.000999496439640115
Epoch:3/50
 * Loss 0.951 | Train Acc 89.062
LR: 0.0009979862657065323
Epoch:4/50
 * Loss 0.625 | Train Acc 93.555
LR: 0.0009954709991267107
Epoch:5/50
 * Loss 0.407 | Train Acc 96.729
LR: 0.0009919531730777384
Epoch:6/50
 * Loss 0.283 | Train Acc 98.291
LR: 0.000987436330435118
Epoch:7/50
 * Loss 0.218 | Train Acc 99.219
LR: 0.0009819250202046628
Epoch:8/50
 * Loss 0.189 | Train Acc 99.805
LR: 0.0009754247929410992
Epoch:9/50
 * Loss 0.173 | Train Acc 99.805
LR: 0.0009679421951579872
Epoch:10/50
 * Loss 0.170 | Train Acc 99.951
LR: 0.000959484762734592
Epoch:11/50
 * Loss 0.162 | Train Acc 99.951
LR: 0.0009500610133263432
Epoch:12/50
 * Loss 0.155 | Train Acc 100.000
LR: 0.0009396804377865279
Epoch:13/50
 * Loss 0.151 | Train Acc 100.000
LR: 0.0009283534906078554
Epoch:14/50
 * Loss 0.148 | Train Acc 100.000
LR: 0.0009160915793935209
Epoch:15/50
 * Loss 0.146 | Train Acc 100.000
LR: 0.0009029070533683724
Epoch:16/50
 * Loss 0.143 | Train Acc 100.000
LR: 0.0008888131909417503
Epoch:17/50
 * Loss 0.140 | Train Acc 100.000
LR: 0.0008738241863345259
Epoch:18/50
 * Loss 0.139 | Train Acc 100.000
LR: 0.0008579551352838078
Epoch:19/50
 * Loss 0.137 | Train Acc 100.000
LR: 0.0008412220198397124
Epoch:20/50
 * Loss 0.135 | Train Acc 100.000
LR: 0.0008236416922695099
Epoch:21/50
 * Loss 0.133 | Train Acc 100.000
LR: 0.0008052318580853562
Epoch:22/50
 * Loss 0.131 | Train Acc 100.000
LR: 0.000786011058212706
Epoch:23/50
 * Loss 0.130 | Train Acc 100.000
LR: 0.0007659986503173616
Epoch:24/50
 * Loss 0.128 | Train Acc 100.000
LR: 0.0007452147893099667
Epoch:25/50
 * Loss 0.127 | Train Acc 100.000
LR: 0.0007236804070475787
Epoch:26/50
 * Loss 0.126 | Train Acc 100.000
LR: 0.0007014171912527616
Epoch:27/50
 * Loss 0.125 | Train Acc 100.000
LR: 0.0006784475636714309
Epoch:28/50
 * Loss 0.124 | Train Acc 100.000
LR: 0.0006547946574914495
Epoch:29/50
 * Loss 0.123 | Train Acc 100.000
LR: 0.0006304822940447137
Epoch:30/50
 * Loss 0.122 | Train Acc 100.000
LR: 0.0006055349588161974
Epoch:31/50
 * Loss 0.120 | Train Acc 100.000
LR: 0.0005799777767841123
Epoch:32/50
 * Loss 0.120 | Train Acc 100.000
LR: 0.0005538364871160218
Epoch:33/50
 * Loss 0.119 | Train Acc 100.000
LR: 0.0005271374172463922
Epoch:34/50
 * Loss 0.118 | Train Acc 100.000
LR: 0.0004999074563616878
Epoch:35/50
 * Loss 0.117 | Train Acc 100.000
LR: 0.0004721740283197138
Epoch:36/50
 * Loss 0.117 | Train Acc 100.000
LR: 0.00044396506403048214
Epoch:37/50
 * Loss 0.115 | Train Acc 100.000
LR: 0.0004153089733264112
Epoch:38/50
 * Loss 0.115 | Train Acc 100.000
LR: 0.00038623461635019685
Epoch:39/50
 * Loss 0.114 | Train Acc 100.000
LR: 0.000356771274489164
Epoch:40/50
 * Loss 0.114 | Train Acc 100.000
LR: 0.0003269486208853742
Epoch:41/50
 * Loss 0.113 | Train Acc 100.000
LR: 0.00029679669055119055
Epoch:42/50
 * Loss 0.113 | Train Acc 100.000
LR: 0.00026634585012039387
Epoch:43/50
 * Loss 0.113 | Train Acc 100.000
LR: 0.000235626767265316
Epoch:44/50
 * Loss 0.112 | Train Acc 100.000
LR: 0.0002046703798107928
Epoch:45/50
 * Loss 0.112 | Train Acc 100.000
LR: 0.00017350786457603917
Epoch:46/50
 * Loss 0.111 | Train Acc 100.000
LR: 0.0001421706059758278
Epoch:47/50
 * Loss 0.111 | Train Acc 100.000
LR: 0.00011069016441259591
Epoch:48/50
 * Loss 0.111 | Train Acc 100.000
LR: 7.909824449130957e-05
Epoch:49/50
 * Loss 0.111 | Train Acc 100.000
LR: 4.742666308909818e-05
Epoch:50/50
 * Loss 0.110 | Train Acc 100.000
=> Saving class model to: /shared/results/common/helm/IntervalActivationPromptCL/ImageNet_CR/30-task_dil_h100/coda-p/var0.1_out0.0001_drift0.1/models/repeat-2/task-16/
=> Save Done
validation split name: 1
 * Val Acc 71.267, Total time 6.60
validation split name: 2
 * Val Acc 73.146, Total time 2.15
validation split name: 3
 * Val Acc 79.967, Total time 6.80
validation split name: 4
 * Val Acc 64.857, Total time 4.71
validation split name: 5
 * Val Acc 80.267, Total time 6.65
validation split name: 6
 * Val Acc 72.973, Total time 2.81
validation split name: 7
 * Val Acc 74.267, Total time 6.75
validation split name: 8
 * Val Acc 67.273, Total time 1.36
validation split name: 9
 * Val Acc 75.000, Total time 6.66
validation split name: 10
 * Val Acc 58.642, Total time 1.21
validation split name: 11
 * Val Acc 85.633, Total time 6.79
validation split name: 12
 * Val Acc 76.336, Total time 1.07
validation split name: 13
 * Val Acc 93.833, Total time 6.73
validation split name: 14
 * Val Acc 71.795, Total time 1.12
validation split name: 15
 * Val Acc 95.500, Total time 6.58
validation split name: 16
 * Val Acc 83.887, Total time 4.00
Volume of the cumulative hypercube for 1-th layer in classification head: 3.6116936206817627
====================== 17 =======================
Optimizer is reset!
*****************************************
LR: 0.001
Epoch:1/50
 * Loss 0.644 | Train Acc 92.474
LR: 0.001
Epoch:2/50
 * Loss 0.246 | Train Acc 97.706
LR: 0.000999496439640115
Epoch:3/50
 * Loss 0.170 | Train Acc 99.054
LR: 0.0009979862657065323
Epoch:4/50
 * Loss 0.139 | Train Acc 99.556
LR: 0.0009954709991267107
Epoch:5/50
 * Loss 0.131 | Train Acc 99.627
LR: 0.0009919531730777384
Epoch:6/50
 * Loss 0.121 | Train Acc 99.857
LR: 0.000987436330435118
Epoch:7/50
 * Loss 0.111 | Train Acc 99.943
LR: 0.0009819250202046628
Epoch:8/50
 * Loss 0.109 | Train Acc 99.928
LR: 0.0009754247929410992
Epoch:9/50
 * Loss 0.106 | Train Acc 99.943
LR: 0.0009679421951579872
Epoch:10/50
 * Loss 0.101 | Train Acc 99.957
LR: 0.000959484762734592
Epoch:11/50
 * Loss 0.101 | Train Acc 99.943
LR: 0.0009500610133263432
Epoch:12/50
 * Loss 0.099 | Train Acc 99.928
LR: 0.0009396804377865279
Epoch:13/50
 * Loss 0.096 | Train Acc 99.971
LR: 0.0009283534906078554
Epoch:14/50
 * Loss 0.096 | Train Acc 99.971
LR: 0.0009160915793935209
Epoch:15/50
 * Loss 0.097 | Train Acc 99.971
LR: 0.0009029070533683724
Epoch:16/50
 * Loss 0.093 | Train Acc 99.957
LR: 0.0008888131909417503
Epoch:17/50
 * Loss 0.093 | Train Acc 99.957
LR: 0.0008738241863345259
Epoch:18/50
 * Loss 0.094 | Train Acc 99.885
LR: 0.0008579551352838078
Epoch:19/50
 * Loss 0.092 | Train Acc 99.971
LR: 0.0008412220198397124
Epoch:20/50
 * Loss 0.088 | Train Acc 100.000
LR: 0.0008236416922695099
Epoch:21/50
 * Loss 0.088 | Train Acc 99.986
LR: 0.0008052318580853562
Epoch:22/50
 * Loss 0.085 | Train Acc 100.000
LR: 0.000786011058212706
Epoch:23/50
 * Loss 0.083 | Train Acc 100.000
LR: 0.0007659986503173616
Epoch:24/50
 * Loss 0.084 | Train Acc 100.000
LR: 0.0007452147893099667
Epoch:25/50
 * Loss 0.083 | Train Acc 100.000
LR: 0.0007236804070475787
Epoch:26/50
 * Loss 0.084 | Train Acc 99.957
LR: 0.0007014171912527616
Epoch:27/50
 * Loss 0.083 | Train Acc 99.971
LR: 0.0006784475636714309
Epoch:28/50
 * Loss 0.081 | Train Acc 99.986
LR: 0.0006547946574914495
Epoch:29/50
 * Loss 0.080 | Train Acc 100.000
LR: 0.0006304822940447137
Epoch:30/50
 * Loss 0.081 | Train Acc 99.957
LR: 0.0006055349588161974
Epoch:31/50
 * Loss 0.078 | Train Acc 100.000
LR: 0.0005799777767841123
Epoch:32/50
 * Loss 0.078 | Train Acc 100.000
LR: 0.0005538364871160218
Epoch:33/50
 * Loss 0.077 | Train Acc 100.000
LR: 0.0005271374172463922
Epoch:34/50
 * Loss 0.077 | Train Acc 100.000
LR: 0.0004999074563616878
Epoch:35/50
 * Loss 0.077 | Train Acc 100.000
LR: 0.0004721740283197138
Epoch:36/50
 * Loss 0.076 | Train Acc 100.000
LR: 0.00044396506403048214
Epoch:37/50
 * Loss 0.074 | Train Acc 100.000
LR: 0.0004153089733264112
Epoch:38/50
 * Loss 0.074 | Train Acc 100.000
LR: 0.00038623461635019685
Epoch:39/50
 * Loss 0.074 | Train Acc 100.000
LR: 0.000356771274489164
Epoch:40/50
 * Loss 0.073 | Train Acc 100.000
LR: 0.0003269486208853742
Epoch:41/50
 * Loss 0.073 | Train Acc 100.000
LR: 0.00029679669055119055
Epoch:42/50
 * Loss 0.072 | Train Acc 100.000
LR: 0.00026634585012039387
Epoch:43/50
 * Loss 0.072 | Train Acc 100.000
LR: 0.000235626767265316
Epoch:44/50
 * Loss 0.071 | Train Acc 100.000
LR: 0.0002046703798107928
Epoch:45/50
 * Loss 0.071 | Train Acc 100.000
LR: 0.00017350786457603917
Epoch:46/50
 * Loss 0.070 | Train Acc 100.000
LR: 0.0001421706059758278
Epoch:47/50
 * Loss 0.070 | Train Acc 100.000
LR: 0.00011069016441259591
Epoch:48/50
 * Loss 0.070 | Train Acc 100.000
LR: 7.909824449130957e-05
Epoch:49/50
 * Loss 0.069 | Train Acc 100.000
LR: 4.742666308909818e-05
Epoch:50/50
 * Loss 0.069 | Train Acc 100.000
=> Saving class model to: /shared/results/common/helm/IntervalActivationPromptCL/ImageNet_CR/30-task_dil_h100/coda-p/var0.1_out0.0001_drift0.1/models/repeat-2/task-17/
=> Save Done
validation split name: 1
 * Val Acc 71.467, Total time 6.96
validation split name: 2
 * Val Acc 69.054, Total time 2.33
validation split name: 3
 * Val Acc 83.700, Total time 6.62
validation split name: 4
 * Val Acc 60.381, Total time 4.56
validation split name: 5
 * Val Acc 82.800, Total time 6.65
validation split name: 6
 * Val Acc 72.973, Total time 2.43
validation split name: 7
 * Val Acc 74.433, Total time 6.63
validation split name: 8
 * Val Acc 59.545, Total time 1.41
validation split name: 9
 * Val Acc 76.800, Total time 6.62
validation split name: 10
 * Val Acc 51.235, Total time 1.27
validation split name: 11
 * Val Acc 90.567, Total time 6.66
validation split name: 12
 * Val Acc 68.702, Total time 1.07
validation split name: 13
 * Val Acc 95.200, Total time 6.65
validation split name: 14
 * Val Acc 62.393, Total time 0.98
validation split name: 15
 * Val Acc 97.467, Total time 6.57
validation split name: 16
 * Val Acc 80.818, Total time 4.24
validation split name: 17
 * Val Acc 96.600, Total time 6.64
Volume of the cumulative hypercube for 1-th layer in classification head: 3.612330436706543
====================== 18 =======================
Optimizer is reset!
*****************************************
LR: 0.001
Epoch:1/50
 * Loss 3.023 | Train Acc 69.023
LR: 0.001
Epoch:2/50
 * Loss 2.031 | Train Acc 76.885
LR: 0.000999496439640115
Epoch:3/50
 * Loss 1.512 | Train Acc 82.366
LR: 0.0009979862657065323
Epoch:4/50
 * Loss 1.111 | Train Acc 86.954
LR: 0.0009954709991267107
Epoch:5/50
 * Loss 0.825 | Train Acc 90.774
LR: 0.0009919531730777384
Epoch:6/50
 * Loss 0.651 | Train Acc 93.428
LR: 0.000987436330435118
Epoch:7/50
 * Loss 0.503 | Train Acc 96.255
LR: 0.0009819250202046628
Epoch:8/50
 * Loss 0.443 | Train Acc 97.073
LR: 0.0009754247929410992
Epoch:9/50
 * Loss 0.381 | Train Acc 98.264
LR: 0.0009679421951579872
Epoch:10/50
 * Loss 0.342 | Train Acc 99.107
LR: 0.000959484762734592
Epoch:11/50
 * Loss 0.323 | Train Acc 99.256
LR: 0.0009500610133263432
Epoch:12/50
 * Loss 0.299 | Train Acc 99.554
LR: 0.0009396804377865279
Epoch:13/50
 * Loss 0.290 | Train Acc 99.578
LR: 0.0009283534906078554
Epoch:14/50
 * Loss 0.280 | Train Acc 99.727
LR: 0.0009160915793935209
Epoch:15/50
 * Loss 0.275 | Train Acc 99.752
LR: 0.0009029070533683724
Epoch:16/50
 * Loss 0.266 | Train Acc 99.727
LR: 0.0008888131909417503
Epoch:17/50
 * Loss 0.263 | Train Acc 99.777
LR: 0.0008738241863345259
Epoch:18/50
 * Loss 0.256 | Train Acc 99.876
LR: 0.0008579551352838078
Epoch:19/50
 * Loss 0.250 | Train Acc 99.876
LR: 0.0008412220198397124
Epoch:20/50
 * Loss 0.247 | Train Acc 99.876
LR: 0.0008236416922695099
Epoch:21/50
 * Loss 0.243 | Train Acc 99.950
LR: 0.0008052318580853562
Epoch:22/50
 * Loss 0.239 | Train Acc 99.950
LR: 0.000786011058212706
Epoch:23/50
 * Loss 0.236 | Train Acc 99.926
LR: 0.0007659986503173616
Epoch:24/50
 * Loss 0.232 | Train Acc 99.950
LR: 0.0007452147893099667
Epoch:25/50
 * Loss 0.230 | Train Acc 99.950
LR: 0.0007236804070475787
Epoch:26/50
 * Loss 0.228 | Train Acc 99.901
LR: 0.0007014171912527616
Epoch:27/50
 * Loss 0.226 | Train Acc 99.926
LR: 0.0006784475636714309
Epoch:28/50
 * Loss 0.223 | Train Acc 99.926
LR: 0.0006547946574914495
Epoch:29/50
 * Loss 0.220 | Train Acc 99.950
LR: 0.0006304822940447137
Epoch:30/50
 * Loss 0.218 | Train Acc 99.926
LR: 0.0006055349588161974
Epoch:31/50
 * Loss 0.216 | Train Acc 99.926
LR: 0.0005799777767841123
Epoch:32/50
 * Loss 0.214 | Train Acc 99.926
LR: 0.0005538364871160218
Epoch:33/50
 * Loss 0.213 | Train Acc 99.950
LR: 0.0005271374172463922
Epoch:34/50
 * Loss 0.209 | Train Acc 99.901
LR: 0.0004999074563616878
Epoch:35/50
 * Loss 0.207 | Train Acc 99.950
LR: 0.0004721740283197138
Epoch:36/50
 * Loss 0.207 | Train Acc 99.926
LR: 0.00044396506403048214
Epoch:37/50
 * Loss 0.206 | Train Acc 99.926
LR: 0.0004153089733264112
Epoch:38/50
 * Loss 0.203 | Train Acc 99.926
LR: 0.00038623461635019685
Epoch:39/50
 * Loss 0.202 | Train Acc 99.950
LR: 0.000356771274489164
Epoch:40/50
 * Loss 0.200 | Train Acc 99.950
LR: 0.0003269486208853742
Epoch:41/50
 * Loss 0.199 | Train Acc 99.926
LR: 0.00029679669055119055
Epoch:42/50
 * Loss 0.198 | Train Acc 99.950
LR: 0.00026634585012039387
Epoch:43/50
 * Loss 0.197 | Train Acc 99.926
LR: 0.000235626767265316
Epoch:44/50
 * Loss 0.196 | Train Acc 99.950
LR: 0.0002046703798107928
Epoch:45/50
 * Loss 0.195 | Train Acc 99.950
LR: 0.00017350786457603917
Epoch:46/50
 * Loss 0.194 | Train Acc 99.950
LR: 0.0001421706059758278
Epoch:47/50
 * Loss 0.193 | Train Acc 99.950
LR: 0.00011069016441259591
Epoch:48/50
 * Loss 0.192 | Train Acc 99.950
LR: 7.909824449130957e-05
Epoch:49/50
 * Loss 0.192 | Train Acc 99.950
LR: 4.742666308909818e-05
Epoch:50/50
 * Loss 0.190 | Train Acc 99.950
=> Saving class model to: /shared/results/common/helm/IntervalActivationPromptCL/ImageNet_CR/30-task_dil_h100/coda-p/var0.1_out0.0001_drift0.1/models/repeat-2/task-18/
=> Save Done
validation split name: 1
 * Val Acc 67.933, Total time 6.66
validation split name: 2
 * Val Acc 65.217, Total time 2.61
validation split name: 3
 * Val Acc 76.600, Total time 6.64
validation split name: 4
 * Val Acc 53.333, Total time 5.18
validation split name: 5
 * Val Acc 74.333, Total time 6.62
validation split name: 6
 * Val Acc 72.804, Total time 2.82
validation split name: 7
 * Val Acc 67.700, Total time 6.77
validation split name: 8
 * Val Acc 56.818, Total time 1.28
validation split name: 9
 * Val Acc 70.700, Total time 6.58
validation split name: 10
 * Val Acc 58.025, Total time 1.23
validation split name: 11
 * Val Acc 81.300, Total time 6.57
validation split name: 12
 * Val Acc 70.992, Total time 1.03
validation split name: 13
 * Val Acc 92.833, Total time 6.70
validation split name: 14
 * Val Acc 56.410, Total time 1.00
validation split name: 15
 * Val Acc 93.000, Total time 6.61
validation split name: 16
 * Val Acc 76.598, Total time 3.76
validation split name: 17
 * Val Acc 89.333, Total time 6.68
validation split name: 18
 * Val Acc 81.032, Total time 7.84
Volume of the cumulative hypercube for 1-th layer in classification head: 3.623664617538452
====================== 19 =======================
Optimizer is reset!
*****************************************
LR: 0.001
Epoch:1/50
 * Loss 0.839 | Train Acc 90.396
LR: 0.001
Epoch:2/50
 * Loss 0.355 | Train Acc 96.173
LR: 0.000999496439640115
Epoch:3/50
 * Loss 0.225 | Train Acc 98.323
LR: 0.0009979862657065323
Epoch:4/50
 * Loss 0.193 | Train Acc 98.896
LR: 0.0009954709991267107
Epoch:5/50
 * Loss 0.164 | Train Acc 99.470
LR: 0.0009919531730777384
Epoch:6/50
 * Loss 0.151 | Train Acc 99.613
LR: 0.000987436330435118
Epoch:7/50
 * Loss 0.140 | Train Acc 99.728
LR: 0.0009819250202046628
Epoch:8/50
 * Loss 0.134 | Train Acc 99.828
LR: 0.0009754247929410992
Epoch:9/50
 * Loss 0.127 | Train Acc 99.900
LR: 0.0009679421951579872
Epoch:10/50
 * Loss 0.127 | Train Acc 99.885
LR: 0.000959484762734592
Epoch:11/50
 * Loss 0.124 | Train Acc 99.871
LR: 0.0009500610133263432
Epoch:12/50
 * Loss 0.119 | Train Acc 99.914
LR: 0.0009396804377865279
Epoch:13/50
 * Loss 0.118 | Train Acc 99.957
LR: 0.0009283534906078554
Epoch:14/50
 * Loss 0.114 | Train Acc 99.986
LR: 0.0009160915793935209
Epoch:15/50
 * Loss 0.111 | Train Acc 99.986
LR: 0.0009029070533683724
Epoch:16/50
 * Loss 0.108 | Train Acc 99.986
LR: 0.0008888131909417503
Epoch:17/50
 * Loss 0.107 | Train Acc 99.986
LR: 0.0008738241863345259
Epoch:18/50
 * Loss 0.106 | Train Acc 99.957
LR: 0.0008579551352838078
Epoch:19/50
 * Loss 0.107 | Train Acc 99.957
LR: 0.0008412220198397124
Epoch:20/50
 * Loss 0.108 | Train Acc 99.957
LR: 0.0008236416922695099
Epoch:21/50
 * Loss 0.105 | Train Acc 99.971
LR: 0.0008052318580853562
Epoch:22/50
 * Loss 0.101 | Train Acc 99.986
LR: 0.000786011058212706
Epoch:23/50
 * Loss 0.100 | Train Acc 100.000
LR: 0.0007659986503173616
Epoch:24/50
 * Loss 0.099 | Train Acc 100.000
LR: 0.0007452147893099667
Epoch:25/50
 * Loss 0.099 | Train Acc 99.986
LR: 0.0007236804070475787
Epoch:26/50
 * Loss 0.098 | Train Acc 100.000
LR: 0.0007014171912527616
Epoch:27/50
 * Loss 0.097 | Train Acc 99.957
LR: 0.0006784475636714309
Epoch:28/50
 * Loss 0.096 | Train Acc 100.000
LR: 0.0006547946574914495
Epoch:29/50
 * Loss 0.095 | Train Acc 99.986
LR: 0.0006304822940447137
Epoch:30/50
 * Loss 0.093 | Train Acc 99.986
LR: 0.0006055349588161974
Epoch:31/50
 * Loss 0.092 | Train Acc 100.000
LR: 0.0005799777767841123
Epoch:32/50
 * Loss 0.091 | Train Acc 100.000
LR: 0.0005538364871160218
Epoch:33/50
 * Loss 0.090 | Train Acc 100.000
LR: 0.0005271374172463922
Epoch:34/50
 * Loss 0.089 | Train Acc 100.000
LR: 0.0004999074563616878
Epoch:35/50
 * Loss 0.089 | Train Acc 100.000
LR: 0.0004721740283197138
Epoch:36/50
 * Loss 0.089 | Train Acc 100.000
LR: 0.00044396506403048214
Epoch:37/50
 * Loss 0.088 | Train Acc 100.000
LR: 0.0004153089733264112
Epoch:38/50
 * Loss 0.087 | Train Acc 100.000
LR: 0.00038623461635019685
Epoch:39/50
 * Loss 0.086 | Train Acc 100.000
LR: 0.000356771274489164
Epoch:40/50
 * Loss 0.086 | Train Acc 100.000
LR: 0.0003269486208853742
Epoch:41/50
 * Loss 0.085 | Train Acc 100.000
LR: 0.00029679669055119055
Epoch:42/50
 * Loss 0.085 | Train Acc 100.000
LR: 0.00026634585012039387
Epoch:43/50
 * Loss 0.084 | Train Acc 100.000
LR: 0.000235626767265316
Epoch:44/50
 * Loss 0.084 | Train Acc 100.000
LR: 0.0002046703798107928
Epoch:45/50
 * Loss 0.083 | Train Acc 100.000
LR: 0.00017350786457603917
Epoch:46/50
 * Loss 0.083 | Train Acc 100.000
LR: 0.0001421706059758278
Epoch:47/50
 * Loss 0.082 | Train Acc 100.000
LR: 0.00011069016441259591
Epoch:48/50
 * Loss 0.082 | Train Acc 100.000
LR: 7.909824449130957e-05
Epoch:49/50
 * Loss 0.081 | Train Acc 100.000
LR: 4.742666308909818e-05
Epoch:50/50
 * Loss 0.081 | Train Acc 100.000
=> Saving class model to: /shared/results/common/helm/IntervalActivationPromptCL/ImageNet_CR/30-task_dil_h100/coda-p/var0.1_out0.0001_drift0.1/models/repeat-2/task-19/
=> Save Done
validation split name: 1
 * Val Acc 68.400, Total time 6.65
validation split name: 2
 * Val Acc 68.286, Total time 2.19
validation split name: 3
 * Val Acc 79.633, Total time 7.30
validation split name: 4
 * Val Acc 57.143, Total time 5.26
validation split name: 5
 * Val Acc 76.667, Total time 6.69
validation split name: 6
 * Val Acc 72.973, Total time 2.56
validation split name: 7
 * Val Acc 69.333, Total time 6.70
validation split name: 8
 * Val Acc 57.727, Total time 1.36
validation split name: 9
 * Val Acc 72.033, Total time 6.61
validation split name: 10
 * Val Acc 56.173, Total time 1.13
validation split name: 11
 * Val Acc 87.500, Total time 6.60
validation split name: 12
 * Val Acc 70.229, Total time 1.05
validation split name: 13
 * Val Acc 95.567, Total time 6.62
validation split name: 14
 * Val Acc 63.248, Total time 0.94
validation split name: 15
 * Val Acc 95.733, Total time 6.64
validation split name: 16
 * Val Acc 78.133, Total time 3.76
validation split name: 17
 * Val Acc 93.700, Total time 6.75
validation split name: 18
 * Val Acc 73.134, Total time 7.31
validation split name: 19
 * Val Acc 94.267, Total time 6.91
Volume of the cumulative hypercube for 1-th layer in classification head: 3.6243197917938232
====================== 20 =======================
Optimizer is reset!
*****************************************
LR: 0.001
Epoch:1/50
 * Loss 4.791 | Train Acc 58.333
LR: 0.001
Epoch:2/50
 * Loss 3.189 | Train Acc 69.271
LR: 0.000999496439640115
Epoch:3/50
 * Loss 2.395 | Train Acc 72.656
LR: 0.0009979862657065323
Epoch:4/50
 * Loss 1.962 | Train Acc 76.562
LR: 0.0009954709991267107
Epoch:5/50
 * Loss 1.594 | Train Acc 82.812
LR: 0.0009919531730777384
Epoch:6/50
 * Loss 1.315 | Train Acc 84.375
LR: 0.000987436330435118
Epoch:7/50
 * Loss 1.021 | Train Acc 88.021
LR: 0.0009819250202046628
Epoch:8/50
 * Loss 0.802 | Train Acc 91.667
LR: 0.0009754247929410992
Epoch:9/50
 * Loss 0.602 | Train Acc 94.271
LR: 0.0009679421951579872
Epoch:10/50
 * Loss 0.492 | Train Acc 96.094
LR: 0.000959484762734592
Epoch:11/50
 * Loss 0.363 | Train Acc 98.177
LR: 0.0009500610133263432
Epoch:12/50
 * Loss 0.303 | Train Acc 99.219
LR: 0.0009396804377865279
Epoch:13/50
 * Loss 0.247 | Train Acc 99.740
LR: 0.0009283534906078554
Epoch:14/50
 * Loss 0.207 | Train Acc 99.740
LR: 0.0009160915793935209
Epoch:15/50
 * Loss 0.187 | Train Acc 99.740
LR: 0.0009029070533683724
Epoch:16/50
 * Loss 0.169 | Train Acc 100.000
LR: 0.0008888131909417503
Epoch:17/50
 * Loss 0.162 | Train Acc 100.000
LR: 0.0008738241863345259
Epoch:18/50
 * Loss 0.162 | Train Acc 100.000
LR: 0.0008579551352838078
Epoch:19/50
 * Loss 0.151 | Train Acc 100.000
LR: 0.0008412220198397124
Epoch:20/50
 * Loss 0.154 | Train Acc 100.000
LR: 0.0008236416922695099
Epoch:21/50
 * Loss 0.148 | Train Acc 100.000
LR: 0.0008052318580853562
Epoch:22/50
 * Loss 0.148 | Train Acc 100.000
LR: 0.000786011058212706
Epoch:23/50
 * Loss 0.142 | Train Acc 100.000
LR: 0.0007659986503173616
Epoch:24/50
 * Loss 0.143 | Train Acc 100.000
LR: 0.0007452147893099667
Epoch:25/50
 * Loss 0.141 | Train Acc 100.000
LR: 0.0007236804070475787
Epoch:26/50
 * Loss 0.137 | Train Acc 100.000
LR: 0.0007014171912527616
Epoch:27/50
 * Loss 0.139 | Train Acc 100.000
LR: 0.0006784475636714309
Epoch:28/50
 * Loss 0.136 | Train Acc 100.000
LR: 0.0006547946574914495
Epoch:29/50
 * Loss 0.136 | Train Acc 100.000
LR: 0.0006304822940447137
Epoch:30/50
 * Loss 0.134 | Train Acc 100.000
LR: 0.0006055349588161974
Epoch:31/50
 * Loss 0.133 | Train Acc 100.000
LR: 0.0005799777767841123
Epoch:32/50
 * Loss 0.132 | Train Acc 100.000
LR: 0.0005538364871160218
Epoch:33/50
 * Loss 0.132 | Train Acc 100.000
LR: 0.0005271374172463922
Epoch:34/50
 * Loss 0.132 | Train Acc 100.000
LR: 0.0004999074563616878
Epoch:35/50
 * Loss 0.130 | Train Acc 100.000
LR: 0.0004721740283197138
Epoch:36/50
 * Loss 0.131 | Train Acc 100.000
LR: 0.00044396506403048214
Epoch:37/50
 * Loss 0.129 | Train Acc 100.000
LR: 0.0004153089733264112
Epoch:38/50
 * Loss 0.128 | Train Acc 100.000
LR: 0.00038623461635019685
Epoch:39/50
 * Loss 0.128 | Train Acc 100.000
LR: 0.000356771274489164
Epoch:40/50
 * Loss 0.128 | Train Acc 100.000
LR: 0.0003269486208853742
Epoch:41/50
 * Loss 0.129 | Train Acc 100.000
LR: 0.00029679669055119055
Epoch:42/50
 * Loss 0.127 | Train Acc 100.000
LR: 0.00026634585012039387
Epoch:43/50
 * Loss 0.126 | Train Acc 100.000
LR: 0.000235626767265316
Epoch:44/50
 * Loss 0.127 | Train Acc 100.000
LR: 0.0002046703798107928
Epoch:45/50
 * Loss 0.126 | Train Acc 100.000
LR: 0.00017350786457603917
Epoch:46/50
 * Loss 0.125 | Train Acc 100.000
LR: 0.0001421706059758278
Epoch:47/50
 * Loss 0.125 | Train Acc 100.000
LR: 0.00011069016441259591
Epoch:48/50
 * Loss 0.126 | Train Acc 100.000
LR: 7.909824449130957e-05
Epoch:49/50
 * Loss 0.126 | Train Acc 100.000
LR: 4.742666308909818e-05
Epoch:50/50
 * Loss 0.126 | Train Acc 100.000
=> Saving class model to: /shared/results/common/helm/IntervalActivationPromptCL/ImageNet_CR/30-task_dil_h100/coda-p/var0.1_out0.0001_drift0.1/models/repeat-2/task-20/
=> Save Done
validation split name: 1
 * Val Acc 59.833, Total time 6.65
validation split name: 2
 * Val Acc 66.496, Total time 2.30
validation split name: 3
 * Val Acc 74.800, Total time 6.59
validation split name: 4
 * Val Acc 62.190, Total time 4.70
validation split name: 5
 * Val Acc 73.567, Total time 6.75
validation split name: 6
 * Val Acc 72.297, Total time 2.53
validation split name: 7
 * Val Acc 66.300, Total time 6.65
validation split name: 8
 * Val Acc 65.455, Total time 1.37
validation split name: 9
 * Val Acc 68.600, Total time 6.76
validation split name: 10
 * Val Acc 62.963, Total time 1.28
validation split name: 11
 * Val Acc 82.500, Total time 6.87
validation split name: 12
 * Val Acc 73.282, Total time 1.05
validation split name: 13
 * Val Acc 93.067, Total time 6.84
validation split name: 14
 * Val Acc 67.521, Total time 0.92
validation split name: 15
 * Val Acc 93.633, Total time 6.63
validation split name: 16
 * Val Acc 80.435, Total time 4.07
validation split name: 17
 * Val Acc 91.700, Total time 6.65
validation split name: 18
 * Val Acc 62.002, Total time 7.15
validation split name: 19
 * Val Acc 91.700, Total time 7.23
validation split name: 20
 * Val Acc 69.072, Total time 0.79
Volume of the cumulative hypercube for 1-th layer in classification head: 3.627023696899414
====================== 21 =======================
Optimizer is reset!
*****************************************
LR: 0.001
Epoch:1/50
 * Loss 1.001 | Train Acc 88.102
LR: 0.001
Epoch:2/50
 * Loss 0.504 | Train Acc 94.280
LR: 0.000999496439640115
Epoch:3/50
 * Loss 0.339 | Train Acc 96.775
LR: 0.0009979862657065323
Epoch:4/50
 * Loss 0.253 | Train Acc 98.366
LR: 0.0009954709991267107
Epoch:5/50
 * Loss 0.208 | Train Acc 99.054
LR: 0.0009919531730777384
Epoch:6/50
 * Loss 0.188 | Train Acc 99.441
LR: 0.000987436330435118
Epoch:7/50
 * Loss 0.174 | Train Acc 99.656
LR: 0.0009819250202046628
Epoch:8/50
 * Loss 0.163 | Train Acc 99.756
LR: 0.0009754247929410992
Epoch:9/50
 * Loss 0.159 | Train Acc 99.799
LR: 0.0009679421951579872
Epoch:10/50
 * Loss 0.155 | Train Acc 99.871
LR: 0.000959484762734592
Epoch:11/50
 * Loss 0.149 | Train Acc 99.885
LR: 0.0009500610133263432
Epoch:12/50
 * Loss 0.145 | Train Acc 99.928
LR: 0.0009396804377865279
Epoch:13/50
 * Loss 0.141 | Train Acc 99.957
LR: 0.0009283534906078554
Epoch:14/50
 * Loss 0.137 | Train Acc 99.957
LR: 0.0009160915793935209
Epoch:15/50
 * Loss 0.134 | Train Acc 99.957
LR: 0.0009029070533683724
Epoch:16/50
 * Loss 0.137 | Train Acc 99.943
LR: 0.0008888131909417503
Epoch:17/50
 * Loss 0.131 | Train Acc 99.986
LR: 0.0008738241863345259
Epoch:18/50
 * Loss 0.128 | Train Acc 99.957
LR: 0.0008579551352838078
Epoch:19/50
 * Loss 0.129 | Train Acc 99.914
LR: 0.0008412220198397124
Epoch:20/50
 * Loss 0.126 | Train Acc 99.885
LR: 0.0008236416922695099
Epoch:21/50
 * Loss 0.126 | Train Acc 99.943
LR: 0.0008052318580853562
Epoch:22/50
 * Loss 0.123 | Train Acc 100.000
LR: 0.000786011058212706
Epoch:23/50
 * Loss 0.122 | Train Acc 99.943
LR: 0.0007659986503173616
Epoch:24/50
 * Loss 0.123 | Train Acc 99.943
LR: 0.0007452147893099667
Epoch:25/50
 * Loss 0.121 | Train Acc 99.986
LR: 0.0007236804070475787
Epoch:26/50
 * Loss 0.119 | Train Acc 99.957
LR: 0.0007014171912527616
Epoch:27/50
 * Loss 0.117 | Train Acc 99.971
LR: 0.0006784475636714309
Epoch:28/50
 * Loss 0.116 | Train Acc 100.000
LR: 0.0006547946574914495
Epoch:29/50
 * Loss 0.112 | Train Acc 100.000
LR: 0.0006304822940447137
Epoch:30/50
 * Loss 0.111 | Train Acc 100.000
LR: 0.0006055349588161974
Epoch:31/50
 * Loss 0.111 | Train Acc 100.000
LR: 0.0005799777767841123
Epoch:32/50
 * Loss 0.111 | Train Acc 100.000
LR: 0.0005538364871160218
Epoch:33/50
 * Loss 0.108 | Train Acc 100.000
LR: 0.0005271374172463922
Epoch:34/50
 * Loss 0.107 | Train Acc 100.000
LR: 0.0004999074563616878
Epoch:35/50
 * Loss 0.106 | Train Acc 100.000
LR: 0.0004721740283197138
Epoch:36/50
 * Loss 0.105 | Train Acc 100.000
LR: 0.00044396506403048214
Epoch:37/50
 * Loss 0.104 | Train Acc 100.000
LR: 0.0004153089733264112
Epoch:38/50
 * Loss 0.103 | Train Acc 99.986
LR: 0.00038623461635019685
Epoch:39/50
 * Loss 0.102 | Train Acc 100.000
LR: 0.000356771274489164
Epoch:40/50
 * Loss 0.101 | Train Acc 100.000
LR: 0.0003269486208853742
Epoch:41/50
 * Loss 0.100 | Train Acc 100.000
LR: 0.00029679669055119055
Epoch:42/50
 * Loss 0.100 | Train Acc 100.000
LR: 0.00026634585012039387
Epoch:43/50
 * Loss 0.099 | Train Acc 100.000
LR: 0.000235626767265316
Epoch:44/50
 * Loss 0.098 | Train Acc 100.000
LR: 0.0002046703798107928
Epoch:45/50
 * Loss 0.097 | Train Acc 100.000
LR: 0.00017350786457603917
Epoch:46/50
 * Loss 0.096 | Train Acc 100.000
LR: 0.0001421706059758278
Epoch:47/50
 * Loss 0.096 | Train Acc 100.000
LR: 0.00011069016441259591
Epoch:48/50
 * Loss 0.095 | Train Acc 100.000
LR: 7.909824449130957e-05
Epoch:49/50
 * Loss 0.095 | Train Acc 100.000
LR: 4.742666308909818e-05
Epoch:50/50
 * Loss 0.094 | Train Acc 100.000
=> Saving class model to: /shared/results/common/helm/IntervalActivationPromptCL/ImageNet_CR/30-task_dil_h100/coda-p/var0.1_out0.0001_drift0.1/models/repeat-2/task-21/
=> Save Done
validation split name: 1
 * Val Acc 65.767, Total time 6.76
validation split name: 2
 * Val Acc 68.798, Total time 2.16
validation split name: 3
 * Val Acc 79.267, Total time 6.69
validation split name: 4
 * Val Acc 59.714, Total time 4.92
validation split name: 5
 * Val Acc 75.900, Total time 6.59
validation split name: 6
 * Val Acc 72.635, Total time 2.60
validation split name: 7
 * Val Acc 67.700, Total time 6.61
validation split name: 8
 * Val Acc 61.818, Total time 1.41
validation split name: 9
 * Val Acc 71.467, Total time 6.59
validation split name: 10
 * Val Acc 59.259, Total time 1.17
validation split name: 11
 * Val Acc 87.333, Total time 6.66
validation split name: 12
 * Val Acc 70.992, Total time 1.03
validation split name: 13
 * Val Acc 96.100, Total time 6.75
validation split name: 14
 * Val Acc 58.974, Total time 0.96
validation split name: 15
 * Val Acc 96.000, Total time 6.67
validation split name: 16
 * Val Acc 79.540, Total time 3.92
validation split name: 17
 * Val Acc 94.233, Total time 6.86
validation split name: 18
 * Val Acc 68.781, Total time 7.58
validation split name: 19
 * Val Acc 95.967, Total time 7.10
validation split name: 20
 * Val Acc 56.701, Total time 0.85
validation split name: 21
 * Val Acc 91.567, Total time 6.94
Volume of the cumulative hypercube for 1-th layer in classification head: 3.6284782886505127
====================== 22 =======================
Optimizer is reset!
*****************************************
LR: 0.001
Epoch:1/50
 * Loss 3.709 | Train Acc 63.728
LR: 0.001
Epoch:2/50
 * Loss 2.392 | Train Acc 72.991
LR: 0.000999496439640115
Epoch:3/50
 * Loss 1.787 | Train Acc 78.571
LR: 0.0009979862657065323
Epoch:4/50
 * Loss 1.315 | Train Acc 84.487
LR: 0.0009954709991267107
Epoch:5/50
 * Loss 1.015 | Train Acc 89.509
LR: 0.0009919531730777384
Epoch:6/50
 * Loss 0.729 | Train Acc 92.522
LR: 0.000987436330435118
Epoch:7/50
 * Loss 0.543 | Train Acc 95.647
LR: 0.0009819250202046628
Epoch:8/50
 * Loss 0.383 | Train Acc 96.987
LR: 0.0009754247929410992
Epoch:9/50
 * Loss 0.298 | Train Acc 98.103
LR: 0.0009679421951579872
Epoch:10/50
 * Loss 0.238 | Train Acc 99.219
LR: 0.000959484762734592
Epoch:11/50
 * Loss 0.213 | Train Acc 99.554
LR: 0.0009500610133263432
Epoch:12/50
 * Loss 0.186 | Train Acc 99.888
LR: 0.0009396804377865279
Epoch:13/50
 * Loss 0.182 | Train Acc 99.777
LR: 0.0009283534906078554
Epoch:14/50
 * Loss 0.172 | Train Acc 100.000
LR: 0.0009160915793935209
Epoch:15/50
 * Loss 0.170 | Train Acc 99.888
LR: 0.0009029070533683724
Epoch:16/50
 * Loss 0.166 | Train Acc 99.888
LR: 0.0008888131909417503
Epoch:17/50
 * Loss 0.161 | Train Acc 99.888
LR: 0.0008738241863345259
Epoch:18/50
 * Loss 0.158 | Train Acc 99.888
LR: 0.0008579551352838078
Epoch:19/50
 * Loss 0.160 | Train Acc 99.888
LR: 0.0008412220198397124
Epoch:20/50
 * Loss 0.157 | Train Acc 99.777
LR: 0.0008236416922695099
Epoch:21/50
 * Loss 0.156 | Train Acc 99.777
LR: 0.0008052318580853562
Epoch:22/50
 * Loss 0.159 | Train Acc 99.777
LR: 0.000786011058212706
Epoch:23/50
 * Loss 0.149 | Train Acc 99.888
LR: 0.0007659986503173616
Epoch:24/50
 * Loss 0.151 | Train Acc 99.888
LR: 0.0007452147893099667
Epoch:25/50
 * Loss 0.148 | Train Acc 99.888
LR: 0.0007236804070475787
Epoch:26/50
 * Loss 0.147 | Train Acc 99.888
LR: 0.0007014171912527616
Epoch:27/50
 * Loss 0.146 | Train Acc 99.888
LR: 0.0006784475636714309
Epoch:28/50
 * Loss 0.147 | Train Acc 99.888
LR: 0.0006547946574914495
Epoch:29/50
 * Loss 0.144 | Train Acc 99.777
LR: 0.0006304822940447137
Epoch:30/50
 * Loss 0.143 | Train Acc 99.888
LR: 0.0006055349588161974
Epoch:31/50
 * Loss 0.141 | Train Acc 99.888
LR: 0.0005799777767841123
Epoch:32/50
 * Loss 0.140 | Train Acc 99.777
LR: 0.0005538364871160218
Epoch:33/50
 * Loss 0.138 | Train Acc 99.888
LR: 0.0005271374172463922
Epoch:34/50
 * Loss 0.139 | Train Acc 99.777
LR: 0.0004999074563616878
Epoch:35/50
 * Loss 0.139 | Train Acc 99.888
LR: 0.0004721740283197138
Epoch:36/50
 * Loss 0.138 | Train Acc 99.888
LR: 0.00044396506403048214
Epoch:37/50
 * Loss 0.137 | Train Acc 99.888
LR: 0.0004153089733264112
Epoch:38/50
 * Loss 0.137 | Train Acc 99.777
LR: 0.00038623461635019685
Epoch:39/50
 * Loss 0.136 | Train Acc 99.777
LR: 0.000356771274489164
Epoch:40/50
 * Loss 0.136 | Train Acc 99.888
LR: 0.0003269486208853742
Epoch:41/50
 * Loss 0.135 | Train Acc 99.888
LR: 0.00029679669055119055
Epoch:42/50
 * Loss 0.135 | Train Acc 99.777
LR: 0.00026634585012039387
Epoch:43/50
 * Loss 0.135 | Train Acc 99.777
LR: 0.000235626767265316
Epoch:44/50
 * Loss 0.133 | Train Acc 99.888
LR: 0.0002046703798107928
Epoch:45/50
 * Loss 0.133 | Train Acc 99.888
LR: 0.00017350786457603917
Epoch:46/50
 * Loss 0.133 | Train Acc 99.888
LR: 0.0001421706059758278
Epoch:47/50
 * Loss 0.132 | Train Acc 99.777
LR: 0.00011069016441259591
Epoch:48/50
 * Loss 0.133 | Train Acc 99.888
LR: 7.909824449130957e-05
Epoch:49/50
 * Loss 0.132 | Train Acc 99.888
LR: 4.742666308909818e-05
Epoch:50/50
 * Loss 0.131 | Train Acc 100.000
=> Saving class model to: /shared/results/common/helm/IntervalActivationPromptCL/ImageNet_CR/30-task_dil_h100/coda-p/var0.1_out0.0001_drift0.1/models/repeat-2/task-22/
=> Save Done
validation split name: 1
 * Val Acc 63.400, Total time 6.60
validation split name: 2
 * Val Acc 70.844, Total time 2.15
validation split name: 3
 * Val Acc 75.267, Total time 6.66
validation split name: 4
 * Val Acc 63.905, Total time 4.73
validation split name: 5
 * Val Acc 72.800, Total time 6.84
validation split name: 6
 * Val Acc 73.480, Total time 2.56
validation split name: 7
 * Val Acc 63.500, Total time 6.72
validation split name: 8
 * Val Acc 64.091, Total time 1.39
validation split name: 9
 * Val Acc 68.633, Total time 6.62
validation split name: 10
 * Val Acc 58.025, Total time 1.19
validation split name: 11
 * Val Acc 81.100, Total time 6.71
validation split name: 12
 * Val Acc 70.229, Total time 1.06
validation split name: 13
 * Val Acc 94.667, Total time 6.65
validation split name: 14
 * Val Acc 73.504, Total time 1.24
validation split name: 15
 * Val Acc 93.800, Total time 6.81
validation split name: 16
 * Val Acc 83.248, Total time 4.09
validation split name: 17
 * Val Acc 92.700, Total time 7.03
validation split name: 18
 * Val Acc 61.505, Total time 7.92
validation split name: 19
 * Val Acc 93.700, Total time 7.02
validation split name: 20
 * Val Acc 57.732, Total time 0.81
validation split name: 21
 * Val Acc 87.333, Total time 6.94
validation split name: 22
 * Val Acc 77.133, Total time 2.07
Volume of the cumulative hypercube for 1-th layer in classification head: 3.6375789642333984
====================== 23 =======================
Optimizer is reset!
*****************************************
LR: 0.001
Epoch:1/50
 * Loss 0.538 | Train Acc 93.893
LR: 0.001
Epoch:2/50
 * Loss 0.281 | Train Acc 97.104
LR: 0.000999496439640115
Epoch:3/50
 * Loss 0.197 | Train Acc 98.581
LR: 0.0009979862657065323
Epoch:4/50
 * Loss 0.162 | Train Acc 99.183
LR: 0.0009954709991267107
Epoch:5/50
 * Loss 0.141 | Train Acc 99.613
LR: 0.0009919531730777384
Epoch:6/50
 * Loss 0.128 | Train Acc 99.814
LR: 0.000987436330435118
Epoch:7/50
 * Loss 0.127 | Train Acc 99.857
LR: 0.0009819250202046628
Epoch:8/50
 * Loss 0.117 | Train Acc 99.928
LR: 0.0009754247929410992
Epoch:9/50
 * Loss 0.118 | Train Acc 99.842
LR: 0.0009679421951579872
Epoch:10/50
 * Loss 0.110 | Train Acc 99.971
LR: 0.000959484762734592
Epoch:11/50
 * Loss 0.106 | Train Acc 99.971
LR: 0.0009500610133263432
Epoch:12/50
 * Loss 0.104 | Train Acc 99.986
LR: 0.0009396804377865279
Epoch:13/50
 * Loss 0.102 | Train Acc 99.986
LR: 0.0009283534906078554
Epoch:14/50
 * Loss 0.101 | Train Acc 99.971
LR: 0.0009160915793935209
Epoch:15/50
 * Loss 0.107 | Train Acc 99.900
LR: 0.0009029070533683724
Epoch:16/50
 * Loss 0.103 | Train Acc 99.914
LR: 0.0008888131909417503
Epoch:17/50
 * Loss 0.104 | Train Acc 99.928
LR: 0.0008738241863345259
Epoch:18/50
 * Loss 0.103 | Train Acc 99.943
LR: 0.0008579551352838078
Epoch:19/50
 * Loss 0.097 | Train Acc 99.971
LR: 0.0008412220198397124
Epoch:20/50
 * Loss 0.095 | Train Acc 100.000
LR: 0.0008236416922695099
Epoch:21/50
 * Loss 0.096 | Train Acc 99.943
LR: 0.0008052318580853562
Epoch:22/50
 * Loss 0.093 | Train Acc 99.971
LR: 0.000786011058212706
Epoch:23/50
 * Loss 0.096 | Train Acc 99.957
LR: 0.0007659986503173616
Epoch:24/50
 * Loss 0.094 | Train Acc 99.971
LR: 0.0007452147893099667
Epoch:25/50
 * Loss 0.089 | Train Acc 100.000
LR: 0.0007236804070475787
Epoch:26/50
 * Loss 0.088 | Train Acc 100.000
LR: 0.0007014171912527616
Epoch:27/50
 * Loss 0.088 | Train Acc 99.986
LR: 0.0006784475636714309
Epoch:28/50
 * Loss 0.089 | Train Acc 99.971
LR: 0.0006547946574914495
Epoch:29/50
 * Loss 0.087 | Train Acc 99.986
LR: 0.0006304822940447137
Epoch:30/50
 * Loss 0.087 | Train Acc 99.986
LR: 0.0006055349588161974
Epoch:31/50
 * Loss 0.085 | Train Acc 99.971
LR: 0.0005799777767841123
Epoch:32/50
 * Loss 0.084 | Train Acc 99.986
LR: 0.0005538364871160218
Epoch:33/50
 * Loss 0.083 | Train Acc 100.000
LR: 0.0005271374172463922
Epoch:34/50
 * Loss 0.082 | Train Acc 100.000
LR: 0.0004999074563616878
Epoch:35/50
 * Loss 0.081 | Train Acc 100.000
LR: 0.0004721740283197138
Epoch:36/50
 * Loss 0.080 | Train Acc 100.000
LR: 0.00044396506403048214
Epoch:37/50
 * Loss 0.079 | Train Acc 100.000
LR: 0.0004153089733264112
Epoch:38/50
 * Loss 0.079 | Train Acc 100.000
LR: 0.00038623461635019685
Epoch:39/50
 * Loss 0.078 | Train Acc 100.000
LR: 0.000356771274489164
Epoch:40/50
 * Loss 0.078 | Train Acc 100.000
LR: 0.0003269486208853742
Epoch:41/50
 * Loss 0.077 | Train Acc 100.000
LR: 0.00029679669055119055
Epoch:42/50
 * Loss 0.076 | Train Acc 100.000
LR: 0.00026634585012039387
Epoch:43/50
 * Loss 0.076 | Train Acc 100.000
LR: 0.000235626767265316
Epoch:44/50
 * Loss 0.075 | Train Acc 100.000
LR: 0.0002046703798107928
Epoch:45/50
 * Loss 0.075 | Train Acc 100.000
LR: 0.00017350786457603917
Epoch:46/50
 * Loss 0.075 | Train Acc 100.000
LR: 0.0001421706059758278
Epoch:47/50
 * Loss 0.074 | Train Acc 100.000
LR: 0.00011069016441259591
Epoch:48/50
 * Loss 0.074 | Train Acc 100.000
LR: 7.909824449130957e-05
Epoch:49/50
 * Loss 0.073 | Train Acc 100.000
LR: 4.742666308909818e-05
Epoch:50/50
 * Loss 0.073 | Train Acc 100.000
=> Saving class model to: /shared/results/common/helm/IntervalActivationPromptCL/ImageNet_CR/30-task_dil_h100/coda-p/var0.1_out0.0001_drift0.1/models/repeat-2/task-23/
=> Save Done
validation split name: 1
 * Val Acc 66.167, Total time 6.67
validation split name: 2
 * Val Acc 68.031, Total time 2.09
validation split name: 3
 * Val Acc 78.533, Total time 6.60
validation split name: 4
 * Val Acc 61.048, Total time 4.81
validation split name: 5
 * Val Acc 74.933, Total time 6.87
validation split name: 6
 * Val Acc 73.818, Total time 2.54
validation split name: 7
 * Val Acc 66.533, Total time 6.55
validation split name: 8
 * Val Acc 62.273, Total time 1.38
validation split name: 9
 * Val Acc 68.000, Total time 6.60
validation split name: 10
 * Val Acc 58.642, Total time 1.14
validation split name: 11
 * Val Acc 85.500, Total time 6.63
validation split name: 12
 * Val Acc 68.702, Total time 1.06
validation split name: 13
 * Val Acc 96.100, Total time 6.58
validation split name: 14
 * Val Acc 64.957, Total time 0.92
validation split name: 15
 * Val Acc 95.733, Total time 6.59
validation split name: 16
 * Val Acc 80.563, Total time 3.70
validation split name: 17
 * Val Acc 93.733, Total time 6.66
validation split name: 18
 * Val Acc 68.843, Total time 7.83
validation split name: 19
 * Val Acc 97.500, Total time 6.63
validation split name: 20
 * Val Acc 54.639, Total time 0.87
validation split name: 21
 * Val Acc 93.200, Total time 6.68
validation split name: 22
 * Val Acc 69.625, Total time 1.63
validation split name: 23
 * Val Acc 93.700, Total time 6.72
Volume of the cumulative hypercube for 1-th layer in classification head: 3.6375892162323
====================== 24 =======================
Optimizer is reset!
*****************************************
LR: 0.001
Epoch:1/50
 * Loss 1.637 | Train Acc 82.061
LR: 0.001
Epoch:2/50
 * Loss 0.932 | Train Acc 89.093
LR: 0.000999496439640115
Epoch:3/50
 * Loss 0.592 | Train Acc 92.879
LR: 0.0009979862657065323
Epoch:4/50
 * Loss 0.414 | Train Acc 95.493
LR: 0.0009954709991267107
Epoch:5/50
 * Loss 0.308 | Train Acc 97.326
LR: 0.0009919531730777384
Epoch:6/50
 * Loss 0.262 | Train Acc 98.407
LR: 0.000987436330435118
Epoch:7/50
 * Loss 0.218 | Train Acc 98.978
LR: 0.0009819250202046628
Epoch:8/50
 * Loss 0.195 | Train Acc 99.219
LR: 0.0009754247929410992
Epoch:9/50
 * Loss 0.178 | Train Acc 99.579
LR: 0.0009679421951579872
Epoch:10/50
 * Loss 0.171 | Train Acc 99.700
LR: 0.000959484762734592
Epoch:11/50
 * Loss 0.160 | Train Acc 99.730
LR: 0.0009500610133263432
Epoch:12/50
 * Loss 0.158 | Train Acc 99.700
LR: 0.0009396804377865279
Epoch:13/50
 * Loss 0.154 | Train Acc 99.820
LR: 0.0009283534906078554
Epoch:14/50
 * Loss 0.147 | Train Acc 99.880
LR: 0.0009160915793935209
Epoch:15/50
 * Loss 0.146 | Train Acc 99.910
LR: 0.0009029070533683724
Epoch:16/50
 * Loss 0.145 | Train Acc 99.880
LR: 0.0008888131909417503
Epoch:17/50
 * Loss 0.142 | Train Acc 99.970
LR: 0.0008738241863345259
Epoch:18/50
 * Loss 0.137 | Train Acc 99.970
LR: 0.0008579551352838078
Epoch:19/50
 * Loss 0.136 | Train Acc 99.940
LR: 0.0008412220198397124
Epoch:20/50
 * Loss 0.135 | Train Acc 99.940
LR: 0.0008236416922695099
Epoch:21/50
 * Loss 0.132 | Train Acc 99.850
LR: 0.0008052318580853562
Epoch:22/50
 * Loss 0.130 | Train Acc 99.970
LR: 0.000786011058212706
Epoch:23/50
 * Loss 0.129 | Train Acc 100.000
LR: 0.0007659986503173616
Epoch:24/50
 * Loss 0.127 | Train Acc 99.970
LR: 0.0007452147893099667
Epoch:25/50
 * Loss 0.127 | Train Acc 99.910
LR: 0.0007236804070475787
Epoch:26/50
 * Loss 0.123 | Train Acc 99.940
LR: 0.0007014171912527616
Epoch:27/50
 * Loss 0.122 | Train Acc 99.970
LR: 0.0006784475636714309
Epoch:28/50
 * Loss 0.121 | Train Acc 100.000
LR: 0.0006547946574914495
Epoch:29/50
 * Loss 0.121 | Train Acc 99.970
LR: 0.0006304822940447137
Epoch:30/50
 * Loss 0.118 | Train Acc 100.000
LR: 0.0006055349588161974
Epoch:31/50
 * Loss 0.118 | Train Acc 99.970
LR: 0.0005799777767841123
Epoch:32/50
 * Loss 0.119 | Train Acc 99.940
LR: 0.0005538364871160218
Epoch:33/50
 * Loss 0.116 | Train Acc 99.970
LR: 0.0005271374172463922
Epoch:34/50
 * Loss 0.116 | Train Acc 99.970
LR: 0.0004999074563616878
Epoch:35/50
 * Loss 0.116 | Train Acc 99.970
LR: 0.0004721740283197138
Epoch:36/50
 * Loss 0.113 | Train Acc 99.940
LR: 0.00044396506403048214
Epoch:37/50
 * Loss 0.113 | Train Acc 99.970
LR: 0.0004153089733264112
Epoch:38/50
 * Loss 0.112 | Train Acc 99.970
LR: 0.00038623461635019685
Epoch:39/50
 * Loss 0.111 | Train Acc 99.940
LR: 0.000356771274489164
Epoch:40/50
 * Loss 0.111 | Train Acc 99.970
LR: 0.0003269486208853742
Epoch:41/50
 * Loss 0.110 | Train Acc 99.970
LR: 0.00029679669055119055
Epoch:42/50
 * Loss 0.110 | Train Acc 99.970
LR: 0.00026634585012039387
Epoch:43/50
 * Loss 0.109 | Train Acc 99.970
LR: 0.000235626767265316
Epoch:44/50
 * Loss 0.107 | Train Acc 99.970
LR: 0.0002046703798107928
Epoch:45/50
 * Loss 0.108 | Train Acc 99.970
LR: 0.00017350786457603917
Epoch:46/50
 * Loss 0.107 | Train Acc 99.970
LR: 0.0001421706059758278
Epoch:47/50
 * Loss 0.107 | Train Acc 99.940
LR: 0.00011069016441259591
Epoch:48/50
 * Loss 0.106 | Train Acc 99.970
LR: 7.909824449130957e-05
Epoch:49/50
 * Loss 0.105 | Train Acc 99.970
LR: 4.742666308909818e-05
Epoch:50/50
 * Loss 0.105 | Train Acc 99.940
=> Saving class model to: /shared/results/common/helm/IntervalActivationPromptCL/ImageNet_CR/30-task_dil_h100/coda-p/var0.1_out0.0001_drift0.1/models/repeat-2/task-24/
=> Save Done
validation split name: 1
 * Val Acc 63.000, Total time 6.58
validation split name: 2
 * Val Acc 69.565, Total time 2.14
validation split name: 3
 * Val Acc 74.233, Total time 6.65
validation split name: 4
 * Val Acc 64.571, Total time 5.32
validation split name: 5
 * Val Acc 71.633, Total time 6.57
validation split name: 6
 * Val Acc 75.507, Total time 2.51
validation split name: 7
 * Val Acc 66.167, Total time 6.60
validation split name: 8
 * Val Acc 58.636, Total time 1.39
validation split name: 9
 * Val Acc 62.867, Total time 6.66
validation split name: 10
 * Val Acc 61.111, Total time 1.19
validation split name: 11
 * Val Acc 78.267, Total time 6.61
validation split name: 12
 * Val Acc 67.939, Total time 1.07
validation split name: 13
 * Val Acc 95.467, Total time 6.88
validation split name: 14
 * Val Acc 64.957, Total time 0.97
validation split name: 15
 * Val Acc 94.200, Total time 6.61
validation split name: 16
 * Val Acc 80.946, Total time 4.60
validation split name: 17
 * Val Acc 91.867, Total time 6.87
validation split name: 18
 * Val Acc 68.905, Total time 7.60
validation split name: 19
 * Val Acc 94.800, Total time 7.23
validation split name: 20
 * Val Acc 55.670, Total time 0.86
validation split name: 21
 * Val Acc 89.033, Total time 6.81
validation split name: 22
 * Val Acc 66.553, Total time 1.73
validation split name: 23
 * Val Acc 89.733, Total time 6.64
validation split name: 24
 * Val Acc 89.034, Total time 14.97
Volume of the cumulative hypercube for 1-th layer in classification head: 3.6387593746185303
====================== 25 =======================
Optimizer is reset!
*****************************************
LR: 0.001
Epoch:1/50
 * Loss 2.554 | Train Acc 78.369
LR: 0.001
Epoch:2/50
 * Loss 0.970 | Train Acc 89.636
LR: 0.000999496439640115
Epoch:3/50
 * Loss 0.615 | Train Acc 93.922
LR: 0.0009979862657065323
Epoch:4/50
 * Loss 0.436 | Train Acc 96.617
LR: 0.0009954709991267107
Epoch:5/50
 * Loss 0.340 | Train Acc 98.136
LR: 0.0009919531730777384
Epoch:6/50
 * Loss 0.301 | Train Acc 98.653
LR: 0.000987436330435118
Epoch:7/50
 * Loss 0.267 | Train Acc 99.169
LR: 0.0009819250202046628
Epoch:8/50
 * Loss 0.249 | Train Acc 99.627
LR: 0.0009754247929410992
Epoch:9/50
 * Loss 0.236 | Train Acc 99.699
LR: 0.0009679421951579872
Epoch:10/50
 * Loss 0.229 | Train Acc 99.771
LR: 0.000959484762734592
Epoch:11/50
 * Loss 0.217 | Train Acc 99.900
LR: 0.0009500610133263432
Epoch:12/50
 * Loss 0.211 | Train Acc 99.943
LR: 0.0009396804377865279
Epoch:13/50
 * Loss 0.208 | Train Acc 99.885
LR: 0.0009283534906078554
Epoch:14/50
 * Loss 0.199 | Train Acc 99.943
LR: 0.0009160915793935209
Epoch:15/50
 * Loss 0.199 | Train Acc 99.957
LR: 0.0009029070533683724
Epoch:16/50
 * Loss 0.197 | Train Acc 99.928
LR: 0.0008888131909417503
Epoch:17/50
 * Loss 0.194 | Train Acc 99.957
LR: 0.0008738241863345259
Epoch:18/50
 * Loss 0.190 | Train Acc 99.986
LR: 0.0008579551352838078
Epoch:19/50
 * Loss 0.189 | Train Acc 99.957
LR: 0.0008412220198397124
Epoch:20/50
 * Loss 0.185 | Train Acc 99.971
LR: 0.0008236416922695099
Epoch:21/50
 * Loss 0.183 | Train Acc 99.971
LR: 0.0008052318580853562
Epoch:22/50
 * Loss 0.180 | Train Acc 100.000
LR: 0.000786011058212706
Epoch:23/50
 * Loss 0.178 | Train Acc 99.986
LR: 0.0007659986503173616
Epoch:24/50
 * Loss 0.177 | Train Acc 99.986
LR: 0.0007452147893099667
Epoch:25/50
 * Loss 0.174 | Train Acc 100.000
LR: 0.0007236804070475787
Epoch:26/50
 * Loss 0.172 | Train Acc 100.000
LR: 0.0007014171912527616
Epoch:27/50
 * Loss 0.170 | Train Acc 99.971
LR: 0.0006784475636714309
Epoch:28/50
 * Loss 0.170 | Train Acc 100.000
LR: 0.0006547946574914495
Epoch:29/50
 * Loss 0.170 | Train Acc 99.971
LR: 0.0006304822940447137
Epoch:30/50
 * Loss 0.167 | Train Acc 99.986
LR: 0.0006055349588161974
Epoch:31/50
 * Loss 0.165 | Train Acc 100.000
LR: 0.0005799777767841123
Epoch:32/50
 * Loss 0.166 | Train Acc 99.986
LR: 0.0005538364871160218
Epoch:33/50
 * Loss 0.164 | Train Acc 100.000
LR: 0.0005271374172463922
Epoch:34/50
 * Loss 0.163 | Train Acc 99.986
LR: 0.0004999074563616878
Epoch:35/50
 * Loss 0.161 | Train Acc 100.000
LR: 0.0004721740283197138
Epoch:36/50
 * Loss 0.159 | Train Acc 100.000
LR: 0.00044396506403048214
Epoch:37/50
 * Loss 0.158 | Train Acc 99.986
LR: 0.0004153089733264112
Epoch:38/50
 * Loss 0.157 | Train Acc 100.000
LR: 0.00038623461635019685
Epoch:39/50
 * Loss 0.156 | Train Acc 100.000
LR: 0.000356771274489164
Epoch:40/50
 * Loss 0.155 | Train Acc 100.000
LR: 0.0003269486208853742
Epoch:41/50
 * Loss 0.153 | Train Acc 100.000
LR: 0.00029679669055119055
Epoch:42/50
 * Loss 0.153 | Train Acc 100.000
LR: 0.00026634585012039387
Epoch:43/50
 * Loss 0.152 | Train Acc 100.000
LR: 0.000235626767265316
Epoch:44/50
 * Loss 0.151 | Train Acc 100.000
LR: 0.0002046703798107928
Epoch:45/50
 * Loss 0.150 | Train Acc 100.000
LR: 0.00017350786457603917
Epoch:46/50
 * Loss 0.149 | Train Acc 100.000
LR: 0.0001421706059758278
Epoch:47/50
 * Loss 0.149 | Train Acc 100.000
LR: 0.00011069016441259591
Epoch:48/50
 * Loss 0.148 | Train Acc 100.000
LR: 7.909824449130957e-05
Epoch:49/50
 * Loss 0.148 | Train Acc 100.000
LR: 4.742666308909818e-05
Epoch:50/50
 * Loss 0.147 | Train Acc 100.000
=> Saving class model to: /shared/results/common/helm/IntervalActivationPromptCL/ImageNet_CR/30-task_dil_h100/coda-p/var0.1_out0.0001_drift0.1/models/repeat-2/task-25/
=> Save Done
validation split name: 1
 * Val Acc 68.200, Total time 6.69
validation split name: 2
 * Val Acc 71.355, Total time 2.57
validation split name: 3
 * Val Acc 73.800, Total time 6.57
validation split name: 4
 * Val Acc 62.952, Total time 4.58
validation split name: 5
 * Val Acc 76.267, Total time 6.59
validation split name: 6
 * Val Acc 75.676, Total time 2.54
validation split name: 7
 * Val Acc 68.300, Total time 6.61
validation split name: 8
 * Val Acc 61.364, Total time 1.32
validation split name: 9
 * Val Acc 71.900, Total time 6.63
validation split name: 10
 * Val Acc 60.494, Total time 1.14
validation split name: 11
 * Val Acc 81.933, Total time 6.62
validation split name: 12
 * Val Acc 70.992, Total time 1.03
validation split name: 13
 * Val Acc 96.600, Total time 6.63
validation split name: 14
 * Val Acc 60.684, Total time 0.90
validation split name: 15
 * Val Acc 94.867, Total time 6.59
validation split name: 16
 * Val Acc 80.691, Total time 3.55
validation split name: 17
 * Val Acc 92.267, Total time 6.65
validation split name: 18
 * Val Acc 69.963, Total time 7.50
validation split name: 19
 * Val Acc 95.000, Total time 6.82
validation split name: 20
 * Val Acc 50.515, Total time 0.81
validation split name: 21
 * Val Acc 89.633, Total time 7.08
validation split name: 22
 * Val Acc 66.212, Total time 1.63
validation split name: 23
 * Val Acc 89.467, Total time 6.92
validation split name: 24
 * Val Acc 86.350, Total time 14.34
validation split name: 25
 * Val Acc 92.033, Total time 6.69
Volume of the cumulative hypercube for 1-th layer in classification head: 3.641538619995117
====================== 26 =======================
Optimizer is reset!
*****************************************
LR: 0.001
Epoch:1/50
 * Loss 5.348 | Train Acc 53.622
LR: 0.001
Epoch:2/50
 * Loss 3.316 | Train Acc 63.991
LR: 0.000999496439640115
Epoch:3/50
 * Loss 2.600 | Train Acc 69.389
LR: 0.0009979862657065323
Epoch:4/50
 * Loss 2.142 | Train Acc 73.082
LR: 0.0009954709991267107
Epoch:5/50
 * Loss 1.749 | Train Acc 78.480
LR: 0.0009919531730777384
Epoch:6/50
 * Loss 1.415 | Train Acc 82.812
LR: 0.000987436330435118
Epoch:7/50
 * Loss 1.173 | Train Acc 86.435
LR: 0.0009819250202046628
Epoch:8/50
 * Loss 0.908 | Train Acc 89.702
LR: 0.0009754247929410992
Epoch:9/50
 * Loss 0.727 | Train Acc 92.472
LR: 0.0009679421951579872
Epoch:10/50
 * Loss 0.570 | Train Acc 95.099
LR: 0.000959484762734592
Epoch:11/50
 * Loss 0.476 | Train Acc 96.591
LR: 0.0009500610133263432
Epoch:12/50
 * Loss 0.404 | Train Acc 97.443
LR: 0.0009396804377865279
Epoch:13/50
 * Loss 0.346 | Train Acc 98.651
LR: 0.0009283534906078554
Epoch:14/50
 * Loss 0.309 | Train Acc 99.432
LR: 0.0009160915793935209
Epoch:15/50
 * Loss 0.282 | Train Acc 99.645
LR: 0.0009029070533683724
Epoch:16/50
 * Loss 0.275 | Train Acc 99.645
LR: 0.0008888131909417503
Epoch:17/50
 * Loss 0.256 | Train Acc 99.858
LR: 0.0008738241863345259
Epoch:18/50
 * Loss 0.247 | Train Acc 99.929
LR: 0.0008579551352838078
Epoch:19/50
 * Loss 0.240 | Train Acc 99.929
LR: 0.0008412220198397124
Epoch:20/50
 * Loss 0.234 | Train Acc 100.000
LR: 0.0008236416922695099
Epoch:21/50
 * Loss 0.232 | Train Acc 100.000
LR: 0.0008052318580853562
Epoch:22/50
 * Loss 0.225 | Train Acc 100.000
LR: 0.000786011058212706
Epoch:23/50
 * Loss 0.222 | Train Acc 100.000
LR: 0.0007659986503173616
Epoch:24/50
 * Loss 0.220 | Train Acc 99.929
LR: 0.0007452147893099667
Epoch:25/50
 * Loss 0.216 | Train Acc 100.000
LR: 0.0007236804070475787
Epoch:26/50
 * Loss 0.214 | Train Acc 100.000
LR: 0.0007014171912527616
Epoch:27/50
 * Loss 0.212 | Train Acc 100.000
LR: 0.0006784475636714309
Epoch:28/50
 * Loss 0.209 | Train Acc 100.000
LR: 0.0006547946574914495
Epoch:29/50
 * Loss 0.206 | Train Acc 100.000
LR: 0.0006304822940447137
Epoch:30/50
 * Loss 0.205 | Train Acc 100.000
LR: 0.0006055349588161974
Epoch:31/50
 * Loss 0.204 | Train Acc 100.000
LR: 0.0005799777767841123
Epoch:32/50
 * Loss 0.204 | Train Acc 100.000
LR: 0.0005538364871160218
Epoch:33/50
 * Loss 0.200 | Train Acc 100.000
LR: 0.0005271374172463922
Epoch:34/50
 * Loss 0.199 | Train Acc 100.000
LR: 0.0004999074563616878
Epoch:35/50
 * Loss 0.199 | Train Acc 100.000
LR: 0.0004721740283197138
Epoch:36/50
 * Loss 0.198 | Train Acc 100.000
LR: 0.00044396506403048214
Epoch:37/50
 * Loss 0.196 | Train Acc 100.000
LR: 0.0004153089733264112
Epoch:38/50
 * Loss 0.196 | Train Acc 100.000
LR: 0.00038623461635019685
Epoch:39/50
 * Loss 0.195 | Train Acc 100.000
LR: 0.000356771274489164
Epoch:40/50
 * Loss 0.195 | Train Acc 100.000
LR: 0.0003269486208853742
Epoch:41/50
 * Loss 0.192 | Train Acc 100.000
LR: 0.00029679669055119055
Epoch:42/50
 * Loss 0.192 | Train Acc 100.000
LR: 0.00026634585012039387
Epoch:43/50
 * Loss 0.192 | Train Acc 100.000
LR: 0.000235626767265316
Epoch:44/50
 * Loss 0.191 | Train Acc 100.000
LR: 0.0002046703798107928
Epoch:45/50
 * Loss 0.189 | Train Acc 100.000
LR: 0.00017350786457603917
Epoch:46/50
 * Loss 0.188 | Train Acc 100.000
LR: 0.0001421706059758278
Epoch:47/50
 * Loss 0.189 | Train Acc 100.000
LR: 0.00011069016441259591
Epoch:48/50
 * Loss 0.190 | Train Acc 100.000
LR: 7.909824449130957e-05
Epoch:49/50
 * Loss 0.188 | Train Acc 100.000
LR: 4.742666308909818e-05
Epoch:50/50
 * Loss 0.188 | Train Acc 100.000
=> Saving class model to: /shared/results/common/helm/IntervalActivationPromptCL/ImageNet_CR/30-task_dil_h100/coda-p/var0.1_out0.0001_drift0.1/models/repeat-2/task-26/
=> Save Done
validation split name: 1
 * Val Acc 58.167, Total time 6.66
validation split name: 2
 * Val Acc 70.588, Total time 2.17
validation split name: 3
 * Val Acc 68.133, Total time 6.60
validation split name: 4
 * Val Acc 60.095, Total time 4.94
validation split name: 5
 * Val Acc 70.500, Total time 6.60
validation split name: 6
 * Val Acc 73.142, Total time 2.39
validation split name: 7
 * Val Acc 59.633, Total time 6.62
validation split name: 8
 * Val Acc 66.818, Total time 1.39
validation split name: 9
 * Val Acc 64.200, Total time 6.92
validation split name: 10
 * Val Acc 60.494, Total time 1.26
validation split name: 11
 * Val Acc 75.067, Total time 6.67
validation split name: 12
 * Val Acc 71.756, Total time 1.03
validation split name: 13
 * Val Acc 93.300, Total time 6.62
validation split name: 14
 * Val Acc 58.974, Total time 0.91
validation split name: 15
 * Val Acc 89.633, Total time 6.57
validation split name: 16
 * Val Acc 82.097, Total time 3.92
validation split name: 17
 * Val Acc 87.467, Total time 6.60
validation split name: 18
 * Val Acc 66.418, Total time 7.94
validation split name: 19
 * Val Acc 92.333, Total time 7.75
validation split name: 20
 * Val Acc 57.732, Total time 0.84
validation split name: 21
 * Val Acc 84.767, Total time 7.43
validation split name: 22
 * Val Acc 67.235, Total time 1.68
validation split name: 23
 * Val Acc 85.400, Total time 6.98
validation split name: 24
 * Val Acc 82.975, Total time 14.68
validation split name: 25
 * Val Acc 86.367, Total time 6.58
validation split name: 26
 * Val Acc 73.546, Total time 2.60
Volume of the cumulative hypercube for 1-th layer in classification head: 3.6451644897460938
====================== 27 =======================
Optimizer is reset!
*****************************************
LR: 0.001
Epoch:1/50
 * Loss 1.262 | Train Acc 86.611
LR: 0.001
Epoch:2/50
 * Loss 0.582 | Train Acc 93.607
LR: 0.000999496439640115
Epoch:3/50
 * Loss 0.358 | Train Acc 96.560
LR: 0.0009979862657065323
Epoch:4/50
 * Loss 0.274 | Train Acc 98.007
LR: 0.0009954709991267107
Epoch:5/50
 * Loss 0.202 | Train Acc 99.212
LR: 0.0009919531730777384
Epoch:6/50
 * Loss 0.183 | Train Acc 99.398
LR: 0.000987436330435118
Epoch:7/50
 * Loss 0.167 | Train Acc 99.584
LR: 0.0009819250202046628
Epoch:8/50
 * Loss 0.157 | Train Acc 99.785
LR: 0.0009754247929410992
Epoch:9/50
 * Loss 0.155 | Train Acc 99.814
LR: 0.0009679421951579872
Epoch:10/50
 * Loss 0.143 | Train Acc 99.914
LR: 0.000959484762734592
Epoch:11/50
 * Loss 0.137 | Train Acc 99.928
LR: 0.0009500610133263432
Epoch:12/50
 * Loss 0.135 | Train Acc 99.914
LR: 0.0009396804377865279
Epoch:13/50
 * Loss 0.130 | Train Acc 99.928
LR: 0.0009283534906078554
Epoch:14/50
 * Loss 0.129 | Train Acc 99.943
LR: 0.0009160915793935209
Epoch:15/50
 * Loss 0.125 | Train Acc 99.928
LR: 0.0009029070533683724
Epoch:16/50
 * Loss 0.121 | Train Acc 99.986
LR: 0.0008888131909417503
Epoch:17/50
 * Loss 0.121 | Train Acc 99.943
LR: 0.0008738241863345259
Epoch:18/50
 * Loss 0.117 | Train Acc 100.000
LR: 0.0008579551352838078
Epoch:19/50
 * Loss 0.117 | Train Acc 99.957
LR: 0.0008412220198397124
Epoch:20/50
 * Loss 0.113 | Train Acc 100.000
LR: 0.0008236416922695099
Epoch:21/50
 * Loss 0.112 | Train Acc 99.986
LR: 0.0008052318580853562
Epoch:22/50
 * Loss 0.111 | Train Acc 99.986
LR: 0.000786011058212706
Epoch:23/50
 * Loss 0.110 | Train Acc 100.000
LR: 0.0007659986503173616
Epoch:24/50
 * Loss 0.108 | Train Acc 99.986
LR: 0.0007452147893099667
Epoch:25/50
 * Loss 0.108 | Train Acc 99.971
LR: 0.0007236804070475787
Epoch:26/50
 * Loss 0.104 | Train Acc 100.000
LR: 0.0007014171912527616
Epoch:27/50
 * Loss 0.105 | Train Acc 99.986
LR: 0.0006784475636714309
Epoch:28/50
 * Loss 0.103 | Train Acc 100.000
LR: 0.0006547946574914495
Epoch:29/50
 * Loss 0.101 | Train Acc 99.986
LR: 0.0006304822940447137
Epoch:30/50
 * Loss 0.099 | Train Acc 99.986
LR: 0.0006055349588161974
Epoch:31/50
 * Loss 0.100 | Train Acc 99.986
LR: 0.0005799777767841123
Epoch:32/50
 * Loss 0.098 | Train Acc 100.000
LR: 0.0005538364871160218
Epoch:33/50
 * Loss 0.097 | Train Acc 100.000
LR: 0.0005271374172463922
Epoch:34/50
 * Loss 0.096 | Train Acc 100.000
LR: 0.0004999074563616878
Epoch:35/50
 * Loss 0.095 | Train Acc 99.986
LR: 0.0004721740283197138
Epoch:36/50
 * Loss 0.094 | Train Acc 100.000
LR: 0.00044396506403048214
Epoch:37/50
 * Loss 0.093 | Train Acc 100.000
LR: 0.0004153089733264112
Epoch:38/50
 * Loss 0.092 | Train Acc 100.000
LR: 0.00038623461635019685
Epoch:39/50
 * Loss 0.091 | Train Acc 100.000
LR: 0.000356771274489164
Epoch:40/50
 * Loss 0.091 | Train Acc 100.000
LR: 0.0003269486208853742
Epoch:41/50
 * Loss 0.089 | Train Acc 100.000
LR: 0.00029679669055119055
Epoch:42/50
 * Loss 0.089 | Train Acc 100.000
LR: 0.00026634585012039387
Epoch:43/50
 * Loss 0.088 | Train Acc 100.000
LR: 0.000235626767265316
Epoch:44/50
 * Loss 0.087 | Train Acc 100.000
LR: 0.0002046703798107928
Epoch:45/50
 * Loss 0.087 | Train Acc 100.000
LR: 0.00017350786457603917
Epoch:46/50
 * Loss 0.087 | Train Acc 100.000
LR: 0.0001421706059758278
Epoch:47/50
 * Loss 0.086 | Train Acc 100.000
LR: 0.00011069016441259591
Epoch:48/50
 * Loss 0.085 | Train Acc 100.000
LR: 7.909824449130957e-05
Epoch:49/50
 * Loss 0.084 | Train Acc 100.000
LR: 4.742666308909818e-05
Epoch:50/50
 * Loss 0.084 | Train Acc 100.000
=> Saving class model to: /shared/results/common/helm/IntervalActivationPromptCL/ImageNet_CR/30-task_dil_h100/coda-p/var0.1_out0.0001_drift0.1/models/repeat-2/task-27/
=> Save Done
validation split name: 1
 * Val Acc 69.533, Total time 6.67
validation split name: 2
 * Val Acc 71.100, Total time 2.25
validation split name: 3
 * Val Acc 77.100, Total time 6.68
validation split name: 4
 * Val Acc 63.714, Total time 4.99
validation split name: 5
 * Val Acc 79.000, Total time 6.81
validation split name: 6
 * Val Acc 76.182, Total time 2.59
validation split name: 7
 * Val Acc 67.967, Total time 6.73
validation split name: 8
 * Val Acc 64.545, Total time 1.47
validation split name: 9
 * Val Acc 67.500, Total time 6.60
validation split name: 10
 * Val Acc 61.728, Total time 1.25
validation split name: 11
 * Val Acc 84.600, Total time 6.99
validation split name: 12
 * Val Acc 70.992, Total time 1.06
validation split name: 13
 * Val Acc 96.633, Total time 6.64
validation split name: 14
 * Val Acc 64.957, Total time 0.94
validation split name: 15
 * Val Acc 95.700, Total time 6.81
validation split name: 16
 * Val Acc 81.586, Total time 3.74
validation split name: 17
 * Val Acc 95.900, Total time 6.64
validation split name: 18
 * Val Acc 70.087, Total time 6.99
validation split name: 19
 * Val Acc 95.567, Total time 6.96
validation split name: 20
 * Val Acc 58.763, Total time 0.84
validation split name: 21
 * Val Acc 90.300, Total time 7.00
validation split name: 22
 * Val Acc 66.894, Total time 1.54
validation split name: 23
 * Val Acc 89.933, Total time 7.34
validation split name: 24
 * Val Acc 85.429, Total time 14.45
validation split name: 25
 * Val Acc 90.333, Total time 6.66
validation split name: 26
 * Val Acc 61.726, Total time 2.73
validation split name: 27
 * Val Acc 93.167, Total time 6.65
Volume of the cumulative hypercube for 1-th layer in classification head: 3.645993232727051
====================== 28 =======================
Optimizer is reset!
*****************************************
LR: 0.001
Epoch:1/50
 * Loss 3.754 | Train Acc 66.544
LR: 0.001
Epoch:2/50
 * Loss 2.393 | Train Acc 74.724
LR: 0.000999496439640115
Epoch:3/50
 * Loss 1.842 | Train Acc 78.309
LR: 0.0009979862657065323
Epoch:4/50
 * Loss 1.478 | Train Acc 82.721
LR: 0.0009954709991267107
Epoch:5/50
 * Loss 1.114 | Train Acc 86.489
LR: 0.0009919531730777384
Epoch:6/50
 * Loss 0.848 | Train Acc 89.430
LR: 0.000987436330435118
Epoch:7/50
 * Loss 0.632 | Train Acc 93.290
LR: 0.0009819250202046628
Epoch:8/50
 * Loss 0.451 | Train Acc 96.140
LR: 0.0009754247929410992
Epoch:9/50
 * Loss 0.347 | Train Acc 97.794
LR: 0.0009679421951579872
Epoch:10/50
 * Loss 0.301 | Train Acc 98.529
LR: 0.000959484762734592
Epoch:11/50
 * Loss 0.247 | Train Acc 99.449
LR: 0.0009500610133263432
Epoch:12/50
 * Loss 0.221 | Train Acc 99.632
LR: 0.0009396804377865279
Epoch:13/50
 * Loss 0.200 | Train Acc 99.816
LR: 0.0009283534906078554
Epoch:14/50
 * Loss 0.199 | Train Acc 99.816
LR: 0.0009160915793935209
Epoch:15/50
 * Loss 0.195 | Train Acc 99.724
LR: 0.0009029070533683724
Epoch:16/50
 * Loss 0.189 | Train Acc 99.724
LR: 0.0008888131909417503
Epoch:17/50
 * Loss 0.186 | Train Acc 99.632
LR: 0.0008738241863345259
Epoch:18/50
 * Loss 0.182 | Train Acc 99.724
LR: 0.0008579551352838078
Epoch:19/50
 * Loss 0.175 | Train Acc 99.816
LR: 0.0008412220198397124
Epoch:20/50
 * Loss 0.174 | Train Acc 99.724
LR: 0.0008236416922695099
Epoch:21/50
 * Loss 0.172 | Train Acc 99.816
LR: 0.0008052318580853562
Epoch:22/50
 * Loss 0.166 | Train Acc 99.816
LR: 0.000786011058212706
Epoch:23/50
 * Loss 0.169 | Train Acc 99.816
LR: 0.0007659986503173616
Epoch:24/50
 * Loss 0.165 | Train Acc 99.908
LR: 0.0007452147893099667
Epoch:25/50
 * Loss 0.165 | Train Acc 99.908
LR: 0.0007236804070475787
Epoch:26/50
 * Loss 0.165 | Train Acc 99.724
LR: 0.0007014171912527616
Epoch:27/50
 * Loss 0.157 | Train Acc 100.000
LR: 0.0006784475636714309
Epoch:28/50
 * Loss 0.157 | Train Acc 99.816
LR: 0.0006547946574914495
Epoch:29/50
 * Loss 0.155 | Train Acc 99.816
LR: 0.0006304822940447137
Epoch:30/50
 * Loss 0.156 | Train Acc 99.816
LR: 0.0006055349588161974
Epoch:31/50
 * Loss 0.154 | Train Acc 99.908
LR: 0.0005799777767841123
Epoch:32/50
 * Loss 0.154 | Train Acc 99.908
LR: 0.0005538364871160218
Epoch:33/50
 * Loss 0.155 | Train Acc 99.816
LR: 0.0005271374172463922
Epoch:34/50
 * Loss 0.153 | Train Acc 99.908
LR: 0.0004999074563616878
Epoch:35/50
 * Loss 0.148 | Train Acc 100.000
LR: 0.0004721740283197138
Epoch:36/50
 * Loss 0.152 | Train Acc 99.908
LR: 0.00044396506403048214
Epoch:37/50
 * Loss 0.152 | Train Acc 99.816
LR: 0.0004153089733264112
Epoch:38/50
 * Loss 0.147 | Train Acc 99.816
LR: 0.00038623461635019685
Epoch:39/50
 * Loss 0.147 | Train Acc 100.000
LR: 0.000356771274489164
Epoch:40/50
 * Loss 0.148 | Train Acc 99.908
LR: 0.0003269486208853742
Epoch:41/50
 * Loss 0.147 | Train Acc 99.908
LR: 0.00029679669055119055
Epoch:42/50
 * Loss 0.146 | Train Acc 99.908
LR: 0.00026634585012039387
Epoch:43/50
 * Loss 0.146 | Train Acc 99.908
LR: 0.000235626767265316
Epoch:44/50
 * Loss 0.146 | Train Acc 99.816
LR: 0.0002046703798107928
Epoch:45/50
 * Loss 0.146 | Train Acc 99.908
LR: 0.00017350786457603917
Epoch:46/50
 * Loss 0.145 | Train Acc 99.908
LR: 0.0001421706059758278
Epoch:47/50
 * Loss 0.145 | Train Acc 99.816
LR: 0.00011069016441259591
Epoch:48/50
 * Loss 0.143 | Train Acc 100.000
LR: 7.909824449130957e-05
Epoch:49/50
 * Loss 0.144 | Train Acc 99.908
LR: 4.742666308909818e-05
Epoch:50/50
 * Loss 0.144 | Train Acc 99.908
=> Saving class model to: /shared/results/common/helm/IntervalActivationPromptCL/ImageNet_CR/30-task_dil_h100/coda-p/var0.1_out0.0001_drift0.1/models/repeat-2/task-28/
=> Save Done
validation split name: 1
 * Val Acc 66.067, Total time 6.71
validation split name: 2
 * Val Acc 74.169, Total time 2.14
validation split name: 3
 * Val Acc 73.367, Total time 6.63
validation split name: 4
 * Val Acc 66.095, Total time 4.85
validation split name: 5
 * Val Acc 77.800, Total time 6.59
validation split name: 6
 * Val Acc 74.662, Total time 2.66
validation split name: 7
 * Val Acc 65.933, Total time 7.06
validation split name: 8
 * Val Acc 68.182, Total time 1.34
validation split name: 9
 * Val Acc 65.367, Total time 6.55
validation split name: 10
 * Val Acc 64.815, Total time 1.20
validation split name: 11
 * Val Acc 80.833, Total time 6.63
validation split name: 12
 * Val Acc 77.863, Total time 1.04
validation split name: 13
 * Val Acc 94.700, Total time 6.61
validation split name: 14
 * Val Acc 70.940, Total time 0.93
validation split name: 15
 * Val Acc 94.200, Total time 6.60
validation split name: 16
 * Val Acc 82.353, Total time 4.00
validation split name: 17
 * Val Acc 92.967, Total time 6.62
validation split name: 18
 * Val Acc 63.495, Total time 7.31
validation split name: 19
 * Val Acc 92.967, Total time 6.72
validation split name: 20
 * Val Acc 65.979, Total time 0.86
validation split name: 21
 * Val Acc 86.567, Total time 7.00
validation split name: 22
 * Val Acc 73.379, Total time 2.07
validation split name: 23
 * Val Acc 86.167, Total time 7.56
validation split name: 24
 * Val Acc 83.052, Total time 14.60
validation split name: 25
 * Val Acc 88.800, Total time 7.20
validation split name: 26
 * Val Acc 63.227, Total time 2.67
validation split name: 27
 * Val Acc 88.900, Total time 7.87
validation split name: 28
 * Val Acc 75.648, Total time 2.15
Volume of the cumulative hypercube for 1-th layer in classification head: 3.6490211486816406
====================== 29 =======================
Optimizer is reset!
*****************************************
LR: 0.001
Epoch:1/50
 * Loss 0.770 | Train Acc 90.611
LR: 0.001
Epoch:2/50
 * Loss 0.314 | Train Acc 96.502
LR: 0.000999496439640115
Epoch:3/50
 * Loss 0.203 | Train Acc 98.552
LR: 0.0009979862657065323
Epoch:4/50
 * Loss 0.161 | Train Acc 99.283
LR: 0.0009954709991267107
Epoch:5/50
 * Loss 0.142 | Train Acc 99.556
LR: 0.0009919531730777384
Epoch:6/50
 * Loss 0.130 | Train Acc 99.728
LR: 0.000987436330435118
Epoch:7/50
 * Loss 0.117 | Train Acc 99.914
LR: 0.0009819250202046628
Epoch:8/50
 * Loss 0.113 | Train Acc 99.928
LR: 0.0009754247929410992
Epoch:9/50
 * Loss 0.111 | Train Acc 99.928
LR: 0.0009679421951579872
Epoch:10/50
 * Loss 0.107 | Train Acc 99.943
LR: 0.000959484762734592
Epoch:11/50
 * Loss 0.103 | Train Acc 99.986
LR: 0.0009500610133263432
Epoch:12/50
 * Loss 0.103 | Train Acc 99.971
LR: 0.0009396804377865279
Epoch:13/50
 * Loss 0.099 | Train Acc 99.971
LR: 0.0009283534906078554
Epoch:14/50
 * Loss 0.099 | Train Acc 99.957
LR: 0.0009160915793935209
Epoch:15/50
 * Loss 0.099 | Train Acc 99.957
LR: 0.0009029070533683724
Epoch:16/50
 * Loss 0.098 | Train Acc 99.943
LR: 0.0008888131909417503
Epoch:17/50
 * Loss 0.095 | Train Acc 99.971
LR: 0.0008738241863345259
Epoch:18/50
 * Loss 0.092 | Train Acc 99.957
LR: 0.0008579551352838078
Epoch:19/50
 * Loss 0.091 | Train Acc 100.000
LR: 0.0008412220198397124
Epoch:20/50
 * Loss 0.090 | Train Acc 100.000
LR: 0.0008236416922695099
Epoch:21/50
 * Loss 0.089 | Train Acc 99.986
LR: 0.0008052318580853562
Epoch:22/50
 * Loss 0.088 | Train Acc 100.000
LR: 0.000786011058212706
Epoch:23/50
 * Loss 0.087 | Train Acc 100.000
LR: 0.0007659986503173616
Epoch:24/50
 * Loss 0.085 | Train Acc 99.971
LR: 0.0007452147893099667
Epoch:25/50
 * Loss 0.086 | Train Acc 100.000
LR: 0.0007236804070475787
Epoch:26/50
 * Loss 0.085 | Train Acc 99.986
LR: 0.0007014171912527616
Epoch:27/50
 * Loss 0.082 | Train Acc 100.000
LR: 0.0006784475636714309
Epoch:28/50
 * Loss 0.082 | Train Acc 100.000
LR: 0.0006547946574914495
Epoch:29/50
 * Loss 0.081 | Train Acc 99.986
LR: 0.0006304822940447137
Epoch:30/50
 * Loss 0.079 | Train Acc 100.000
LR: 0.0006055349588161974
Epoch:31/50
 * Loss 0.078 | Train Acc 100.000
LR: 0.0005799777767841123
Epoch:32/50
 * Loss 0.077 | Train Acc 100.000
LR: 0.0005538364871160218
Epoch:33/50
 * Loss 0.077 | Train Acc 100.000
LR: 0.0005271374172463922
Epoch:34/50
 * Loss 0.077 | Train Acc 100.000
LR: 0.0004999074563616878
Epoch:35/50
 * Loss 0.076 | Train Acc 100.000
LR: 0.0004721740283197138
Epoch:36/50
 * Loss 0.075 | Train Acc 99.986
LR: 0.00044396506403048214
Epoch:37/50
 * Loss 0.075 | Train Acc 100.000
LR: 0.0004153089733264112
Epoch:38/50
 * Loss 0.074 | Train Acc 100.000
LR: 0.00038623461635019685
Epoch:39/50
 * Loss 0.073 | Train Acc 100.000
LR: 0.000356771274489164
Epoch:40/50
 * Loss 0.073 | Train Acc 100.000
LR: 0.0003269486208853742
Epoch:41/50
 * Loss 0.073 | Train Acc 100.000
LR: 0.00029679669055119055
Epoch:42/50
 * Loss 0.072 | Train Acc 100.000
LR: 0.00026634585012039387
Epoch:43/50
 * Loss 0.071 | Train Acc 100.000
LR: 0.000235626767265316
Epoch:44/50
 * Loss 0.071 | Train Acc 100.000
LR: 0.0002046703798107928
Epoch:45/50
 * Loss 0.070 | Train Acc 100.000
LR: 0.00017350786457603917
Epoch:46/50
 * Loss 0.070 | Train Acc 100.000
LR: 0.0001421706059758278
Epoch:47/50
 * Loss 0.069 | Train Acc 100.000
LR: 0.00011069016441259591
Epoch:48/50
 * Loss 0.069 | Train Acc 100.000
LR: 7.909824449130957e-05
Epoch:49/50
 * Loss 0.069 | Train Acc 100.000
LR: 4.742666308909818e-05
Epoch:50/50
 * Loss 0.068 | Train Acc 100.000
=> Saving class model to: /shared/results/common/helm/IntervalActivationPromptCL/ImageNet_CR/30-task_dil_h100/coda-p/var0.1_out0.0001_drift0.1/models/repeat-2/task-29/
=> Save Done
validation split name: 1
 * Val Acc 64.900, Total time 6.61
validation split name: 2
 * Val Acc 69.821, Total time 2.25
validation split name: 3
 * Val Acc 73.500, Total time 6.69
validation split name: 4
 * Val Acc 63.429, Total time 4.76
validation split name: 5
 * Val Acc 74.100, Total time 7.73
validation split name: 6
 * Val Acc 75.338, Total time 2.58
validation split name: 7
 * Val Acc 65.800, Total time 6.80
validation split name: 8
 * Val Acc 63.636, Total time 1.41
validation split name: 9
 * Val Acc 65.933, Total time 6.63
validation split name: 10
 * Val Acc 63.580, Total time 1.19
validation split name: 11
 * Val Acc 85.167, Total time 6.69
validation split name: 12
 * Val Acc 70.229, Total time 1.05
validation split name: 13
 * Val Acc 95.767, Total time 6.65
validation split name: 14
 * Val Acc 64.103, Total time 1.16
validation split name: 15
 * Val Acc 94.867, Total time 7.00
validation split name: 16
 * Val Acc 81.586, Total time 3.94
validation split name: 17
 * Val Acc 93.233, Total time 6.73
validation split name: 18
 * Val Acc 68.035, Total time 7.71
validation split name: 19
 * Val Acc 93.933, Total time 8.46
validation split name: 20
 * Val Acc 58.763, Total time 0.85
validation split name: 21
 * Val Acc 86.433, Total time 6.99
validation split name: 22
 * Val Acc 66.553, Total time 1.66
validation split name: 23
 * Val Acc 86.133, Total time 7.17
validation split name: 24
 * Val Acc 84.279, Total time 14.74
validation split name: 25
 * Val Acc 89.667, Total time 6.61
validation split name: 26
 * Val Acc 59.475, Total time 2.75
validation split name: 27
 * Val Acc 91.667, Total time 6.64
validation split name: 28
 * Val Acc 69.430, Total time 1.85
validation split name: 29
 * Val Acc 95.800, Total time 6.64
Volume of the cumulative hypercube for 1-th layer in classification head: 3.649073839187622
====================== 30 =======================
Optimizer is reset!
*****************************************
LR: 0.001
Epoch:1/50
 * Loss 3.544 | Train Acc 70.117
LR: 0.001
Epoch:2/50
 * Loss 2.343 | Train Acc 76.367
LR: 0.000999496439640115
Epoch:3/50
 * Loss 1.834 | Train Acc 80.469
LR: 0.0009979862657065323
Epoch:4/50
 * Loss 1.430 | Train Acc 84.473
LR: 0.0009954709991267107
Epoch:5/50
 * Loss 1.118 | Train Acc 87.500
LR: 0.0009919531730777384
Epoch:6/50
 * Loss 0.903 | Train Acc 90.527
LR: 0.000987436330435118
Epoch:7/50
 * Loss 0.712 | Train Acc 92.773
LR: 0.0009819250202046628
Epoch:8/50
 * Loss 0.582 | Train Acc 93.945
LR: 0.0009754247929410992
Epoch:9/50
 * Loss 0.441 | Train Acc 95.410
LR: 0.0009679421951579872
Epoch:10/50
 * Loss 0.358 | Train Acc 96.582
LR: 0.000959484762734592
Epoch:11/50
 * Loss 0.312 | Train Acc 97.168
LR: 0.0009500610133263432
Epoch:12/50
 * Loss 0.271 | Train Acc 97.559
LR: 0.0009396804377865279
Epoch:13/50
 * Loss 0.254 | Train Acc 97.363
LR: 0.0009283534906078554
Epoch:14/50
 * Loss 0.232 | Train Acc 97.949
LR: 0.0009160915793935209
Epoch:15/50
 * Loss 0.229 | Train Acc 97.559
LR: 0.0009029070533683724
Epoch:16/50
 * Loss 0.221 | Train Acc 97.754
LR: 0.0008888131909417503
Epoch:17/50
 * Loss 0.217 | Train Acc 97.852
LR: 0.0008738241863345259
Epoch:18/50
 * Loss 0.221 | Train Acc 97.852
LR: 0.0008579551352838078
Epoch:19/50
 * Loss 0.204 | Train Acc 98.047
LR: 0.0008412220198397124
Epoch:20/50
 * Loss 0.208 | Train Acc 97.656
LR: 0.0008236416922695099
Epoch:21/50
 * Loss 0.208 | Train Acc 97.559
LR: 0.0008052318580853562
Epoch:22/50
 * Loss 0.211 | Train Acc 97.656
LR: 0.000786011058212706
Epoch:23/50
 * Loss 0.206 | Train Acc 97.461
LR: 0.0007659986503173616
Epoch:24/50
 * Loss 0.196 | Train Acc 97.754
LR: 0.0007452147893099667
Epoch:25/50
 * Loss 0.197 | Train Acc 98.145
LR: 0.0007236804070475787
Epoch:26/50
 * Loss 0.193 | Train Acc 98.340
LR: 0.0007014171912527616
Epoch:27/50
 * Loss 0.207 | Train Acc 97.559
LR: 0.0006784475636714309
Epoch:28/50
 * Loss 0.201 | Train Acc 97.461
LR: 0.0006547946574914495
Epoch:29/50
 * Loss 0.195 | Train Acc 97.949
LR: 0.0006304822940447137
Epoch:30/50
 * Loss 0.187 | Train Acc 98.242
LR: 0.0006055349588161974
Epoch:31/50
 * Loss 0.197 | Train Acc 97.852
LR: 0.0005799777767841123
Epoch:32/50
 * Loss 0.195 | Train Acc 97.559
LR: 0.0005538364871160218
Epoch:33/50
 * Loss 0.189 | Train Acc 97.852
LR: 0.0005271374172463922
Epoch:34/50
 * Loss 0.182 | Train Acc 98.242
LR: 0.0004999074563616878
Epoch:35/50
 * Loss 0.190 | Train Acc 97.852
LR: 0.0004721740283197138
Epoch:36/50
 * Loss 0.185 | Train Acc 97.852
LR: 0.00044396506403048214
Epoch:37/50
 * Loss 0.184 | Train Acc 97.949
LR: 0.0004153089733264112
Epoch:38/50
 * Loss 0.179 | Train Acc 98.145
LR: 0.00038623461635019685
Epoch:39/50
 * Loss 0.186 | Train Acc 98.145
LR: 0.000356771274489164
Epoch:40/50
 * Loss 0.176 | Train Acc 97.949
LR: 0.0003269486208853742
Epoch:41/50
 * Loss 0.180 | Train Acc 97.852
LR: 0.00029679669055119055
Epoch:42/50
 * Loss 0.175 | Train Acc 98.047
LR: 0.00026634585012039387
Epoch:43/50
 * Loss 0.179 | Train Acc 97.754
LR: 0.000235626767265316
Epoch:44/50
 * Loss 0.177 | Train Acc 97.656
LR: 0.0002046703798107928
Epoch:45/50
 * Loss 0.171 | Train Acc 98.145
LR: 0.00017350786457603917
Epoch:46/50
 * Loss 0.175 | Train Acc 97.852
LR: 0.0001421706059758278
Epoch:47/50
 * Loss 0.172 | Train Acc 98.145
LR: 0.00011069016441259591
Epoch:48/50
 * Loss 0.174 | Train Acc 97.949
LR: 7.909824449130957e-05
Epoch:49/50
 * Loss 0.170 | Train Acc 98.438
LR: 4.742666308909818e-05
Epoch:50/50
 * Loss 0.171 | Train Acc 98.340
=> Saving class model to: /shared/results/common/helm/IntervalActivationPromptCL/ImageNet_CR/30-task_dil_h100/coda-p/var0.1_out0.0001_drift0.1/models/repeat-2/task-30/
=> Save Done
validation split name: 1
 * Val Acc 62.067, Total time 6.75
validation split name: 2
 * Val Acc 67.263, Total time 2.11
validation split name: 3
 * Val Acc 68.167, Total time 6.62
validation split name: 4
 * Val Acc 60.381, Total time 4.56
validation split name: 5
 * Val Acc 72.467, Total time 6.81
validation split name: 6
 * Val Acc 75.169, Total time 2.67
validation split name: 7
 * Val Acc 64.400, Total time 6.54
validation split name: 8
 * Val Acc 64.091, Total time 1.33
validation split name: 9
 * Val Acc 60.733, Total time 6.64
validation split name: 10
 * Val Acc 59.877, Total time 1.33
validation split name: 11
 * Val Acc 78.400, Total time 6.63
validation split name: 12
 * Val Acc 72.519, Total time 1.06
validation split name: 13
 * Val Acc 93.467, Total time 6.62
validation split name: 14
 * Val Acc 62.393, Total time 0.93
validation split name: 15
 * Val Acc 91.933, Total time 6.68
validation split name: 16
 * Val Acc 77.621, Total time 3.82
validation split name: 17
 * Val Acc 88.767, Total time 6.72
validation split name: 18
 * Val Acc 67.537, Total time 7.55
validation split name: 19
 * Val Acc 91.000, Total time 6.89
validation split name: 20
 * Val Acc 58.763, Total time 0.83
validation split name: 21
 * Val Acc 82.867, Total time 7.12
validation split name: 22
 * Val Acc 62.799, Total time 1.68
validation split name: 23
 * Val Acc 82.733, Total time 7.13
validation split name: 24
 * Val Acc 80.598, Total time 15.05
validation split name: 25
 * Val Acc 86.833, Total time 6.70
validation split name: 26
 * Val Acc 55.159, Total time 2.52
validation split name: 27
 * Val Acc 86.867, Total time 6.73
validation split name: 28
 * Val Acc 66.839, Total time 1.91
validation split name: 29
 * Val Acc 91.633, Total time 6.62
validation split name: 30
 * Val Acc 79.189, Total time 1.33
*****************************************
Incremental class: Old valid output dimension: 0
Incremental class: New Valid output dimension: 200
=> Load Done
validation split name: 1
 * Val Acc 77.867, Total time 6.59
validation split name: 1
 * Val Acc 77.923, Total time 6.70
=> Load Done
validation split name: 1
 * Val Acc 74.433, Total time 6.69
validation split name: 2
 * Val Acc 70.844, Total time 1.94
validation split name: 1
 * Val Acc 74.472, Total time 6.63
validation split name: 2
 * Val Acc 70.844, Total time 1.96
=> Load Done
validation split name: 1
 * Val Acc 82.967, Total time 6.62
validation split name: 2
 * Val Acc 63.683, Total time 1.96
validation split name: 3
 * Val Acc 86.700, Total time 6.71
validation split name: 1
 * Val Acc 83.082, Total time 6.57
validation split name: 2
 * Val Acc 63.683, Total time 2.82
validation split name: 3
 * Val Acc 86.667, Total time 6.55
=> Load Done
validation split name: 1
 * Val Acc 78.067, Total time 6.64
validation split name: 2
 * Val Acc 71.100, Total time 2.00
validation split name: 3
 * Val Acc 83.567, Total time 6.70
validation split name: 4
 * Val Acc 64.762, Total time 4.62
validation split name: 1
 * Val Acc 78.157, Total time 6.60
validation split name: 2
 * Val Acc 71.100, Total time 2.04
validation split name: 3
 * Val Acc 83.484, Total time 6.61
validation split name: 4
 * Val Acc 64.762, Total time 4.40
=> Load Done
validation split name: 1
 * Val Acc 85.600, Total time 6.70
validation split name: 2
 * Val Acc 68.286, Total time 2.46
validation split name: 3
 * Val Acc 87.267, Total time 6.60
validation split name: 4
 * Val Acc 59.905, Total time 5.11
validation split name: 5
 * Val Acc 89.133, Total time 6.82
validation split name: 1
 * Val Acc 85.628, Total time 6.61
validation split name: 2
 * Val Acc 68.286, Total time 2.03
validation split name: 3
 * Val Acc 87.203, Total time 6.59
validation split name: 4
 * Val Acc 59.905, Total time 4.42
validation split name: 5
 * Val Acc 89.112, Total time 6.56
=> Load Done
validation split name: 1
 * Val Acc 80.367, Total time 6.59
validation split name: 2
 * Val Acc 62.404, Total time 2.02
validation split name: 3
 * Val Acc 84.433, Total time 6.61
validation split name: 4
 * Val Acc 55.619, Total time 4.50
validation split name: 5
 * Val Acc 85.300, Total time 6.56
validation split name: 6
 * Val Acc 82.095, Total time 2.46
validation split name: 1
 * Val Acc 80.436, Total time 6.58
validation split name: 2
 * Val Acc 62.404, Total time 1.99
validation split name: 3
 * Val Acc 84.422, Total time 6.63
validation split name: 4
 * Val Acc 55.619, Total time 4.31
validation split name: 5
 * Val Acc 85.293, Total time 6.60
validation split name: 6
 * Val Acc 82.095, Total time 2.46
=> Load Done
validation split name: 1
 * Val Acc 83.100, Total time 6.62
validation split name: 2
 * Val Acc 63.939, Total time 2.08
validation split name: 3
 * Val Acc 86.100, Total time 6.59
validation split name: 4
 * Val Acc 57.238, Total time 4.43
validation split name: 5
 * Val Acc 89.600, Total time 6.61
validation split name: 6
 * Val Acc 77.365, Total time 2.34
validation split name: 7
 * Val Acc 90.933, Total time 6.58
validation split name: 1
 * Val Acc 83.149, Total time 6.71
validation split name: 2
 * Val Acc 63.939, Total time 1.97
validation split name: 3
 * Val Acc 86.097, Total time 6.65
validation split name: 4
 * Val Acc 57.238, Total time 4.20
validation split name: 5
 * Val Acc 89.615, Total time 6.59
validation split name: 6
 * Val Acc 77.365, Total time 2.37
validation split name: 7
 * Val Acc 91.022, Total time 6.57
=> Load Done
validation split name: 1
 * Val Acc 78.167, Total time 6.59
validation split name: 2
 * Val Acc 68.542, Total time 1.99
validation split name: 3
 * Val Acc 83.600, Total time 6.63
validation split name: 4
 * Val Acc 62.095, Total time 4.34
validation split name: 5
 * Val Acc 87.067, Total time 6.62
validation split name: 6
 * Val Acc 74.493, Total time 2.39
validation split name: 7
 * Val Acc 87.700, Total time 6.62
validation split name: 8
 * Val Acc 63.182, Total time 1.43
validation split name: 1
 * Val Acc 78.224, Total time 6.54
validation split name: 2
 * Val Acc 68.542, Total time 1.98
validation split name: 3
 * Val Acc 83.585, Total time 6.60
validation split name: 4
 * Val Acc 62.095, Total time 4.73
validation split name: 5
 * Val Acc 87.102, Total time 6.78
validation split name: 6
 * Val Acc 74.493, Total time 2.43
validation split name: 7
 * Val Acc 87.739, Total time 6.55
validation split name: 8
 * Val Acc 63.182, Total time 1.34
=> Load Done
validation split name: 1
 * Val Acc 79.700, Total time 6.65
validation split name: 2
 * Val Acc 66.752, Total time 2.18
validation split name: 3
 * Val Acc 83.633, Total time 6.61
validation split name: 4
 * Val Acc 59.143, Total time 4.32
validation split name: 5
 * Val Acc 88.233, Total time 6.69
validation split name: 6
 * Val Acc 75.507, Total time 2.39
validation split name: 7
 * Val Acc 90.033, Total time 6.56
validation split name: 8
 * Val Acc 60.455, Total time 1.64
validation split name: 9
 * Val Acc 83.833, Total time 22.24
validation split name: 1
 * Val Acc 79.799, Total time 9.75
validation split name: 2
 * Val Acc 66.752, Total time 4.33
validation split name: 3
 * Val Acc 83.585, Total time 15.52
validation split name: 4
 * Val Acc 59.143, Total time 7.08
validation split name: 5
 * Val Acc 88.275, Total time 16.29
validation split name: 6
 * Val Acc 75.507, Total time 5.26
validation split name: 7
 * Val Acc 90.084, Total time 12.54
validation split name: 8
 * Val Acc 60.455, Total time 1.89
validation split name: 9
 * Val Acc 83.853, Total time 6.69
=> Load Done
validation split name: 1
 * Val Acc 78.267, Total time 6.64
validation split name: 2
 * Val Acc 64.450, Total time 2.10
validation split name: 3
 * Val Acc 82.333, Total time 6.70
validation split name: 4
 * Val Acc 58.667, Total time 4.41
validation split name: 5
 * Val Acc 86.033, Total time 6.64
validation split name: 6
 * Val Acc 72.466, Total time 2.41
validation split name: 7
 * Val Acc 87.733, Total time 6.63
validation split name: 8
 * Val Acc 62.727, Total time 1.39
validation split name: 9
 * Val Acc 81.500, Total time 6.62
validation split name: 10
 * Val Acc 61.111, Total time 1.23
validation split name: 1
 * Val Acc 78.325, Total time 6.60
validation split name: 2
 * Val Acc 64.450, Total time 1.93
validation split name: 3
 * Val Acc 82.245, Total time 6.68
validation split name: 4
 * Val Acc 58.667, Total time 5.15
validation split name: 5
 * Val Acc 86.064, Total time 6.61
validation split name: 6
 * Val Acc 72.466, Total time 2.36
validation split name: 7
 * Val Acc 87.772, Total time 6.62
validation split name: 8
 * Val Acc 62.727, Total time 1.31
validation split name: 9
 * Val Acc 81.474, Total time 6.60
validation split name: 10
 * Val Acc 61.111, Total time 1.10
=> Load Done
validation split name: 1
 * Val Acc 73.633, Total time 6.66
validation split name: 2
 * Val Acc 64.194, Total time 1.96
validation split name: 3
 * Val Acc 87.200, Total time 6.69
validation split name: 4
 * Val Acc 56.476, Total time 4.41
validation split name: 5
 * Val Acc 84.300, Total time 6.91
validation split name: 6
 * Val Acc 72.804, Total time 2.35
validation split name: 7
 * Val Acc 82.533, Total time 6.65
validation split name: 8
 * Val Acc 55.000, Total time 1.32
validation split name: 9
 * Val Acc 81.133, Total time 6.71
validation split name: 10
 * Val Acc 50.617, Total time 1.09
validation split name: 11
 * Val Acc 93.867, Total time 6.71
validation split name: 1
 * Val Acc 73.769, Total time 6.68
validation split name: 2
 * Val Acc 64.194, Total time 1.98
validation split name: 3
 * Val Acc 87.270, Total time 6.65
validation split name: 4
 * Val Acc 56.476, Total time 4.42
validation split name: 5
 * Val Acc 84.456, Total time 6.56
validation split name: 6
 * Val Acc 72.804, Total time 2.23
validation split name: 7
 * Val Acc 82.546, Total time 6.66
validation split name: 8
 * Val Acc 55.000, Total time 1.45
validation split name: 9
 * Val Acc 81.273, Total time 6.77
validation split name: 10
 * Val Acc 50.617, Total time 1.08
validation split name: 11
 * Val Acc 93.836, Total time 6.67
=> Load Done
validation split name: 1
 * Val Acc 71.267, Total time 6.70
validation split name: 2
 * Val Acc 66.752, Total time 2.83
validation split name: 3
 * Val Acc 85.367, Total time 6.67
validation split name: 4
 * Val Acc 60.000, Total time 4.37
validation split name: 5
 * Val Acc 82.500, Total time 6.77
validation split name: 6
 * Val Acc 72.466, Total time 2.58
validation split name: 7
 * Val Acc 81.100, Total time 6.67
validation split name: 8
 * Val Acc 59.091, Total time 1.31
validation split name: 9
 * Val Acc 78.200, Total time 6.90
validation split name: 10
 * Val Acc 52.469, Total time 1.12
validation split name: 11
 * Val Acc 89.600, Total time 7.00
validation split name: 12
 * Val Acc 73.282, Total time 1.05
validation split name: 1
 * Val Acc 71.424, Total time 6.65
validation split name: 2
 * Val Acc 66.752, Total time 2.21
validation split name: 3
 * Val Acc 85.394, Total time 6.68
validation split name: 4
 * Val Acc 60.000, Total time 4.80
validation split name: 5
 * Val Acc 82.546, Total time 6.61
validation split name: 6
 * Val Acc 72.466, Total time 2.25
validation split name: 7
 * Val Acc 81.139, Total time 6.64
validation split name: 8
 * Val Acc 59.091, Total time 1.35
validation split name: 9
 * Val Acc 78.325, Total time 7.09
validation split name: 10
 * Val Acc 52.469, Total time 1.07
validation split name: 11
 * Val Acc 89.548, Total time 6.64
validation split name: 12
 * Val Acc 73.282, Total time 1.00
=> Load Done
validation split name: 1
 * Val Acc 69.833, Total time 6.60
validation split name: 2
 * Val Acc 65.729, Total time 1.91
validation split name: 3
 * Val Acc 82.200, Total time 6.62
validation split name: 4
 * Val Acc 58.571, Total time 4.51
validation split name: 5
 * Val Acc 81.267, Total time 6.66
validation split name: 6
 * Val Acc 73.142, Total time 2.28
validation split name: 7
 * Val Acc 79.333, Total time 6.63
validation split name: 8
 * Val Acc 58.636, Total time 1.31
validation split name: 9
 * Val Acc 81.233, Total time 6.66
validation split name: 10
 * Val Acc 53.086, Total time 1.15
validation split name: 11
 * Val Acc 90.733, Total time 6.70
validation split name: 12
 * Val Acc 68.702, Total time 1.02
validation split name: 13
 * Val Acc 95.600, Total time 6.63
validation split name: 1
 * Val Acc 69.916, Total time 6.63
validation split name: 2
 * Val Acc 65.729, Total time 1.85
validation split name: 3
 * Val Acc 82.278, Total time 6.91
validation split name: 4
 * Val Acc 58.571, Total time 4.48
validation split name: 5
 * Val Acc 81.374, Total time 6.70
validation split name: 6
 * Val Acc 73.142, Total time 2.34
validation split name: 7
 * Val Acc 79.363, Total time 6.62
validation split name: 8
 * Val Acc 58.636, Total time 1.32
validation split name: 9
 * Val Acc 81.407, Total time 6.62
validation split name: 10
 * Val Acc 53.086, Total time 1.38
validation split name: 11
 * Val Acc 90.787, Total time 6.70
validation split name: 12
 * Val Acc 68.702, Total time 1.00
validation split name: 13
 * Val Acc 95.611, Total time 6.68
=> Load Done
validation split name: 1
 * Val Acc 64.700, Total time 6.64
validation split name: 2
 * Val Acc 67.008, Total time 2.71
validation split name: 3
 * Val Acc 77.233, Total time 6.67
validation split name: 4
 * Val Acc 58.952, Total time 4.44
validation split name: 5
 * Val Acc 77.467, Total time 6.65
validation split name: 6
 * Val Acc 71.622, Total time 2.31
validation split name: 7
 * Val Acc 74.367, Total time 6.65
validation split name: 8
 * Val Acc 62.273, Total time 1.34
validation split name: 9
 * Val Acc 78.067, Total time 6.72
validation split name: 10
 * Val Acc 54.938, Total time 1.10
validation split name: 11
 * Val Acc 86.967, Total time 6.87
validation split name: 12
 * Val Acc 74.046, Total time 0.96
validation split name: 13
 * Val Acc 93.567, Total time 6.64
validation split name: 14
 * Val Acc 70.940, Total time 0.91
validation split name: 1
 * Val Acc 64.791, Total time 6.64
validation split name: 2
 * Val Acc 67.008, Total time 1.98
validation split name: 3
 * Val Acc 77.286, Total time 6.64
validation split name: 4
 * Val Acc 58.952, Total time 4.48
validation split name: 5
 * Val Acc 77.621, Total time 6.66
validation split name: 6
 * Val Acc 71.622, Total time 2.30
validation split name: 7
 * Val Acc 74.405, Total time 6.64
validation split name: 8
 * Val Acc 62.273, Total time 1.35
validation split name: 9
 * Val Acc 78.191, Total time 6.66
validation split name: 10
 * Val Acc 54.938, Total time 1.12
validation split name: 11
 * Val Acc 86.968, Total time 6.64
validation split name: 12
 * Val Acc 74.046, Total time 1.02
validation split name: 13
 * Val Acc 93.635, Total time 6.72
validation split name: 14
 * Val Acc 70.940, Total time 1.17
=> Load Done
validation split name: 1
 * Val Acc 75.733, Total time 6.65
validation split name: 2
 * Val Acc 64.450, Total time 1.99
validation split name: 3
 * Val Acc 85.000, Total time 6.67
validation split name: 4
 * Val Acc 58.857, Total time 4.55
validation split name: 5
 * Val Acc 85.033, Total time 6.62
validation split name: 6
 * Val Acc 74.831, Total time 2.25
validation split name: 7
 * Val Acc 78.167, Total time 7.48
validation split name: 8
 * Val Acc 60.000, Total time 1.39
validation split name: 9
 * Val Acc 80.100, Total time 6.65
validation split name: 10
 * Val Acc 53.086, Total time 1.12
validation split name: 11
 * Val Acc 90.667, Total time 6.63
validation split name: 12
 * Val Acc 69.466, Total time 1.00
validation split name: 13
 * Val Acc 95.733, Total time 6.67
validation split name: 14
 * Val Acc 63.248, Total time 0.90
validation split name: 15
 * Val Acc 97.900, Total time 6.71
validation split name: 1
 * Val Acc 75.879, Total time 6.68
validation split name: 2
 * Val Acc 64.450, Total time 2.06
validation split name: 3
 * Val Acc 85.092, Total time 6.71
validation split name: 4
 * Val Acc 58.857, Total time 4.47
validation split name: 5
 * Val Acc 85.159, Total time 6.62
validation split name: 6
 * Val Acc 74.831, Total time 2.44
validation split name: 7
 * Val Acc 78.157, Total time 6.67
validation split name: 8
 * Val Acc 60.000, Total time 1.32
validation split name: 9
 * Val Acc 80.201, Total time 6.85
validation split name: 10
 * Val Acc 53.086, Total time 1.16
validation split name: 11
 * Val Acc 90.620, Total time 6.71
validation split name: 12
 * Val Acc 69.466, Total time 1.04
validation split name: 13
 * Val Acc 95.745, Total time 6.70
validation split name: 14
 * Val Acc 63.248, Total time 0.97
validation split name: 15
 * Val Acc 97.923, Total time 6.75
=> Load Done
validation split name: 1
 * Val Acc 71.267, Total time 6.72
validation split name: 2
 * Val Acc 73.146, Total time 1.92
validation split name: 3
 * Val Acc 79.967, Total time 6.72
validation split name: 4
 * Val Acc 64.857, Total time 4.27
validation split name: 5
 * Val Acc 80.267, Total time 6.64
validation split name: 6
 * Val Acc 72.973, Total time 2.41
validation split name: 7
 * Val Acc 74.267, Total time 6.66
validation split name: 8
 * Val Acc 67.273, Total time 1.38
validation split name: 9
 * Val Acc 75.000, Total time 6.66
validation split name: 10
 * Val Acc 58.642, Total time 1.14
validation split name: 11
 * Val Acc 85.633, Total time 6.66
validation split name: 12
 * Val Acc 76.336, Total time 1.03
validation split name: 13
 * Val Acc 93.833, Total time 6.72
validation split name: 14
 * Val Acc 71.795, Total time 0.98
validation split name: 15
 * Val Acc 95.500, Total time 6.70
validation split name: 16
 * Val Acc 83.887, Total time 3.77
validation split name: 1
 * Val Acc 71.390, Total time 6.91
validation split name: 2
 * Val Acc 73.146, Total time 1.93
validation split name: 3
 * Val Acc 80.000, Total time 6.63
validation split name: 4
 * Val Acc 64.857, Total time 4.37
validation split name: 5
 * Val Acc 80.436, Total time 6.63
validation split name: 6
 * Val Acc 72.973, Total time 2.43
validation split name: 7
 * Val Acc 74.338, Total time 6.61
validation split name: 8
 * Val Acc 67.273, Total time 1.31
validation split name: 9
 * Val Acc 75.042, Total time 6.65
validation split name: 10
 * Val Acc 58.642, Total time 1.13
validation split name: 11
 * Val Acc 85.561, Total time 6.65
validation split name: 12
 * Val Acc 76.336, Total time 1.14
validation split name: 13
 * Val Acc 93.836, Total time 6.67
validation split name: 14
 * Val Acc 71.795, Total time 0.94
validation split name: 15
 * Val Acc 95.511, Total time 6.67
validation split name: 16
 * Val Acc 83.887, Total time 3.71
=> Load Done
validation split name: 1
 * Val Acc 71.467, Total time 6.64
validation split name: 2
 * Val Acc 69.054, Total time 2.05
validation split name: 3
 * Val Acc 83.700, Total time 6.66
validation split name: 4
 * Val Acc 60.381, Total time 5.21
validation split name: 5
 * Val Acc 82.800, Total time 6.84
validation split name: 6
 * Val Acc 72.973, Total time 2.47
validation split name: 7
 * Val Acc 74.433, Total time 6.65
validation split name: 8
 * Val Acc 59.545, Total time 1.34
validation split name: 9
 * Val Acc 76.800, Total time 6.64
validation split name: 10
 * Val Acc 51.235, Total time 1.18
validation split name: 11
 * Val Acc 90.567, Total time 6.96
validation split name: 12
 * Val Acc 68.702, Total time 1.01
validation split name: 13
 * Val Acc 95.200, Total time 6.72
validation split name: 14
 * Val Acc 62.393, Total time 0.92
validation split name: 15
 * Val Acc 97.467, Total time 6.68
validation split name: 16
 * Val Acc 80.818, Total time 3.68
validation split name: 17
 * Val Acc 96.600, Total time 6.82
validation split name: 1
 * Val Acc 71.625, Total time 6.61
validation split name: 2
 * Val Acc 69.054, Total time 1.94
validation split name: 3
 * Val Acc 83.752, Total time 6.64
validation split name: 4
 * Val Acc 60.381, Total time 4.46
validation split name: 5
 * Val Acc 82.881, Total time 6.65
validation split name: 6
 * Val Acc 72.973, Total time 2.34
validation split name: 7
 * Val Acc 74.439, Total time 6.72
validation split name: 8
 * Val Acc 59.545, Total time 1.29
validation split name: 9
 * Val Acc 76.918, Total time 6.63
validation split name: 10
 * Val Acc 51.235, Total time 1.08
validation split name: 11
 * Val Acc 90.586, Total time 6.69
validation split name: 12
 * Val Acc 68.702, Total time 1.34
validation split name: 13
 * Val Acc 95.209, Total time 6.72
validation split name: 14
 * Val Acc 62.393, Total time 0.96
validation split name: 15
 * Val Acc 97.487, Total time 6.75
validation split name: 16
 * Val Acc 80.818, Total time 3.71
validation split name: 17
 * Val Acc 96.616, Total time 6.73
=> Load Done
validation split name: 1
 * Val Acc 67.933, Total time 6.70
validation split name: 2
 * Val Acc 65.217, Total time 2.01
validation split name: 3
 * Val Acc 76.600, Total time 6.68
validation split name: 4
 * Val Acc 53.333, Total time 4.64
validation split name: 5
 * Val Acc 74.333, Total time 6.67
validation split name: 6
 * Val Acc 72.804, Total time 2.43
validation split name: 7
 * Val Acc 67.700, Total time 6.63
validation split name: 8
 * Val Acc 56.818, Total time 1.35
validation split name: 9
 * Val Acc 70.700, Total time 6.68
validation split name: 10
 * Val Acc 58.025, Total time 1.16
validation split name: 11
 * Val Acc 81.300, Total time 6.67
validation split name: 12
 * Val Acc 70.992, Total time 1.05
validation split name: 13
 * Val Acc 92.833, Total time 6.62
validation split name: 14
 * Val Acc 56.410, Total time 1.04
validation split name: 15
 * Val Acc 93.000, Total time 6.75
validation split name: 16
 * Val Acc 76.598, Total time 3.76
validation split name: 17
 * Val Acc 89.333, Total time 6.68
validation split name: 18
 * Val Acc 81.032, Total time 7.78
validation split name: 1
 * Val Acc 68.007, Total time 6.67
validation split name: 2
 * Val Acc 65.217, Total time 1.98
validation split name: 3
 * Val Acc 76.583, Total time 6.86
validation split name: 4
 * Val Acc 53.333, Total time 4.42
validation split name: 5
 * Val Acc 74.405, Total time 6.81
validation split name: 6
 * Val Acc 72.804, Total time 2.48
validation split name: 7
 * Val Acc 67.672, Total time 6.89
validation split name: 8
 * Val Acc 56.818, Total time 1.34
validation split name: 9
 * Val Acc 70.787, Total time 6.62
validation split name: 10
 * Val Acc 58.025, Total time 1.13
validation split name: 11
 * Val Acc 81.206, Total time 6.70
validation split name: 12
 * Val Acc 70.992, Total time 0.96
validation split name: 13
 * Val Acc 92.797, Total time 6.70
validation split name: 14
 * Val Acc 56.410, Total time 0.93
validation split name: 15
 * Val Acc 92.998, Total time 6.88
validation split name: 16
 * Val Acc 76.598, Total time 3.69
validation split name: 17
 * Val Acc 89.313, Total time 6.71
validation split name: 18
 * Val Acc 80.964, Total time 8.68
=> Load Done
validation split name: 1
 * Val Acc 68.400, Total time 6.78
validation split name: 2
 * Val Acc 68.286, Total time 1.92
validation split name: 3
 * Val Acc 79.633, Total time 6.63
validation split name: 4
 * Val Acc 57.143, Total time 4.26
validation split name: 5
 * Val Acc 76.667, Total time 6.73
validation split name: 6
 * Val Acc 72.973, Total time 2.29
validation split name: 7
 * Val Acc 69.333, Total time 6.83
validation split name: 8
 * Val Acc 57.727, Total time 1.43
validation split name: 9
 * Val Acc 72.033, Total time 6.73
validation split name: 10
 * Val Acc 56.173, Total time 1.21
validation split name: 11
 * Val Acc 87.500, Total time 6.66
validation split name: 12
 * Val Acc 70.229, Total time 1.03
validation split name: 13
 * Val Acc 95.567, Total time 6.67
validation split name: 14
 * Val Acc 63.248, Total time 0.92
validation split name: 15
 * Val Acc 95.733, Total time 6.71
validation split name: 16
 * Val Acc 78.133, Total time 3.73
validation split name: 17
 * Val Acc 93.700, Total time 6.65
validation split name: 18
 * Val Acc 73.134, Total time 8.64
validation split name: 19
 * Val Acc 94.267, Total time 6.95
validation split name: 1
 * Val Acc 68.509, Total time 6.64
validation split name: 2
 * Val Acc 68.286, Total time 1.97
validation split name: 3
 * Val Acc 79.631, Total time 6.84
validation split name: 4
 * Val Acc 57.143, Total time 4.74
validation split name: 5
 * Val Acc 76.683, Total time 7.08
validation split name: 6
 * Val Acc 72.973, Total time 2.24
validation split name: 7
 * Val Acc 69.347, Total time 6.65
validation split name: 8
 * Val Acc 57.727, Total time 1.35
validation split name: 9
 * Val Acc 72.194, Total time 6.68
validation split name: 10
 * Val Acc 56.173, Total time 1.56
validation split name: 11
 * Val Acc 87.471, Total time 6.88
validation split name: 12
 * Val Acc 70.229, Total time 1.03
validation split name: 13
 * Val Acc 95.578, Total time 6.76
validation split name: 14
 * Val Acc 63.248, Total time 0.92
validation split name: 15
 * Val Acc 95.712, Total time 6.70
validation split name: 16
 * Val Acc 78.133, Total time 3.82
validation split name: 17
 * Val Acc 93.702, Total time 6.78
validation split name: 18
 * Val Acc 73.012, Total time 7.51
validation split name: 19
 * Val Acc 94.271, Total time 7.26
=> Load Done
validation split name: 1
 * Val Acc 59.833, Total time 6.70
validation split name: 2
 * Val Acc 66.496, Total time 2.17
validation split name: 3
 * Val Acc 74.800, Total time 6.77
validation split name: 4
 * Val Acc 62.190, Total time 4.30
validation split name: 5
 * Val Acc 73.567, Total time 6.80
validation split name: 6
 * Val Acc 72.297, Total time 2.27
validation split name: 7
 * Val Acc 66.300, Total time 6.69
validation split name: 8
 * Val Acc 65.455, Total time 1.37
validation split name: 9
 * Val Acc 68.600, Total time 6.68
validation split name: 10
 * Val Acc 62.963, Total time 1.52
validation split name: 11
 * Val Acc 82.500, Total time 6.98
validation split name: 12
 * Val Acc 73.282, Total time 1.10
validation split name: 13
 * Val Acc 93.067, Total time 6.63
validation split name: 14
 * Val Acc 67.521, Total time 0.89
validation split name: 15
 * Val Acc 93.633, Total time 6.65
validation split name: 16
 * Val Acc 80.435, Total time 3.68
validation split name: 17
 * Val Acc 91.700, Total time 6.73
validation split name: 18
 * Val Acc 62.002, Total time 7.57
validation split name: 19
 * Val Acc 91.700, Total time 6.75
validation split name: 20
 * Val Acc 69.072, Total time 0.87
validation split name: 1
 * Val Acc 59.966, Total time 6.63
validation split name: 2
 * Val Acc 66.496, Total time 2.08
validation split name: 3
 * Val Acc 74.740, Total time 6.70
validation split name: 4
 * Val Acc 62.190, Total time 4.75
validation split name: 5
 * Val Acc 73.568, Total time 6.70
validation split name: 6
 * Val Acc 72.297, Total time 2.35
validation split name: 7
 * Val Acc 66.332, Total time 6.66
validation split name: 8
 * Val Acc 65.455, Total time 1.36
validation split name: 9
 * Val Acc 68.710, Total time 6.71
validation split name: 10
 * Val Acc 62.963, Total time 1.22
validation split name: 11
 * Val Acc 82.446, Total time 6.70
validation split name: 12
 * Val Acc 73.282, Total time 1.04
validation split name: 13
 * Val Acc 93.065, Total time 6.72
validation split name: 14
 * Val Acc 67.521, Total time 0.98
validation split name: 15
 * Val Acc 93.601, Total time 6.74
validation split name: 16
 * Val Acc 80.435, Total time 3.81
validation split name: 17
 * Val Acc 91.692, Total time 6.75
validation split name: 18
 * Val Acc 61.866, Total time 7.93
validation split name: 19
 * Val Acc 91.658, Total time 6.84
validation split name: 20
 * Val Acc 69.072, Total time 0.91
=> Load Done
validation split name: 1
 * Val Acc 65.767, Total time 6.80
validation split name: 2
 * Val Acc 68.798, Total time 2.11
validation split name: 3
 * Val Acc 79.267, Total time 6.90
validation split name: 4
 * Val Acc 59.714, Total time 4.92
validation split name: 5
 * Val Acc 75.900, Total time 6.65
validation split name: 6
 * Val Acc 72.635, Total time 2.34
validation split name: 7
 * Val Acc 67.700, Total time 6.73
validation split name: 8
 * Val Acc 61.818, Total time 1.38
validation split name: 9
 * Val Acc 71.467, Total time 6.71
validation split name: 10
 * Val Acc 59.259, Total time 1.13
validation split name: 11
 * Val Acc 87.333, Total time 6.74
validation split name: 12
 * Val Acc 70.992, Total time 1.37
validation split name: 13
 * Val Acc 96.100, Total time 6.72
validation split name: 14
 * Val Acc 58.974, Total time 1.08
validation split name: 15
 * Val Acc 96.000, Total time 6.73
validation split name: 16
 * Val Acc 79.540, Total time 3.59
validation split name: 17
 * Val Acc 94.233, Total time 6.71
validation split name: 18
 * Val Acc 68.781, Total time 7.51
validation split name: 19
 * Val Acc 95.967, Total time 7.13
validation split name: 20
 * Val Acc 56.701, Total time 0.87
validation split name: 21
 * Val Acc 91.567, Total time 6.83
validation split name: 1
 * Val Acc 65.930, Total time 6.68
validation split name: 2
 * Val Acc 68.798, Total time 2.16
validation split name: 3
 * Val Acc 79.296, Total time 6.68
validation split name: 4
 * Val Acc 59.714, Total time 4.34
validation split name: 5
 * Val Acc 76.013, Total time 6.66
validation split name: 6
 * Val Acc 72.635, Total time 2.58
validation split name: 7
 * Val Acc 67.739, Total time 6.80
validation split name: 8
 * Val Acc 61.818, Total time 1.33
validation split name: 9
 * Val Acc 71.625, Total time 6.70
validation split name: 10
 * Val Acc 59.259, Total time 1.21
validation split name: 11
 * Val Acc 87.303, Total time 6.64
validation split name: 12
 * Val Acc 70.992, Total time 1.03
validation split name: 13
 * Val Acc 96.080, Total time 6.69
validation split name: 14
 * Val Acc 58.974, Total time 0.99
validation split name: 15
 * Val Acc 95.980, Total time 6.78
validation split name: 16
 * Val Acc 79.540, Total time 3.62
validation split name: 17
 * Val Acc 94.204, Total time 6.66
validation split name: 18
 * Val Acc 68.629, Total time 7.58
validation split name: 19
 * Val Acc 95.946, Total time 7.67
validation split name: 20
 * Val Acc 56.701, Total time 0.84
validation split name: 21
 * Val Acc 91.591, Total time 7.11
=> Load Done
validation split name: 1
 * Val Acc 63.400, Total time 6.67
validation split name: 2
 * Val Acc 70.844, Total time 2.12
validation split name: 3
 * Val Acc 75.267, Total time 6.75
validation split name: 4
 * Val Acc 63.905, Total time 4.93
validation split name: 5
 * Val Acc 72.800, Total time 6.63
validation split name: 6
 * Val Acc 73.480, Total time 2.48
validation split name: 7
 * Val Acc 63.500, Total time 6.77
validation split name: 8
 * Val Acc 64.091, Total time 1.27
validation split name: 9
 * Val Acc 68.633, Total time 6.73
validation split name: 10
 * Val Acc 58.025, Total time 1.15
validation split name: 11
 * Val Acc 81.100, Total time 6.80
validation split name: 12
 * Val Acc 70.229, Total time 1.04
validation split name: 13
 * Val Acc 94.667, Total time 6.68
validation split name: 14
 * Val Acc 73.504, Total time 0.94
validation split name: 15
 * Val Acc 93.800, Total time 6.69
validation split name: 16
 * Val Acc 83.248, Total time 3.56
validation split name: 17
 * Val Acc 92.700, Total time 6.78
validation split name: 18
 * Val Acc 61.505, Total time 8.27
validation split name: 19
 * Val Acc 93.700, Total time 6.99
validation split name: 20
 * Val Acc 57.732, Total time 1.11
validation split name: 21
 * Val Acc 87.333, Total time 9.59
validation split name: 22
 * Val Acc 77.133, Total time 1.68
validation split name: 1
 * Val Acc 63.585, Total time 6.82
validation split name: 2
 * Val Acc 70.844, Total time 2.08
validation split name: 3
 * Val Acc 75.343, Total time 6.75
validation split name: 4
 * Val Acc 63.905, Total time 4.49
validation split name: 5
 * Val Acc 72.931, Total time 6.96
validation split name: 6
 * Val Acc 73.480, Total time 2.42
validation split name: 7
 * Val Acc 63.618, Total time 6.72
validation split name: 8
 * Val Acc 64.091, Total time 1.32
validation split name: 9
 * Val Acc 68.710, Total time 6.65
validation split name: 10
 * Val Acc 58.025, Total time 1.20
validation split name: 11
 * Val Acc 81.005, Total time 6.68
validation split name: 12
 * Val Acc 70.229, Total time 1.05
validation split name: 13
 * Val Acc 94.673, Total time 6.73
validation split name: 14
 * Val Acc 73.504, Total time 1.08
validation split name: 15
 * Val Acc 93.769, Total time 6.99
validation split name: 16
 * Val Acc 83.248, Total time 3.56
validation split name: 17
 * Val Acc 92.663, Total time 6.68
validation split name: 18
 * Val Acc 61.365, Total time 7.55
validation split name: 19
 * Val Acc 93.668, Total time 6.73
validation split name: 20
 * Val Acc 57.732, Total time 0.93
validation split name: 21
 * Val Acc 87.337, Total time 6.93
validation split name: 22
 * Val Acc 77.133, Total time 1.91
=> Load Done
validation split name: 1
 * Val Acc 66.167, Total time 6.63
validation split name: 2
 * Val Acc 68.031, Total time 2.03
validation split name: 3
 * Val Acc 78.533, Total time 6.68
validation split name: 4
 * Val Acc 61.048, Total time 4.37
validation split name: 5
 * Val Acc 74.933, Total time 6.65
validation split name: 6
 * Val Acc 73.818, Total time 2.19
validation split name: 7
 * Val Acc 66.533, Total time 6.85
validation split name: 8
 * Val Acc 62.273, Total time 1.35
validation split name: 9
 * Val Acc 68.000, Total time 6.66
validation split name: 10
 * Val Acc 58.642, Total time 1.10
validation split name: 11
 * Val Acc 85.500, Total time 6.71
validation split name: 12
 * Val Acc 68.702, Total time 1.04
validation split name: 13
 * Val Acc 96.100, Total time 6.72
validation split name: 14
 * Val Acc 64.957, Total time 0.98
validation split name: 15
 * Val Acc 95.733, Total time 6.78
validation split name: 16
 * Val Acc 80.563, Total time 3.55
validation split name: 17
 * Val Acc 93.733, Total time 6.71
validation split name: 18
 * Val Acc 68.843, Total time 8.99
validation split name: 19
 * Val Acc 97.500, Total time 7.08
validation split name: 20
 * Val Acc 54.639, Total time 0.86
validation split name: 21
 * Val Acc 93.200, Total time 6.94
validation split name: 22
 * Val Acc 69.625, Total time 1.64
validation split name: 23
 * Val Acc 93.700, Total time 7.11
validation split name: 1
 * Val Acc 66.365, Total time 8.75
validation split name: 2
 * Val Acc 68.031, Total time 2.07
validation split name: 3
 * Val Acc 78.626, Total time 6.62
validation split name: 4
 * Val Acc 61.048, Total time 4.80
validation split name: 5
 * Val Acc 75.042, Total time 6.72
validation split name: 6
 * Val Acc 73.818, Total time 2.70
validation split name: 7
 * Val Acc 66.600, Total time 6.70
validation split name: 8
 * Val Acc 62.273, Total time 1.35
validation split name: 9
 * Val Acc 68.107, Total time 6.87
validation split name: 10
 * Val Acc 58.642, Total time 1.17
validation split name: 11
 * Val Acc 85.494, Total time 6.68
validation split name: 12
 * Val Acc 68.702, Total time 0.98
validation split name: 13
 * Val Acc 96.114, Total time 6.69
validation split name: 14
 * Val Acc 64.957, Total time 0.91
validation split name: 15
 * Val Acc 95.745, Total time 6.89
validation split name: 16
 * Val Acc 80.563, Total time 3.52
validation split name: 17
 * Val Acc 93.735, Total time 6.81
validation split name: 18
 * Val Acc 68.754, Total time 7.13
validation split name: 19
 * Val Acc 97.487, Total time 6.94
validation split name: 20
 * Val Acc 54.639, Total time 0.88
validation split name: 21
 * Val Acc 93.199, Total time 8.23
validation split name: 22
 * Val Acc 69.625, Total time 2.03
validation split name: 23
 * Val Acc 93.769, Total time 7.39
=> Load Done
validation split name: 1
 * Val Acc 63.000, Total time 6.79
validation split name: 2
 * Val Acc 69.565, Total time 2.33
validation split name: 3
 * Val Acc 74.233, Total time 6.72
validation split name: 4
 * Val Acc 64.571, Total time 4.62
validation split name: 5
 * Val Acc 71.633, Total time 6.75
validation split name: 6
 * Val Acc 75.507, Total time 2.25
validation split name: 7
 * Val Acc 66.167, Total time 6.71
validation split name: 8
 * Val Acc 58.636, Total time 1.41
validation split name: 9
 * Val Acc 62.867, Total time 7.17
validation split name: 10
 * Val Acc 61.111, Total time 1.16
validation split name: 11
 * Val Acc 78.267, Total time 6.71
validation split name: 12
 * Val Acc 67.939, Total time 1.06
validation split name: 13
 * Val Acc 95.467, Total time 6.76
validation split name: 14
 * Val Acc 64.957, Total time 0.91
validation split name: 15
 * Val Acc 94.200, Total time 6.78
validation split name: 16
 * Val Acc 80.946, Total time 4.10
validation split name: 17
 * Val Acc 91.867, Total time 6.65
validation split name: 18
 * Val Acc 68.905, Total time 7.17
validation split name: 19
 * Val Acc 94.800, Total time 7.08
validation split name: 20
 * Val Acc 55.670, Total time 0.98
validation split name: 21
 * Val Acc 89.033, Total time 7.01
validation split name: 22
 * Val Acc 66.553, Total time 1.61
validation split name: 23
 * Val Acc 89.733, Total time 6.67
validation split name: 24
 * Val Acc 89.034, Total time 13.16
validation split name: 1
 * Val Acc 63.015, Total time 6.68
validation split name: 2
 * Val Acc 69.565, Total time 2.03
validation split name: 3
 * Val Acc 74.171, Total time 6.83
validation split name: 4
 * Val Acc 64.571, Total time 4.45
validation split name: 5
 * Val Acc 71.658, Total time 6.67
validation split name: 6
 * Val Acc 75.507, Total time 2.31
validation split name: 7
 * Val Acc 66.097, Total time 7.08
validation split name: 8
 * Val Acc 58.636, Total time 1.58
validation split name: 9
 * Val Acc 63.049, Total time 6.66
validation split name: 10
 * Val Acc 61.111, Total time 1.17
validation split name: 11
 * Val Acc 78.224, Total time 6.69
validation split name: 12
 * Val Acc 67.939, Total time 1.04
validation split name: 13
 * Val Acc 95.511, Total time 6.78
validation split name: 14
 * Val Acc 64.957, Total time 0.86
validation split name: 15
 * Val Acc 94.238, Total time 6.65
validation split name: 16
 * Val Acc 80.946, Total time 3.76
validation split name: 17
 * Val Acc 91.960, Total time 6.87
validation split name: 18
 * Val Acc 68.817, Total time 7.11
validation split name: 19
 * Val Acc 94.841, Total time 6.73
validation split name: 20
 * Val Acc 55.670, Total time 0.88
validation split name: 21
 * Val Acc 89.179, Total time 6.85
validation split name: 22
 * Val Acc 66.553, Total time 1.78
validation split name: 23
 * Val Acc 89.950, Total time 6.84
validation split name: 24
 * Val Acc 89.206, Total time 12.51
=> Load Done
validation split name: 1
 * Val Acc 68.200, Total time 6.70
validation split name: 2
 * Val Acc 71.355, Total time 2.11
validation split name: 3
 * Val Acc 73.800, Total time 6.87
validation split name: 4
 * Val Acc 62.952, Total time 4.81
validation split name: 5
 * Val Acc 76.267, Total time 6.73
validation split name: 6
 * Val Acc 75.676, Total time 2.29
validation split name: 7
 * Val Acc 68.300, Total time 6.73
validation split name: 8
 * Val Acc 61.364, Total time 1.23
validation split name: 9
 * Val Acc 71.900, Total time 6.68
validation split name: 10
 * Val Acc 60.494, Total time 1.14
validation split name: 11
 * Val Acc 81.933, Total time 7.04
validation split name: 12
 * Val Acc 70.992, Total time 1.05
validation split name: 13
 * Val Acc 96.600, Total time 6.65
validation split name: 14
 * Val Acc 60.684, Total time 0.86
validation split name: 15
 * Val Acc 94.867, Total time 6.72
validation split name: 16
 * Val Acc 80.691, Total time 3.97
validation split name: 17
 * Val Acc 92.267, Total time 6.91
validation split name: 18
 * Val Acc 69.963, Total time 7.08
validation split name: 19
 * Val Acc 95.000, Total time 6.82
validation split name: 20
 * Val Acc 50.515, Total time 0.85
validation split name: 21
 * Val Acc 89.633, Total time 7.01
validation split name: 22
 * Val Acc 66.212, Total time 1.64
validation split name: 23
 * Val Acc 89.467, Total time 7.62
validation split name: 24
 * Val Acc 86.350, Total time 14.12
validation split name: 25
 * Val Acc 92.033, Total time 6.70
validation split name: 1
 * Val Acc 68.409, Total time 6.66
validation split name: 2
 * Val Acc 71.355, Total time 2.27
validation split name: 3
 * Val Acc 73.769, Total time 6.84
validation split name: 4
 * Val Acc 62.952, Total time 5.24
validation split name: 5
 * Val Acc 76.315, Total time 6.68
validation split name: 6
 * Val Acc 75.676, Total time 2.64
validation split name: 7
 * Val Acc 68.409, Total time 6.74
validation split name: 8
 * Val Acc 61.364, Total time 1.25
validation split name: 9
 * Val Acc 72.161, Total time 6.80
validation split name: 10
 * Val Acc 60.494, Total time 1.05
validation split name: 11
 * Val Acc 81.876, Total time 6.66
validation split name: 12
 * Val Acc 70.992, Total time 1.02
validation split name: 13
 * Val Acc 96.583, Total time 6.67
validation split name: 14
 * Val Acc 60.684, Total time 0.93
validation split name: 15
 * Val Acc 94.874, Total time 7.06
validation split name: 16
 * Val Acc 80.691, Total time 3.43
validation split name: 17
 * Val Acc 92.362, Total time 6.68
validation split name: 18
 * Val Acc 69.881, Total time 7.68
validation split name: 19
 * Val Acc 95.008, Total time 6.70
validation split name: 20
 * Val Acc 50.515, Total time 0.84
validation split name: 21
 * Val Acc 89.849, Total time 6.72
validation split name: 22
 * Val Acc 66.212, Total time 1.64
validation split name: 23
 * Val Acc 89.648, Total time 7.04
validation split name: 24
 * Val Acc 86.353, Total time 12.45
validation split name: 25
 * Val Acc 91.993, Total time 6.73
=> Load Done
validation split name: 1
 * Val Acc 58.167, Total time 6.67
validation split name: 2
 * Val Acc 70.588, Total time 2.07
validation split name: 3
 * Val Acc 68.133, Total time 6.73
validation split name: 4
 * Val Acc 60.095, Total time 4.72
validation split name: 5
 * Val Acc 70.500, Total time 6.73
validation split name: 6
 * Val Acc 73.142, Total time 2.93
validation split name: 7
 * Val Acc 59.633, Total time 6.75
validation split name: 8
 * Val Acc 66.818, Total time 1.32
validation split name: 9
 * Val Acc 64.200, Total time 6.89
validation split name: 10
 * Val Acc 60.494, Total time 1.06
validation split name: 11
 * Val Acc 75.067, Total time 7.02
validation split name: 12
 * Val Acc 71.756, Total time 0.99
validation split name: 13
 * Val Acc 93.300, Total time 6.89
validation split name: 14
 * Val Acc 58.974, Total time 1.17
validation split name: 15
 * Val Acc 89.633, Total time 6.79
validation split name: 16
 * Val Acc 82.097, Total time 4.02
validation split name: 17
 * Val Acc 87.467, Total time 6.98
validation split name: 18
 * Val Acc 66.418, Total time 7.12
validation split name: 19
 * Val Acc 92.333, Total time 6.83
validation split name: 20
 * Val Acc 57.732, Total time 1.08
validation split name: 21
 * Val Acc 84.767, Total time 7.28
validation split name: 22
 * Val Acc 67.235, Total time 1.79
validation split name: 23
 * Val Acc 85.400, Total time 6.97
validation split name: 24
 * Val Acc 82.975, Total time 12.36
validation split name: 25
 * Val Acc 86.367, Total time 6.89
validation split name: 26
 * Val Acc 73.546, Total time 2.67
validation split name: 1
 * Val Acc 58.392, Total time 6.75
validation split name: 2
 * Val Acc 70.588, Total time 2.58
validation split name: 3
 * Val Acc 68.174, Total time 6.68
validation split name: 4
 * Val Acc 60.095, Total time 4.65
validation split name: 5
 * Val Acc 70.586, Total time 6.73
validation split name: 6
 * Val Acc 73.142, Total time 2.40
validation split name: 7
 * Val Acc 59.799, Total time 6.71
validation split name: 8
 * Val Acc 66.818, Total time 1.42
validation split name: 9
 * Val Acc 64.422, Total time 6.66
validation split name: 10
 * Val Acc 60.494, Total time 1.10
validation split name: 11
 * Val Acc 75.008, Total time 7.33
validation split name: 12
 * Val Acc 71.756, Total time 1.03
validation split name: 13
 * Val Acc 93.333, Total time 6.63
validation split name: 14
 * Val Acc 58.974, Total time 0.91
validation split name: 15
 * Val Acc 89.615, Total time 6.67
validation split name: 16
 * Val Acc 82.097, Total time 3.52
validation split name: 17
 * Val Acc 87.571, Total time 6.71
validation split name: 18
 * Val Acc 66.374, Total time 7.05
validation split name: 19
 * Val Acc 92.362, Total time 6.91
validation split name: 20
 * Val Acc 57.732, Total time 0.88
validation split name: 21
 * Val Acc 84.992, Total time 8.01
validation split name: 22
 * Val Acc 67.235, Total time 1.59
validation split name: 23
 * Val Acc 85.628, Total time 6.82
validation split name: 24
 * Val Acc 83.192, Total time 12.31
validation split name: 25
 * Val Acc 86.365, Total time 6.66
validation split name: 26
 * Val Acc 73.546, Total time 2.62
=> Load Done
validation split name: 1
 * Val Acc 69.533, Total time 7.01
validation split name: 2
 * Val Acc 71.100, Total time 2.08
validation split name: 3
 * Val Acc 77.100, Total time 6.64
validation split name: 4
 * Val Acc 63.714, Total time 4.63
validation split name: 5
 * Val Acc 79.000, Total time 6.69
validation split name: 6
 * Val Acc 76.182, Total time 2.51
validation split name: 7
 * Val Acc 67.967, Total time 6.74
validation split name: 8
 * Val Acc 64.545, Total time 1.32
validation split name: 9
 * Val Acc 67.500, Total time 6.84
validation split name: 10
 * Val Acc 61.728, Total time 1.10
validation split name: 11
 * Val Acc 84.600, Total time 6.69
validation split name: 12
 * Val Acc 70.992, Total time 0.97
validation split name: 13
 * Val Acc 96.633, Total time 6.69
validation split name: 14
 * Val Acc 64.957, Total time 0.90
validation split name: 15
 * Val Acc 95.700, Total time 6.69
validation split name: 16
 * Val Acc 81.586, Total time 3.43
validation split name: 17
 * Val Acc 95.900, Total time 6.71
validation split name: 18
 * Val Acc 70.087, Total time 6.90
validation split name: 19
 * Val Acc 95.567, Total time 6.73
validation split name: 20
 * Val Acc 58.763, Total time 0.82
validation split name: 21
 * Val Acc 90.300, Total time 6.66
validation split name: 22
 * Val Acc 66.894, Total time 1.65
validation split name: 23
 * Val Acc 89.933, Total time 7.53
validation split name: 24
 * Val Acc 85.429, Total time 12.52
validation split name: 25
 * Val Acc 90.333, Total time 6.68
validation split name: 26
 * Val Acc 61.726, Total time 2.64
validation split name: 27
 * Val Acc 93.167, Total time 6.67
validation split name: 1
 * Val Acc 69.648, Total time 6.82
validation split name: 2
 * Val Acc 71.100, Total time 2.06
validation split name: 3
 * Val Acc 77.219, Total time 6.65
validation split name: 4
 * Val Acc 63.714, Total time 4.60
validation split name: 5
 * Val Acc 79.129, Total time 6.67
validation split name: 6
 * Val Acc 76.182, Total time 2.38
validation split name: 7
 * Val Acc 68.040, Total time 6.70
validation split name: 8
 * Val Acc 64.545, Total time 1.33
validation split name: 9
 * Val Acc 67.705, Total time 6.72
validation split name: 10
 * Val Acc 61.728, Total time 1.31
validation split name: 11
 * Val Acc 84.556, Total time 6.68
validation split name: 12
 * Val Acc 70.992, Total time 0.99
validation split name: 13
 * Val Acc 96.616, Total time 6.85
validation split name: 14
 * Val Acc 64.957, Total time 0.90
validation split name: 15
 * Val Acc 95.712, Total time 6.73
validation split name: 16
 * Val Acc 81.586, Total time 3.38
validation split name: 17
 * Val Acc 95.879, Total time 6.72
validation split name: 18
 * Val Acc 70.069, Total time 6.96
validation split name: 19
 * Val Acc 95.544, Total time 6.71
validation split name: 20
 * Val Acc 58.763, Total time 0.88
validation split name: 21
 * Val Acc 90.452, Total time 6.73
validation split name: 22
 * Val Acc 66.894, Total time 1.73
validation split name: 23
 * Val Acc 90.117, Total time 6.81
validation split name: 24
 * Val Acc 85.428, Total time 12.26
validation split name: 25
 * Val Acc 90.352, Total time 6.71
validation split name: 26
 * Val Acc 61.726, Total time 2.65
validation split name: 27
 * Val Acc 93.166, Total time 6.74
=> Load Done
validation split name: 1
 * Val Acc 66.067, Total time 6.71
validation split name: 2
 * Val Acc 74.169, Total time 2.46
validation split name: 3
 * Val Acc 73.367, Total time 6.71
validation split name: 4
 * Val Acc 66.095, Total time 4.72
validation split name: 5
 * Val Acc 77.800, Total time 6.70
validation split name: 6
 * Val Acc 74.662, Total time 2.47
validation split name: 7
 * Val Acc 65.933, Total time 6.75
validation split name: 8
 * Val Acc 68.182, Total time 1.34
validation split name: 9
 * Val Acc 65.367, Total time 6.69
validation split name: 10
 * Val Acc 64.815, Total time 1.15
validation split name: 11
 * Val Acc 80.833, Total time 6.82
validation split name: 12
 * Val Acc 77.863, Total time 1.01
validation split name: 13
 * Val Acc 94.700, Total time 6.72
validation split name: 14
 * Val Acc 70.940, Total time 0.90
validation split name: 15
 * Val Acc 94.200, Total time 6.64
validation split name: 16
 * Val Acc 82.353, Total time 3.58
validation split name: 17
 * Val Acc 92.967, Total time 6.86
validation split name: 18
 * Val Acc 63.495, Total time 7.16
validation split name: 19
 * Val Acc 92.967, Total time 6.89
validation split name: 20
 * Val Acc 65.979, Total time 0.84
validation split name: 21
 * Val Acc 86.567, Total time 6.72
validation split name: 22
 * Val Acc 73.379, Total time 1.62
validation split name: 23
 * Val Acc 86.167, Total time 6.78
validation split name: 24
 * Val Acc 83.052, Total time 13.29
validation split name: 25
 * Val Acc 88.800, Total time 6.69
validation split name: 26
 * Val Acc 63.227, Total time 2.98
validation split name: 27
 * Val Acc 88.900, Total time 6.68
validation split name: 28
 * Val Acc 75.648, Total time 2.07
validation split name: 1
 * Val Acc 66.265, Total time 6.69
validation split name: 2
 * Val Acc 74.169, Total time 2.52
validation split name: 3
 * Val Acc 73.467, Total time 6.64
validation split name: 4
 * Val Acc 66.095, Total time 5.10
validation split name: 5
 * Val Acc 78.023, Total time 7.11
validation split name: 6
 * Val Acc 74.662, Total time 2.63
validation split name: 7
 * Val Acc 66.064, Total time 6.76
validation split name: 8
 * Val Acc 68.182, Total time 1.89
validation split name: 9
 * Val Acc 65.561, Total time 7.21
validation split name: 10
 * Val Acc 64.815, Total time 1.29
validation split name: 11
 * Val Acc 80.771, Total time 6.75
validation split name: 12
 * Val Acc 77.863, Total time 1.12
validation split name: 13
 * Val Acc 94.707, Total time 6.77
validation split name: 14
 * Val Acc 70.940, Total time 1.06
validation split name: 15
 * Val Acc 94.238, Total time 19.78
validation split name: 16
 * Val Acc 82.353, Total time 4.96
validation split name: 17
 * Val Acc 92.965, Total time 14.92
validation split name: 18
 * Val Acc 63.431, Total time 13.52
validation split name: 19
 * Val Acc 92.965, Total time 8.93
validation split name: 20
 * Val Acc 65.979, Total time 1.09
validation split name: 21
 * Val Acc 86.667, Total time 7.75
validation split name: 22
 * Val Acc 73.379, Total time 1.80
validation split name: 23
 * Val Acc 86.298, Total time 8.13
validation split name: 24
 * Val Acc 82.961, Total time 22.03
validation split name: 25
 * Val Acc 88.811, Total time 6.66
validation split name: 26
 * Val Acc 63.227, Total time 2.61
validation split name: 27
 * Val Acc 89.012, Total time 6.67
validation split name: 28
 * Val Acc 75.648, Total time 2.02
=> Load Done
validation split name: 1
 * Val Acc 64.900, Total time 6.65
validation split name: 2
 * Val Acc 69.821, Total time 2.04
validation split name: 3
 * Val Acc 73.500, Total time 6.67
validation split name: 4
 * Val Acc 63.429, Total time 4.57
validation split name: 5
 * Val Acc 74.100, Total time 6.71
validation split name: 6
 * Val Acc 75.338, Total time 2.39
validation split name: 7
 * Val Acc 65.800, Total time 6.73
validation split name: 8
 * Val Acc 63.636, Total time 1.36
validation split name: 9
 * Val Acc 65.933, Total time 6.75
validation split name: 10
 * Val Acc 63.580, Total time 1.22
validation split name: 11
 * Val Acc 85.167, Total time 6.70
validation split name: 12
 * Val Acc 70.229, Total time 1.07
validation split name: 13
 * Val Acc 95.767, Total time 6.69
validation split name: 14
 * Val Acc 64.103, Total time 0.97
validation split name: 15
 * Val Acc 94.867, Total time 6.80
validation split name: 16
 * Val Acc 81.586, Total time 3.61
validation split name: 17
 * Val Acc 93.233, Total time 6.72
validation split name: 18
 * Val Acc 68.035, Total time 6.70
validation split name: 19
 * Val Acc 93.933, Total time 6.78
validation split name: 20
 * Val Acc 58.763, Total time 1.09
validation split name: 21
 * Val Acc 86.433, Total time 7.46
validation split name: 22
 * Val Acc 66.553, Total time 1.50
validation split name: 23
 * Val Acc 86.133, Total time 6.88
validation split name: 24
 * Val Acc 84.279, Total time 11.98
validation split name: 25
 * Val Acc 89.667, Total time 6.70
validation split name: 26
 * Val Acc 59.475, Total time 3.44
validation split name: 27
 * Val Acc 91.667, Total time 6.66
validation split name: 28
 * Val Acc 69.430, Total time 1.99
validation split name: 29
 * Val Acc 95.800, Total time 6.71
validation split name: 1
 * Val Acc 65.025, Total time 6.91
validation split name: 2
 * Val Acc 69.821, Total time 2.03
validation split name: 3
 * Val Acc 73.568, Total time 6.68
validation split name: 4
 * Val Acc 63.429, Total time 4.53
validation split name: 5
 * Val Acc 74.238, Total time 6.63
validation split name: 6
 * Val Acc 75.338, Total time 2.48
validation split name: 7
 * Val Acc 65.930, Total time 6.72
validation split name: 8
 * Val Acc 63.636, Total time 1.35
validation split name: 9
 * Val Acc 66.097, Total time 6.67
validation split name: 10
 * Val Acc 63.580, Total time 1.25
validation split name: 11
 * Val Acc 85.092, Total time 6.74
validation split name: 12
 * Val Acc 70.229, Total time 1.05
validation split name: 13
 * Val Acc 95.745, Total time 6.90
validation split name: 14
 * Val Acc 64.103, Total time 0.94
validation split name: 15
 * Val Acc 94.841, Total time 6.81
validation split name: 16
 * Val Acc 81.586, Total time 3.51
validation split name: 17
 * Val Acc 93.199, Total time 6.69
validation split name: 18
 * Val Acc 68.003, Total time 6.86
validation split name: 19
 * Val Acc 93.903, Total time 7.26
validation split name: 20
 * Val Acc 58.763, Total time 1.10
validation split name: 21
 * Val Acc 86.566, Total time 6.88
validation split name: 22
 * Val Acc 66.553, Total time 1.66
validation split name: 23
 * Val Acc 86.198, Total time 7.02
validation split name: 24
 * Val Acc 84.271, Total time 12.17
validation split name: 25
 * Val Acc 89.715, Total time 6.76
validation split name: 26
 * Val Acc 59.475, Total time 2.64
validation split name: 27
 * Val Acc 91.692, Total time 6.74
validation split name: 28
 * Val Acc 69.430, Total time 3.00
validation split name: 29
 * Val Acc 95.812, Total time 6.73
=> Load Done
validation split name: 1
 * Val Acc 62.067, Total time 6.71
validation split name: 2
 * Val Acc 67.263, Total time 2.06
validation split name: 3
 * Val Acc 68.167, Total time 7.26
validation split name: 4
 * Val Acc 60.381, Total time 5.17
validation split name: 5
 * Val Acc 72.467, Total time 6.66
validation split name: 6
 * Val Acc 75.169, Total time 2.39
validation split name: 7
 * Val Acc 64.400, Total time 6.70
validation split name: 8
 * Val Acc 64.091, Total time 1.39
validation split name: 9
 * Val Acc 60.733, Total time 6.70
validation split name: 10
 * Val Acc 59.877, Total time 1.14
validation split name: 11
 * Val Acc 78.400, Total time 6.92
validation split name: 12
 * Val Acc 72.519, Total time 1.00
validation split name: 13
 * Val Acc 93.467, Total time 6.70
validation split name: 14
 * Val Acc 62.393, Total time 0.92
validation split name: 15
 * Val Acc 91.933, Total time 6.81
validation split name: 16
 * Val Acc 77.621, Total time 3.50
validation split name: 17
 * Val Acc 88.767, Total time 6.75
validation split name: 18
 * Val Acc 67.537, Total time 7.43
validation split name: 19
 * Val Acc 91.000, Total time 7.21
validation split name: 20
 * Val Acc 58.763, Total time 0.89
validation split name: 21
 * Val Acc 82.867, Total time 6.79
validation split name: 22
 * Val Acc 62.799, Total time 1.55
validation split name: 23
 * Val Acc 82.733, Total time 7.81
validation split name: 24
 * Val Acc 80.598, Total time 12.22
validation split name: 25
 * Val Acc 86.833, Total time 6.78
validation split name: 26
 * Val Acc 55.159, Total time 2.65
validation split name: 27
 * Val Acc 86.867, Total time 6.87
validation split name: 28
 * Val Acc 66.839, Total time 2.06
validation split name: 29
 * Val Acc 91.633, Total time 6.94
validation split name: 30
 * Val Acc 79.189, Total time 1.57
validation split name: 1
 * Val Acc 62.178, Total time 6.67
validation split name: 2
 * Val Acc 67.263, Total time 2.05
validation split name: 3
 * Val Acc 68.308, Total time 6.66
validation split name: 4
 * Val Acc 60.381, Total time 4.55
validation split name: 5
 * Val Acc 72.630, Total time 6.70
validation split name: 6
 * Val Acc 75.169, Total time 2.79
validation split name: 7
 * Val Acc 64.556, Total time 6.66
validation split name: 8
 * Val Acc 64.091, Total time 1.84
validation split name: 9
 * Val Acc 60.905, Total time 6.72
validation split name: 10
 * Val Acc 59.877, Total time 1.15
validation split name: 11
 * Val Acc 78.291, Total time 6.73
validation split name: 12
 * Val Acc 72.519, Total time 1.01
validation split name: 13
 * Val Acc 93.434, Total time 6.74
validation split name: 14
 * Val Acc 62.393, Total time 1.28
validation split name: 15
 * Val Acc 91.893, Total time 6.76
validation split name: 16
 * Val Acc 77.621, Total time 3.84
validation split name: 17
 * Val Acc 88.744, Total time 6.75
validation split name: 18
 * Val Acc 67.502, Total time 6.69
validation split name: 19
 * Val Acc 90.955, Total time 6.83
validation split name: 20
 * Val Acc 58.763, Total time 0.83
validation split name: 21
 * Val Acc 83.015, Total time 6.75
validation split name: 22
 * Val Acc 62.799, Total time 1.62
validation split name: 23
 * Val Acc 82.814, Total time 6.71
validation split name: 24
 * Val Acc 80.571, Total time 12.96
validation split name: 25
 * Val Acc 86.868, Total time 7.32
validation split name: 26
 * Val Acc 55.159, Total time 2.62
validation split name: 27
 * Val Acc 86.868, Total time 7.21
validation split name: 28
 * Val Acc 66.839, Total time 2.03
validation split name: 29
 * Val Acc 91.591, Total time 6.72
validation split name: 30
 * Val Acc 79.189, Total time 1.49
===Summary of experiment repeats: 2 / 2 ===
acc  | mean: 74.03762542186448 std: 0.28653041406393953
time  | mean: 0.39716040253639223 std: 0.0
